timestamp,elapsed_time,velocity_instant,velocity_average,acceleration,yaw_rad,yaw_deg,path_traveled,exploration_pct,2d_pct,3d_pct,explored_area_m2,explored_volume_m3,exploration_rate,avg_exploration_rate
0.000000000,0.097,0.009,0.012,0.000,-1.691,-96.896,1.117,1.076,2.152,0.000,21.08,25.58,0.000,-1.000
0.000000000,0.198,0.009,0.012,0.000,-1.691,-96.895,1.118,1.076,2.152,0.000,21.08,25.61,0.000,-1.000
0.000000000,0.298,0.009,0.012,0.000,-1.691,-96.895,1.120,1.076,2.152,0.000,21.08,25.61,0.000,-1.000
0.000000000,0.398,0.009,0.012,0.000,-1.691,-96.896,1.121,1.076,2.152,0.000,21.08,25.61,0.000,-1.000
0.000000000,0.498,0.009,0.012,0.000,-1.691,-96.897,1.123,1.076,2.152,0.000,21.08,25.61,0.000,-1.000
0.000000000,0.598,0.008,0.012,0.000,-1.691,-96.898,1.124,1.076,2.152,0.000,21.08,25.61,0.000,-1.000
0.000000000,0.698,0.008,0.012,0.000,-1.691,-96.897,1.125,1.076,2.152,0.000,21.08,25.61,0.000,-1.000
0.000000000,0.798,0.006,0.012,0.000,-1.691,-96.882,1.126,1.076,2.152,0.000,21.08,25.61,0.000,-1.000
0.000000000,0.898,0.005,0.012,0.000,-1.690,-96.815,1.128,1.076,2.152,0.000,21.08,25.61,0.000,-1.000
0.000000000,1.003,0.009,0.012,0.000,-1.688,-96.705,1.129,1.076,2.152,0.000,21.08,25.61,0.000,-1.000
0.000000000,1.099,0.017,0.012,0.000,-1.685,-96.560,1.129,1.076,2.152,0.000,21.08,25.61,0.000,-1.000
0.000000000,1.198,0.028,0.012,0.000,-1.681,-96.311,1.130,1.078,2.156,0.000,21.12,25.91,0.002,0.002
0.000000000,1.299,0.046,0.012,0.000,-1.672,-95.823,1.132,1.078,2.156,0.000,21.12,25.91,0.002,0.002
0.000000000,1.398,0.059,0.012,0.000,-1.665,-95.417,1.134,1.078,2.156,0.000,21.12,25.91,0.002,0.002
0.000000000,1.499,0.077,0.012,0.000,-1.655,-94.817,1.137,1.078,2.156,0.000,21.12,25.91,0.002,0.002
0.000000000,1.600,0.097,0.012,0.000,-1.642,-94.088,1.142,1.078,2.156,0.000,21.12,25.91,0.002,0.002
0.000000000,1.698,0.114,0.012,0.000,-1.630,-93.378,1.146,1.078,2.156,0.000,21.12,25.91,0.002,0.002
0.000000000,1.799,0.129,0.012,0.000,-1.619,-92.739,1.151,1.078,2.156,0.000,21.12,25.91,0.002,0.002
0.000000000,1.899,0.153,0.012,0.000,-1.600,-91.663,1.158,1.078,2.156,0.000,21.12,25.91,0.002,0.002
0.000000000,1.999,0.183,0.012,0.000,-1.574,-90.205,1.169,1.078,2.156,0.000,21.12,25.91,0.002,0.002
0.000000000,2.099,0.211,0.012,0.000,-1.549,-88.767,1.180,1.078,2.156,0.000,21.12,25.91,0.002,0.002
0.000000000,2.200,0.240,0.012,0.000,-1.521,-87.138,1.192,1.180,2.360,0.000,23.12,29.93,0.102,0.012
0.000000000,2.299,0.271,0.012,0.000,-1.489,-85.302,1.206,1.180,2.360,0.000,23.12,29.93,0.102,0.012
0.000000000,2.399,0.297,0.012,0.000,-1.459,-83.607,1.219,1.180,2.360,0.000,23.12,29.93,0.102,0.012
0.000000000,2.499,0.330,0.012,0.000,-1.420,-81.349,1.236,1.180,2.360,0.000,23.12,29.93,0.102,0.012
0.000000000,2.599,0.370,0.013,0.000,-1.368,-78.406,1.258,1.180,2.360,0.000,23.12,29.93,0.102,0.012
0.000000000,2.700,0.400,0.013,0.000,-1.328,-76.090,1.276,1.180,2.360,0.000,23.12,29.93,0.102,0.012
0.000000000,2.799,0.430,0.013,0.000,-1.284,-73.548,1.294,1.180,2.360,0.000,23.12,29.93,0.102,0.012
0.000000000,2.901,0.467,0.013,0.000,-1.227,-70.279,1.319,1.180,2.360,0.000,23.12,29.93,0.102,0.012
0.000000000,2.999,0.506,0.013,0.000,-1.164,-66.712,1.345,1.180,2.360,0.000,23.12,29.93,0.102,0.012
0.000000000,3.099,0.546,0.014,0.000,-1.097,-62.876,1.373,1.180,2.360,0.000,23.12,29.93,0.102,0.012
0.000000000,3.200,0.580,0.014,0.000,-1.039,-59.506,1.399,1.237,2.474,0.000,24.24,39.89,0.057,0.017
0.000000000,3.299,0.622,0.014,0.000,-0.964,-55.250,1.431,1.237,2.474,0.000,24.24,39.89,0.057,0.017
0.000000000,3.400,0.657,0.015,0.000,-0.900,-51.589,1.459,1.237,2.474,0.000,24.24,39.89,0.057,0.017
0.000000000,3.499,0.698,0.015,0.000,-0.822,-47.118,1.495,1.237,2.474,0.000,24.24,39.89,0.057,0.017
0.000000000,3.600,0.745,0.015,0.000,-0.729,-41.769,1.540,1.237,2.474,0.000,24.24,39.89,0.057,0.017
0.000000000,3.700,0.777,0.016,0.000,-0.662,-37.937,1.573,1.237,2.474,0.000,24.24,39.89,0.057,0.017
0.000000000,3.800,0.819,0.016,0.000,-0.569,-32.589,1.622,1.237,2.474,0.000,24.24,39.89,0.057,0.017
0.000000000,3.900,0.852,0.017,0.000,-0.490,-28.060,1.665,1.237,2.474,0.000,24.24,39.89,0.057,0.017
0.000000000,4.001,0.889,0.017,0.000,-0.400,-22.900,1.718,1.237,2.474,0.000,24.24,39.89,0.057,0.017
0.000000000,4.100,0.914,0.017,0.000,-0.337,-19.314,1.757,1.237,2.474,0.000,24.24,39.89,0.057,0.017
0.000000000,4.200,0.941,0.018,0.000,-0.264,-15.121,1.805,1.345,2.691,0.000,26.36,45.70,0.108,0.026
0.000000000,4.302,0.963,0.018,0.000,-0.205,-11.736,1.846,1.345,2.691,0.000,26.36,45.70,0.108,0.026
0.000000000,4.400,0.987,0.019,0.000,-0.136,-7.791,1.896,1.345,2.691,0.000,26.36,45.70,0.108,0.026
0.000000000,4.501,1.009,0.019,0.000,-0.069,-3.977,1.947,1.345,2.691,0.000,26.36,45.70,0.108,0.026
0.000000000,4.605,1.027,0.020,0.000,-0.005,-0.305,1.999,1.345,2.691,0.000,26.36,45.70,0.108,0.026
0.000000000,4.700,1.038,0.020,0.000,0.036,2.089,2.034,1.345,2.691,0.000,26.36,45.70,0.108,0.026
0.000000000,4.800,1.050,0.021,0.000,0.097,5.561,2.086,1.345,2.691,0.000,26.36,45.70,0.108,0.026
0.000000000,4.901,1.056,0.021,0.000,0.146,8.377,2.130,1.345,2.691,0.000,26.36,45.70,0.108,0.026
0.000000000,5.000,1.059,0.021,0.000,0.203,11.659,2.182,1.345,2.691,0.000,26.36,45.70,0.108,0.026
0.000000000,5.100,1.057,0.022,0.000,0.259,14.820,2.234,1.345,2.691,0.000,26.36,45.70,0.108,0.026
0.000000000,5.201,1.050,0.022,0.000,0.312,17.890,2.285,1.409,2.817,0.000,27.60,47.42,0.063,0.029
0.000000000,5.301,1.039,0.023,0.000,-0.470,-26.920,2.336,1.409,2.817,0.000,27.60,47.42,0.063,0.029
0.000000000,5.401,1.041,0.023,0.000,-0.427,-24.471,2.377,1.409,2.817,0.000,27.60,47.42,0.063,0.029
0.000000000,5.501,1.040,0.024,0.000,-0.335,-19.166,2.443,1.409,2.817,0.000,27.60,47.42,0.063,0.029
0.000000000,5.601,1.030,0.024,0.000,-0.245,-14.015,2.492,1.409,2.817,0.000,27.60,47.42,0.063,0.029
0.000000000,5.703,1.016,0.025,0.000,-0.166,-9.486,2.532,1.409,2.817,0.000,27.60,47.42,0.063,0.029
0.000000000,5.801,0.995,0.025,0.000,-0.085,-4.869,2.571,1.409,2.817,0.000,27.60,47.42,0.063,0.029
0.000000000,5.901,0.975,0.025,0.000,-0.023,-1.304,2.601,1.409,2.817,0.000,27.60,47.42,0.063,0.029
0.000000000,6.006,0.953,0.026,0.000,0.037,2.121,2.630,1.409,2.817,0.000,27.60,47.42,0.063,0.029
0.000000000,6.104,0.924,0.026,0.000,0.108,6.211,2.666,1.409,2.817,0.000,27.60,47.42,0.063,0.029
0.000000000,6.203,0.894,0.026,0.000,0.176,10.057,2.699,1.456,2.911,0.000,28.52,51.01,0.047,0.031
0.000000000,6.302,0.859,0.027,0.000,0.250,14.352,2.738,1.456,2.911,0.000,28.52,51.01,0.047,0.031
0.000000000,6.402,0.842,0.027,0.000,0.285,16.343,2.757,1.456,2.911,0.000,28.52,51.01,0.047,0.031
0.000000000,6.501,0.814,0.027,0.000,0.341,19.525,2.787,1.456,2.911,0.000,28.52,51.01,0.047,0.031
0.000000000,6.602,0.778,0.027,0.000,0.412,23.600,2.827,1.456,2.911,0.000,28.52,51.01,0.047,0.031
0.000000000,6.701,0.753,0.028,0.000,0.459,26.327,2.856,1.456,2.911,0.000,28.52,51.01,0.047,0.031
0.000000000,6.802,0.730,0.028,0.000,0.506,28.967,2.884,1.456,2.911,0.000,28.52,51.01,0.047,0.031
0.000000000,6.902,0.707,0.028,0.000,0.550,31.507,2.911,1.456,2.911,0.000,28.52,51.01,0.047,0.031
0.000000000,7.003,0.685,0.028,0.000,0.594,34.029,2.939,1.456,2.911,0.000,28.52,51.01,0.047,0.031
0.000000000,7.102,0.660,0.029,0.000,0.646,37.032,2.971,1.456,2.911,0.000,28.52,51.01,0.047,0.031
0.000000000,7.202,0.635,0.029,0.000,0.699,40.059,3.004,1.570,3.140,0.000,30.76,59.60,0.114,0.040
0.000000000,7.302,0.610,0.029,0.000,0.752,43.112,3.037,1.570,3.140,0.000,30.76,59.60,0.114,0.040
0.000000000,7.404,0.585,0.029,0.000,0.806,46.173,3.069,1.570,3.140,0.000,30.76,59.60,0.114,0.040
0.000000000,7.502,0.556,0.030,0.000,0.869,49.761,3.106,1.570,3.140,0.000,30.76,59.60,0.114,0.040
0.000000000,7.603,0.530,0.030,0.000,0.922,52.821,3.137,1.570,3.140,0.000,30.76,59.60,0.114,0.040
0.000000000,7.702,0.505,0.030,0.000,0.975,55.859,3.168,1.570,3.140,0.000,30.76,59.60,0.114,0.040
0.000000000,7.802,0.481,0.031,0.000,1.028,58.886,3.199,1.570,3.140,0.000,30.76,59.60,0.114,0.040
0.000000000,7.902,0.462,0.031,0.000,1.071,61.364,3.224,1.570,3.140,0.000,30.76,59.60,0.114,0.040
0.000000000,8.003,0.433,0.031,0.000,1.138,65.176,3.263,1.570,3.140,0.000,30.76,59.60,0.114,0.040
0.000000000,8.102,0.414,0.031,0.000,1.185,67.916,3.291,1.570,3.140,0.000,30.76,59.60,0.114,0.040
0.000000000,8.202,0.395,0.032,0.000,1.239,70.974,3.324,1.792,3.585,0.000,35.12,67.59,0.222,0.058
0.000000000,8.302,0.384,0.032,0.000,1.282,73.438,3.352,1.792,3.585,0.000,35.12,67.59,0.222,0.058
0.000000000,8.403,0.375,0.032,0.000,1.322,75.762,3.381,1.792,3.585,0.000,35.12,67.59,0.222,0.058
0.000000000,8.503,0.370,0.032,0.000,1.360,77.924,3.409,1.792,3.585,0.000,35.12,67.59,0.222,0.058
0.000000000,8.603,0.364,0.033,0.000,1.401,80.255,3.441,1.792,3.585,0.000,35.12,67.59,0.222,0.058
0.000000000,8.703,0.359,0.033,0.000,1.428,81.796,3.464,1.792,3.585,0.000,35.12,67.59,0.222,0.058
0.000000000,8.803,0.351,0.033,0.000,1.458,83.556,3.491,1.792,3.585,0.000,35.12,67.59,0.222,0.058
0.000000000,8.902,0.342,0.033,0.000,1.483,84.954,3.513,1.792,3.585,0.000,35.12,67.59,0.222,0.058
0.000000000,9.004,0.329,0.033,0.000,1.511,86.561,3.539,1.792,3.585,0.000,35.12,67.59,0.222,0.058
0.000000000,9.103,0.313,0.034,0.000,1.538,88.120,3.564,1.792,3.585,0.000,35.12,67.59,0.222,0.058
0.000000000,9.204,0.295,0.034,0.000,1.564,89.632,3.588,2.127,4.254,0.000,41.68,79.91,0.335,0.085
0.000000000,9.305,0.280,0.034,0.000,1.585,90.840,3.606,2.127,4.254,0.000,41.68,79.91,0.335,0.085
0.000000000,9.403,0.269,0.034,0.000,1.602,91.812,3.621,2.127,4.254,0.000,41.68,79.91,0.335,0.085
0.000000000,9.503,0.256,0.034,0.000,1.622,92.960,3.637,2.127,4.254,0.000,41.68,79.91,0.335,0.085
0.000000000,9.603,0.245,0.034,0.000,1.642,94.100,3.653,2.127,4.254,0.000,41.68,79.91,0.335,0.085
0.000000000,9.703,0.235,0.035,0.000,1.665,95.409,3.671,2.127,4.254,0.000,41.68,79.91,0.335,0.085
0.000000000,9.803,0.227,0.035,0.000,1.691,96.871,3.691,2.127,4.254,0.000,41.68,79.91,0.335,0.085
0.000000000,9.903,0.224,0.035,0.000,1.712,98.079,3.707,2.127,4.254,0.000,41.68,79.91,0.335,0.085
0.000000000,10.003,0.225,0.035,0.000,1.732,99.234,3.722,2.127,4.254,0.000,41.68,79.91,0.335,0.085
0.000000000,10.103,0.228,0.035,0.000,1.751,100.334,3.737,2.127,4.254,0.000,41.68,79.91,0.335,0.085
0.000000000,10.203,0.235,0.035,0.000,1.767,101.232,3.749,2.188,4.377,0.000,42.88,78.16,0.061,0.083
0.000000000,10.303,0.247,0.035,0.000,1.785,102.298,3.764,2.188,4.377,0.000,42.88,78.16,0.061,0.083
0.000000000,10.406,0.264,0.035,0.000,1.804,103.348,3.779,2.188,4.377,0.000,42.88,78.16,0.061,0.083
0.000000000,10.503,0.290,0.035,0.000,1.825,104.577,3.799,2.188,4.377,0.000,42.88,78.16,0.061,0.083
0.000000000,10.605,0.317,0.036,0.000,1.843,105.621,3.817,2.188,4.377,0.000,42.88,78.16,0.061,0.083
0.000000000,10.703,0.349,0.036,0.000,1.861,106.640,3.837,2.188,4.377,0.000,42.88,78.16,0.061,0.083
0.000000000,10.803,0.390,0.036,0.000,1.881,107.781,3.862,2.188,4.377,0.000,42.88,78.16,0.061,0.083
0.000000000,10.903,0.442,0.036,0.000,1.902,108.997,3.895,2.188,4.377,0.000,42.88,78.16,0.061,0.083
0.000000000,11.004,0.484,0.036,0.000,1.917,109.841,3.923,2.188,4.377,0.000,42.88,78.16,0.061,0.083
0.000000000,11.104,0.535,0.037,0.000,1.933,110.735,3.957,2.188,4.377,0.000,42.88,78.16,0.061,0.083
0.000000000,11.204,0.572,0.037,0.000,1.943,111.318,3.984,2.205,4.410,0.000,43.20,77.33,0.016,0.076
0.000000000,11.304,0.616,0.037,0.000,1.954,111.974,4.018,2.205,4.410,0.000,43.20,77.33,0.016,0.076
0.000000000,11.404,0.661,0.038,0.000,1.966,112.619,4.054,2.205,4.410,0.000,43.20,77.33,0.016,0.076
0.000000000,11.507,0.704,0.038,0.000,1.977,113.268,4.093,2.205,4.410,0.000,43.20,77.33,0.016,0.076
0.000000000,11.608,0.751,0.038,0.000,1.991,114.076,4.141,2.205,4.410,0.000,43.20,77.33,0.016,0.076
0.000000000,11.704,0.790,0.039,0.000,2.004,114.826,4.184,2.205,4.410,0.000,43.20,77.33,0.016,0.076
0.000000000,11.804,0.831,0.039,0.000,2.020,115.760,4.237,2.205,4.410,0.000,43.20,77.33,0.016,0.076
0.000000000,11.904,0.857,0.039,0.000,2.033,116.462,4.276,2.205,4.410,0.000,43.20,77.33,0.016,0.076
0.000000000,12.005,0.889,0.040,0.000,2.050,117.472,4.332,2.205,4.410,0.000,43.20,77.33,0.016,0.076
0.000000000,12.104,0.911,0.040,0.000,2.065,118.340,4.381,2.205,4.410,0.000,43.20,77.33,0.016,0.076
0.000000000,12.204,0.927,0.041,0.000,2.080,119.196,4.431,2.313,4.626,0.000,45.32,80.33,0.108,0.080
0.000000000,12.305,0.937,0.041,0.000,2.093,119.898,4.472,2.313,4.626,0.000,45.32,80.33,0.108,0.080
0.000000000,12.404,0.945,0.042,0.000,2.109,120.842,4.530,2.313,4.626,0.000,45.32,80.33,0.108,0.080
0.000000000,12.504,0.945,0.042,0.000,2.123,121.616,4.580,2.313,4.626,0.000,45.32,80.33,0.108,0.080
0.000000000,12.604,0.941,0.042,0.000,2.133,122.227,4.620,2.313,4.626,0.000,45.32,80.33,0.108,0.080
0.000000000,12.705,0.933,0.043,0.000,2.145,122.912,4.668,2.313,4.626,0.000,45.32,80.33,0.108,0.080
0.000000000,12.804,0.921,0.043,0.000,2.156,123.530,4.715,2.313,4.626,0.000,45.32,80.33,0.108,0.080
0.000000000,12.906,0.908,0.043,0.000,2.166,124.077,4.760,2.313,4.626,0.000,45.32,80.33,0.108,0.080
0.000000000,13.004,0.892,0.044,0.000,2.177,124.718,4.818,2.313,4.626,0.000,45.32,80.33,0.108,0.080
0.000000000,13.105,0.882,0.044,0.000,2.184,125.161,4.860,2.313,4.626,0.000,45.32,80.33,0.108,0.080
0.000000000,13.205,0.872,0.045,0.000,2.195,125.751,4.915,2.391,4.781,0.000,46.84,83.74,0.078,0.079
0.000000000,13.305,0.868,0.045,0.000,2.203,126.232,4.955,2.391,4.781,0.000,46.84,83.74,0.078,0.079
0.000000000,13.405,0.867,0.045,0.000,2.211,126.683,4.989,2.391,4.781,0.000,46.84,83.74,0.078,0.079
0.000000000,13.505,0.868,0.046,0.000,2.224,127.415,5.036,2.391,4.781,0.000,46.84,83.74,0.078,0.079
0.000000000,13.605,0.872,0.046,0.000,2.239,128.279,5.083,2.391,4.781,0.000,46.84,83.74,0.078,0.079
0.000000000,13.705,0.875,0.046,0.000,2.246,128.688,5.103,2.391,4.781,0.000,46.84,83.74,0.078,0.079
0.000000000,13.805,0.878,0.046,0.000,2.254,129.117,5.124,2.391,4.781,0.000,46.84,83.74,0.078,0.079
0.000000000,13.905,0.886,0.047,0.000,2.269,130.032,5.165,2.391,4.781,0.000,46.84,83.74,0.078,0.079
0.000000000,14.005,0.892,0.047,0.000,2.281,130.671,5.193,2.391,4.781,0.000,46.84,83.74,0.078,0.079
0.000000000,14.106,0.904,0.047,0.000,2.298,131.660,5.236,2.391,4.781,0.000,46.84,83.74,0.078,0.079
0.000000000,14.205,0.923,0.048,0.000,2.318,132.839,5.286,2.693,5.385,0.000,52.76,93.12,0.302,0.102
0.000000000,14.305,0.937,0.048,0.000,2.333,133.700,5.324,2.693,5.385,0.000,52.76,93.12,0.302,0.102
0.000000000,14.405,0.956,0.048,0.000,2.352,134.765,5.369,2.693,5.385,0.000,52.76,93.12,0.302,0.102
0.000000000,14.506,0.973,0.049,0.000,2.368,135.689,5.408,2.693,5.385,0.000,52.76,93.12,0.302,0.102
0.000000000,14.605,0.993,0.049,0.000,2.392,137.062,5.464,2.693,5.385,0.000,52.76,93.12,0.302,0.102
0.000000000,14.708,1.006,0.049,0.000,2.410,138.104,5.504,2.693,5.385,0.000,52.76,93.12,0.302,0.102
0.000000000,14.805,1.019,0.050,0.000,2.433,139.428,5.554,2.693,5.385,0.000,52.76,93.12,0.302,0.102
0.000000000,14.906,1.029,0.050,0.000,2.458,140.824,5.604,2.693,5.385,0.000,52.76,93.12,0.302,0.102
0.000000000,15.005,1.035,0.051,0.000,2.488,142.534,5.663,2.693,5.385,0.000,52.76,93.12,0.302,0.102
0.000000000,15.107,1.036,0.051,0.000,2.510,143.796,5.705,2.693,5.385,0.000,52.76,93.12,0.302,0.102
0.000000000,15.206,1.032,0.051,0.000,2.537,145.343,5.755,2.919,5.839,0.000,57.20,97.13,0.227,0.114
0.000000000,15.307,1.024,0.052,0.000,2.569,147.172,5.813,2.919,5.839,0.000,57.20,97.13,0.227,0.114
0.000000000,15.406,1.014,0.052,0.000,2.592,148.486,5.854,2.919,5.839,0.000,57.20,97.13,0.227,0.114
0.000000000,15.506,1.002,0.053,0.000,2.614,149.793,5.894,2.919,5.839,0.000,57.20,97.13,0.227,0.114
0.000000000,15.607,0.981,0.053,0.000,2.646,151.602,5.949,2.919,5.839,0.000,57.20,97.13,0.227,0.114
0.000000000,15.706,0.967,0.053,0.000,2.664,152.623,5.980,2.919,5.839,0.000,57.20,97.13,0.227,0.114
0.000000000,15.807,0.934,0.054,0.000,2.699,154.630,6.040,2.919,5.839,0.000,57.20,97.13,0.227,0.114
0.000000000,15.906,0.906,0.054,0.000,2.724,156.093,6.083,2.919,5.839,0.000,57.20,97.13,0.227,0.114
0.000000000,16.006,0.876,0.054,0.000,2.749,157.514,6.124,2.919,5.839,0.000,57.20,97.13,0.227,0.114
0.000000000,16.106,0.837,0.055,0.000,2.777,159.111,6.169,2.919,5.839,0.000,57.20,97.13,0.227,0.114
0.000000000,16.208,0.807,0.055,0.000,2.796,160.203,6.200,3.058,6.116,0.000,59.92,98.15,0.139,0.117
0.000000000,16.306,0.776,0.055,0.000,2.814,161.255,6.230,3.058,6.116,0.000,59.92,98.15,0.139,0.117
0.000000000,16.406,0.732,0.055,0.000,2.839,162.644,6.268,3.058,6.116,0.000,59.92,98.15,0.139,0.117
0.000000000,16.506,0.695,0.056,0.000,2.858,163.740,6.299,3.058,6.116,0.000,59.92,98.15,0.139,0.117
0.000000000,16.606,0.657,0.056,0.000,2.875,164.749,6.328,3.058,6.116,0.000,59.92,98.15,0.139,0.117
0.000000000,16.706,0.627,0.056,0.000,2.889,165.518,6.351,3.058,6.116,0.000,59.92,98.15,0.139,0.117
0.000000000,16.807,0.580,0.056,0.000,2.908,166.596,6.384,3.058,6.116,0.000,59.92,98.15,0.139,0.117
0.000000000,16.907,0.547,0.056,0.000,2.919,167.272,6.407,3.058,6.116,0.000,59.92,98.15,0.139,0.117
0.000000000,17.007,0.518,0.057,0.000,2.929,167.835,6.428,3.058,6.116,0.000,59.92,98.15,0.139,0.117
0.000000000,17.107,0.496,0.057,0.000,2.936,168.216,6.445,3.058,6.116,0.000,59.92,98.15,0.139,0.117
0.000000000,17.207,0.471,0.057,0.000,2.943,168.624,6.467,3.121,6.243,0.000,61.16,108.42,0.063,0.111
0.000000000,17.307,0.458,0.057,0.000,2.947,168.831,6.482,3.121,6.243,0.000,61.16,108.42,0.063,0.111
0.000000000,17.407,0.448,0.057,0.000,2.949,168.985,6.500,3.121,6.243,0.000,61.16,108.42,0.063,0.111
0.000000000,17.507,0.445,0.057,0.000,2.951,169.054,6.518,3.121,6.243,0.000,61.16,108.42,0.063,0.111
0.000000000,17.607,0.449,0.057,0.000,2.950,169.048,6.536,3.121,6.243,0.000,61.16,108.42,0.063,0.111
0.000000000,17.707,0.460,0.057,0.000,2.949,168.983,6.555,3.121,6.243,0.000,61.16,108.42,0.063,0.111
0.000000000,17.807,0.481,0.057,0.000,2.947,168.864,6.579,3.121,6.243,0.000,61.16,108.42,0.063,0.111
0.000000000,17.907,0.505,0.058,0.000,2.945,168.743,6.600,3.121,6.243,0.000,61.16,108.42,0.063,0.111
0.000000000,18.007,0.528,0.058,0.000,2.943,168.637,6.619,3.121,6.243,0.000,61.16,108.42,0.063,0.111
0.000000000,18.107,0.560,0.058,0.000,2.941,168.506,6.644,3.121,6.243,0.000,61.16,108.42,0.063,0.111
0.000000000,18.207,0.600,0.058,0.000,2.938,168.357,6.675,3.168,6.337,0.000,62.08,111.94,0.047,0.105
0.000000000,18.307,0.636,0.058,0.000,2.936,168.231,6.704,3.168,6.337,0.000,62.08,111.94,0.047,0.105
0.000000000,18.408,0.667,0.058,0.000,2.934,168.132,6.730,3.168,6.337,0.000,62.08,111.94,0.047,0.105
0.000000000,18.508,0.699,0.059,0.000,2.933,168.039,6.757,3.168,6.337,0.000,62.08,111.94,0.047,0.105
0.000000000,18.607,0.731,0.059,0.000,2.931,167.952,6.785,3.168,6.337,0.000,62.08,111.94,0.047,0.105
0.000000000,18.708,0.769,0.059,0.000,2.930,167.857,6.821,3.168,6.337,0.000,62.08,111.94,0.047,0.105
0.000000000,18.807,0.808,0.059,0.000,2.928,167.766,6.859,3.168,6.337,0.000,62.08,111.94,0.047,0.105
0.000000000,18.908,0.848,0.060,0.000,2.926,167.672,6.898,3.168,6.337,0.000,62.08,111.94,0.047,0.105
0.000000000,19.007,0.895,0.060,0.000,2.924,167.553,6.947,3.168,6.337,0.000,62.08,111.94,0.047,0.105
0.000000000,19.108,0.942,0.060,0.000,2.922,167.423,6.999,3.168,6.337,0.000,62.08,111.94,0.047,0.105
0.000000000,19.207,0.975,0.061,0.000,2.920,167.330,7.038,3.268,6.537,0.000,64.04,115.02,0.100,0.104
0.000000000,19.308,1.008,0.061,0.000,2.919,167.236,7.078,3.268,6.537,0.000,64.04,115.02,0.100,0.104
0.000000000,19.407,1.053,0.061,0.000,2.917,167.106,7.137,3.268,6.537,0.000,64.04,115.02,0.100,0.104
0.000000000,19.507,1.089,0.062,0.000,2.915,166.997,7.189,3.268,6.537,0.000,64.04,115.02,0.100,0.104
0.000000000,19.608,1.124,0.062,0.000,2.913,166.896,7.243,3.268,6.537,0.000,64.04,115.02,0.100,0.104
0.000000000,19.708,1.151,0.063,0.000,2.912,166.823,7.289,3.268,6.537,0.000,64.04,115.02,0.100,0.104
0.000000000,19.808,1.181,0.063,0.000,2.910,166.758,7.345,3.268,6.537,0.000,64.04,115.02,0.100,0.104
0.000000000,19.909,1.205,0.063,0.000,2.910,166.727,7.393,3.268,6.537,0.000,64.04,115.02,0.100,0.104
0.000000000,20.008,1.230,0.064,0.000,2.910,166.719,7.451,3.268,6.537,0.000,64.04,115.02,0.100,0.104
0.000000000,20.108,1.256,0.064,0.000,2.910,166.750,7.520,3.268,6.537,0.000,64.04,115.02,0.100,0.104
0.000000000,20.208,1.279,0.065,0.000,2.911,166.816,7.591,3.330,6.659,0.000,65.24,114.55,0.061,0.100
0.000000000,20.308,1.292,0.065,0.000,2.913,166.877,7.642,3.330,6.659,0.000,65.24,114.55,0.061,0.100
0.000000000,20.408,1.308,0.066,0.000,2.914,166.963,7.714,3.330,6.659,0.000,65.24,114.55,0.061,0.100
0.000000000,20.508,1.315,0.066,0.000,2.915,167.005,7.755,3.330,6.659,0.000,65.24,114.55,0.061,0.100
0.000000000,20.608,1.326,0.067,0.000,2.916,167.065,7.827,3.330,6.659,0.000,65.24,114.55,0.061,0.100
0.000000000,20.708,1.332,0.067,0.000,2.917,167.108,7.889,3.330,6.659,0.000,65.24,114.55,0.061,0.100
0.000000000,20.809,1.336,0.068,0.000,2.917,167.145,7.951,3.330,6.659,0.000,65.24,114.55,0.061,0.100
0.000000000,20.908,1.339,0.068,0.000,2.918,167.182,8.013,3.330,6.659,0.000,65.24,114.55,0.061,0.100
0.000000000,21.008,1.340,0.069,0.000,2.919,167.225,8.074,3.330,6.659,0.000,65.24,114.55,0.061,0.100
0.000000000,21.108,1.338,0.069,0.000,2.919,167.268,8.135,3.330,6.659,0.000,65.24,114.55,0.061,0.100
0.000000000,21.208,1.335,0.070,0.000,2.920,167.318,8.206,3.448,6.896,0.000,67.56,119.50,0.118,0.102
0.000000000,21.308,1.331,0.070,0.000,2.921,167.360,8.266,3.448,6.896,0.000,67.56,119.50,0.118,0.102
0.000000000,21.408,1.326,0.071,0.000,2.922,167.402,8.326,3.448,6.896,0.000,67.56,119.50,0.118,0.102
0.000000000,21.508,1.321,0.071,0.000,2.922,167.436,8.386,3.448,6.896,0.000,67.56,119.50,0.118,0.102
0.000000000,21.608,1.314,0.071,0.000,2.923,167.461,8.456,3.448,6.896,0.000,67.56,119.50,0.118,0.102
0.000000000,21.709,1.309,0.072,0.000,2.923,167.477,8.515,3.448,6.896,0.000,67.56,119.50,0.118,0.102
0.000000000,21.809,1.305,0.072,0.000,2.923,167.496,8.573,3.448,6.896,0.000,67.56,119.50,0.118,0.102
0.000000000,21.909,1.302,0.073,0.000,2.924,167.523,8.622,3.448,6.896,0.000,67.56,119.50,0.118,0.102
0.000000000,22.009,1.299,0.073,0.000,2.925,167.576,8.681,3.448,6.896,0.000,67.56,119.50,0.118,0.102
0.000000000,22.109,1.297,0.074,0.000,2.926,167.670,8.749,3.448,6.896,0.000,67.56,119.50,0.118,0.102
0.000000000,22.209,1.296,0.074,0.000,2.928,167.776,8.807,3.503,7.006,0.000,68.64,120.58,0.055,0.097
0.000000000,22.309,1.296,0.074,0.000,2.930,167.883,8.855,3.503,7.006,0.000,68.64,120.58,0.055,0.097
0.000000000,22.409,1.298,0.075,0.000,2.933,168.037,8.913,3.503,7.006,0.000,68.64,120.58,0.055,0.097
0.000000000,22.509,1.300,0.075,0.000,2.935,168.177,8.961,3.503,7.006,0.000,68.64,120.58,0.055,0.097
0.000000000,22.619,1.304,0.076,0.000,2.940,168.423,9.039,3.503,7.006,0.000,68.64,120.58,0.055,0.097
0.000000000,22.710,1.307,0.076,0.000,2.943,168.616,9.097,3.503,7.006,0.000,68.64,120.58,0.055,0.097
0.000000000,22.809,1.310,0.077,0.000,2.946,168.776,9.146,3.503,7.006,0.000,68.64,120.58,0.055,0.097
0.000000000,22.909,1.312,0.077,0.000,2.948,168.932,9.195,3.503,7.006,0.000,68.64,120.58,0.055,0.097
0.000000000,23.009,1.314,0.077,0.000,2.951,169.082,9.244,3.503,7.006,0.000,68.64,120.58,0.055,0.097
0.000000000,23.112,1.316,0.078,0.000,2.953,169.197,9.284,3.503,7.006,0.000,68.64,120.58,0.055,0.097
0.000000000,23.209,1.318,0.078,0.000,2.955,169.337,9.333,3.683,7.366,0.000,72.16,121.26,0.180,0.105
0.000000000,23.309,1.322,0.078,0.000,2.959,169.534,9.403,3.683,7.366,0.000,72.16,121.26,0.180,0.105
0.000000000,23.410,1.326,0.079,0.000,2.961,169.681,9.453,3.683,7.366,0.000,72.16,121.26,0.180,0.105
0.000000000,23.510,1.329,0.079,0.000,2.965,169.863,9.513,3.683,7.366,0.000,72.16,121.26,0.180,0.105
0.000000000,23.609,1.332,0.080,0.000,2.967,170.022,9.563,3.683,7.366,0.000,72.16,121.26,0.180,0.105
0.000000000,23.709,1.334,0.080,0.000,2.971,170.220,9.624,3.683,7.366,0.000,72.16,121.26,0.180,0.105
0.000000000,23.811,1.336,0.080,0.000,2.975,170.458,9.695,3.683,7.366,0.000,72.16,121.26,0.180,0.105
0.000000000,23.909,1.337,0.081,0.000,2.978,170.631,9.745,3.683,7.366,0.000,72.16,121.26,0.180,0.105
0.000000000,24.010,1.337,0.081,0.000,2.982,170.835,9.806,3.683,7.366,0.000,72.16,121.26,0.180,0.105
0.000000000,24.110,1.336,0.082,0.000,2.985,171.034,9.867,3.683,7.366,0.000,72.16,121.26,0.180,0.105
0.000000000,24.210,1.333,0.082,0.000,2.990,171.293,9.948,3.730,7.460,0.000,73.08,123.30,0.047,0.100
0.000000000,24.310,1.331,0.083,0.000,2.993,171.490,10.009,3.730,7.460,0.000,73.08,123.30,0.047,0.100
0.000000000,24.410,1.329,0.083,0.000,2.997,171.692,10.069,3.730,7.460,0.000,73.08,123.30,0.047,0.100
0.000000000,24.510,1.325,0.084,0.000,3.001,171.934,10.139,3.730,7.460,0.000,73.08,123.30,0.047,0.100
0.000000000,24.610,1.322,0.084,0.000,3.004,172.108,10.189,3.730,7.460,0.000,73.08,123.30,0.047,0.100
0.000000000,24.710,1.319,0.084,0.000,3.007,172.316,10.249,3.730,7.460,0.000,73.08,123.30,0.047,0.100
0.000000000,24.810,1.315,0.085,0.000,3.011,172.522,10.308,3.730,7.460,0.000,73.08,123.30,0.047,0.100
0.000000000,24.910,1.312,0.085,0.000,3.015,172.719,10.367,3.730,7.460,0.000,73.08,123.30,0.047,0.100
0.000000000,25.010,1.308,0.086,0.000,3.019,172.959,10.445,3.730,7.460,0.000,73.08,123.30,0.047,0.100
0.000000000,25.110,1.304,0.086,0.000,3.022,173.121,10.503,3.730,7.460,0.000,73.08,123.30,0.047,0.100
0.000000000,25.210,1.301,0.087,0.000,3.024,173.245,10.552,3.811,7.623,0.000,74.68,125.56,0.082,0.098
0.000000000,25.310,1.298,0.087,0.000,3.026,173.386,10.611,3.811,7.623,0.000,74.68,125.56,0.082,0.098
0.000000000,25.410,1.295,0.087,0.000,3.029,173.537,10.680,3.811,7.623,0.000,74.68,125.56,0.082,0.098
0.000000000,25.511,1.293,0.088,0.000,3.030,173.598,10.710,3.811,7.623,0.000,74.68,125.56,0.082,0.098
0.000000000,25.610,1.289,0.088,0.000,3.032,173.733,10.779,3.811,7.623,0.000,74.68,125.56,0.082,0.098
0.000000000,25.710,1.288,0.088,0.000,3.033,173.807,10.818,3.811,7.623,0.000,74.68,125.56,0.082,0.098
0.000000000,25.810,1.286,0.089,0.000,3.035,173.911,10.878,3.811,7.623,0.000,74.68,125.56,0.082,0.098
0.000000000,25.910,1.286,0.089,0.000,3.037,174.010,10.937,3.811,7.623,0.000,74.68,125.56,0.082,0.098
0.000000000,26.010,1.288,0.090,0.000,3.039,174.099,10.997,3.811,7.623,0.000,74.68,125.56,0.082,0.098
0.000000000,26.111,1.290,0.090,0.000,3.040,174.178,11.056,3.811,7.623,0.000,74.68,125.56,0.082,0.098
0.000000000,26.211,1.292,0.090,0.000,3.041,174.238,11.116,3.914,7.827,0.000,76.68,128.31,0.102,0.098
0.000000000,26.310,1.295,0.091,0.000,3.041,174.261,11.203,3.914,7.827,0.000,76.68,128.31,0.102,0.098
0.000000000,26.411,1.297,0.092,0.000,3.041,174.210,11.274,3.914,7.827,0.000,76.68,128.31,0.102,0.098
0.000000000,26.510,1.298,0.092,0.000,3.039,174.128,11.325,3.914,7.827,0.000,76.68,128.31,0.102,0.098
0.000000000,26.611,1.298,0.092,0.000,3.036,173.978,11.386,3.914,7.827,0.000,76.68,128.31,0.102,0.098
0.000000000,26.710,1.297,0.093,0.000,3.033,173.784,11.444,3.914,7.827,0.000,76.68,128.31,0.102,0.098
0.000000000,26.811,1.297,0.093,0.000,3.029,173.562,11.505,3.914,7.827,0.000,76.68,128.31,0.102,0.098
0.000000000,26.911,1.298,0.094,0.000,3.025,173.336,11.566,3.914,7.827,0.000,76.68,128.31,0.102,0.098
0.000000000,27.011,1.299,0.094,0.000,3.021,173.099,11.637,3.914,7.827,0.000,76.68,128.31,0.102,0.098
0.000000000,27.111,1.300,0.095,0.000,3.018,172.917,11.709,3.914,7.827,0.000,76.68,128.31,0.102,0.098
0.000000000,27.211,1.301,0.095,0.000,3.016,172.807,11.771,4.005,8.011,0.000,78.48,132.63,0.092,0.098
0.000000000,27.311,1.302,0.095,0.000,3.015,172.741,11.824,4.005,8.011,0.000,78.48,132.63,0.092,0.098
0.000000000,27.411,1.303,0.096,0.000,3.014,172.685,11.886,4.005,8.011,0.000,78.48,132.63,0.092,0.098
0.000000000,27.511,1.303,0.096,0.000,3.013,172.653,11.928,4.005,8.011,0.000,78.48,132.63,0.092,0.098
0.000000000,27.611,1.303,0.096,0.000,3.013,172.616,11.980,4.005,8.011,0.000,78.48,132.63,0.092,0.098
0.000000000,27.711,1.302,0.097,0.000,3.012,172.581,12.032,4.005,8.011,0.000,78.48,132.63,0.092,0.098
0.000000000,27.811,1.301,0.097,0.000,3.012,172.550,12.095,4.005,8.011,0.000,78.48,132.63,0.092,0.098
0.000000000,27.911,1.301,0.098,0.000,3.011,172.535,12.168,4.005,8.011,0.000,78.48,132.63,0.092,0.098
0.000000000,28.012,1.301,0.098,0.000,3.011,172.542,12.221,4.005,8.011,0.000,78.48,132.63,0.092,0.098
0.000000000,28.112,1.302,0.098,0.000,3.012,172.575,12.283,4.005,8.011,0.000,78.48,132.63,0.092,0.098
0.000000000,28.211,1.302,0.099,0.000,3.013,172.633,12.346,4.159,8.317,0.000,81.48,137.03,0.153,0.103
0.000000000,28.311,1.302,0.099,0.000,3.014,172.712,12.408,4.159,8.317,0.000,81.48,137.03,0.153,0.103
0.000000000,28.411,1.301,0.100,0.000,3.016,172.809,12.471,4.159,8.317,0.000,81.48,137.03,0.153,0.103
0.000000000,28.511,1.301,0.100,0.000,3.018,172.915,12.533,4.159,8.317,0.000,81.48,137.03,0.153,0.103
0.000000000,28.611,1.300,0.101,0.000,3.020,173.025,12.594,4.159,8.317,0.000,81.48,137.03,0.153,0.103
0.000000000,28.712,1.299,0.101,0.000,3.022,173.145,12.656,4.159,8.317,0.000,81.48,137.03,0.153,0.103
0.000000000,28.811,1.299,0.101,0.000,3.024,173.275,12.717,4.159,8.317,0.000,81.48,137.03,0.153,0.103
0.000000000,28.911,1.299,0.102,0.000,3.026,173.393,12.768,4.159,8.317,0.000,81.48,137.03,0.153,0.103
0.000000000,29.012,1.299,0.102,0.000,3.030,173.595,12.849,4.159,8.317,0.000,81.48,137.03,0.153,0.103
0.000000000,29.112,1.300,0.103,0.000,3.033,173.782,12.921,4.159,8.317,0.000,81.48,137.03,0.153,0.103
0.000000000,29.211,1.300,0.103,0.000,3.036,173.947,12.982,4.226,8.452,0.000,82.80,137.14,0.067,0.100
0.000000000,29.312,1.301,0.103,0.000,3.038,174.085,13.033,4.226,8.452,0.000,82.80,137.14,0.067,0.100
0.000000000,29.412,1.301,0.104,0.000,3.041,174.252,13.095,4.226,8.452,0.000,82.80,137.14,0.067,0.100
0.000000000,29.512,1.301,0.104,0.000,3.044,174.386,13.146,4.226,8.452,0.000,82.80,137.14,0.067,0.100
0.000000000,29.615,1.302,0.105,0.000,3.046,174.540,13.208,4.226,8.452,0.000,82.80,137.14,0.067,0.100
0.000000000,29.712,1.302,0.105,0.000,3.048,174.662,13.260,4.226,8.452,0.000,82.80,137.14,0.067,0.100
0.000000000,29.812,1.302,0.105,0.000,3.051,174.836,13.343,4.226,8.452,0.000,82.80,137.14,0.067,0.100
0.000000000,29.912,1.302,0.106,0.000,3.053,174.911,13.385,4.226,8.452,0.000,82.80,137.14,0.067,0.100
0.000000000,30.012,1.302,0.106,0.000,3.055,175.019,13.458,4.226,8.452,0.000,82.80,137.14,0.067,0.100
0.000000000,30.112,1.302,0.107,0.000,3.056,175.098,13.531,4.226,8.452,0.000,82.80,137.14,0.067,0.100
0.000000000,30.213,1.301,0.107,0.000,3.057,175.144,13.604,4.354,8.709,0.000,85.32,140.06,0.129,0.102
0.000000000,30.312,1.300,0.108,0.000,3.057,175.164,13.667,4.354,8.709,0.000,85.32,140.06,0.129,0.102
0.000000000,30.420,1.298,0.108,0.000,3.057,175.164,13.729,4.354,8.709,0.000,85.32,140.06,0.129,0.102
0.000000000,30.513,1.295,0.108,0.000,3.057,175.145,13.792,4.354,8.709,0.000,85.32,140.06,0.129,0.102
0.000000000,30.612,1.292,0.109,0.000,3.056,175.111,13.854,4.354,8.709,0.000,85.32,140.06,0.129,0.102
0.000000000,30.712,1.289,0.109,0.000,3.056,175.077,13.906,4.354,8.709,0.000,85.32,140.06,0.129,0.102
0.000000000,30.812,1.287,0.110,0.000,3.055,175.040,13.979,4.354,8.709,0.000,85.32,140.06,0.129,0.102
0.000000000,30.912,1.285,0.110,0.000,3.055,175.028,14.041,4.354,8.709,0.000,85.32,140.06,0.129,0.102
0.000000000,31.012,1.284,0.110,0.000,3.055,175.039,14.103,4.354,8.709,0.000,85.32,140.06,0.129,0.102
0.000000000,31.112,1.282,0.111,0.000,3.056,175.071,14.155,4.354,8.709,0.000,85.32,140.06,0.129,0.102
0.000000000,31.213,1.281,0.111,0.000,3.057,175.154,14.227,4.493,8.987,0.000,88.04,143.50,0.139,0.106
0.000000000,31.313,1.280,0.112,0.000,3.059,175.257,14.289,4.493,8.987,0.000,88.04,143.50,0.139,0.106
0.000000000,31.412,1.279,0.112,0.000,3.061,175.393,14.351,4.493,8.987,0.000,88.04,143.50,0.139,0.106
0.000000000,31.512,1.279,0.112,0.000,3.064,175.558,14.412,4.493,8.987,0.000,88.04,143.50,0.139,0.106
0.000000000,31.612,1.278,0.113,0.000,3.067,175.752,14.474,4.493,8.987,0.000,88.04,143.50,0.139,0.106
0.000000000,31.713,1.278,0.113,0.000,3.072,176.020,14.546,4.493,8.987,0.000,88.04,143.50,0.139,0.106
0.000000000,31.812,1.279,0.114,0.000,3.076,176.249,14.597,4.493,8.987,0.000,88.04,143.50,0.139,0.106
0.000000000,31.913,1.279,0.114,0.000,3.079,176.403,14.628,4.493,8.987,0.000,88.04,143.50,0.139,0.106
0.000000000,32.014,1.280,0.114,0.000,3.086,176.833,14.700,4.493,8.987,0.000,88.04,143.50,0.139,0.106
0.000000000,32.115,1.280,0.114,0.000,3.090,177.051,14.730,4.493,8.987,0.000,88.04,143.50,0.139,0.106
0.000000000,32.213,1.281,0.115,0.000,3.099,177.551,14.792,4.708,9.415,0.000,92.24,148.21,0.214,0.117
0.000000000,32.313,1.283,0.115,0.000,3.107,178.023,14.844,4.708,9.415,0.000,92.24,148.21,0.214,0.117
0.000000000,32.413,1.286,0.116,0.000,3.120,178.740,14.917,4.708,9.415,0.000,92.24,148.21,0.214,0.117
0.000000000,32.513,1.289,0.116,0.000,3.129,179.272,14.970,4.708,9.415,0.000,92.24,148.21,0.214,0.117
0.000000000,32.613,1.291,0.116,0.000,3.138,179.798,15.022,4.708,9.415,0.000,92.24,148.21,0.214,0.117
0.000000000,32.718,1.294,0.117,0.000,-3.135,-179.598,15.085,4.708,9.415,0.000,92.24,148.21,0.214,0.117
0.000000000,32.813,1.298,0.117,0.000,-3.124,-178.964,15.160,4.708,9.415,0.000,92.24,148.21,0.214,0.117
0.000000000,32.913,1.300,0.117,0.000,-3.117,-178.576,15.213,4.708,9.415,0.000,92.24,148.21,0.214,0.117
0.000000000,33.014,1.303,0.118,0.000,-3.110,-178.194,15.277,4.708,9.415,0.000,92.24,148.21,0.214,0.117
0.000000000,33.113,1.305,0.118,0.000,-3.105,-177.906,15.341,4.708,9.415,0.000,92.24,148.21,0.214,0.117
0.000000000,33.213,1.307,0.119,0.000,-3.101,-177.700,15.405,4.883,9.766,0.000,95.68,150.62,0.175,0.123
0.000000000,33.313,1.309,0.119,0.000,-3.099,-177.567,15.469,4.883,9.766,0.000,95.68,150.62,0.175,0.123
0.000000000,33.413,1.310,0.119,0.000,-3.098,-177.479,15.544,4.883,9.766,0.000,95.68,150.62,0.175,0.123
0.000000000,33.514,1.310,0.120,0.000,-3.097,-177.439,15.608,4.883,9.766,0.000,95.68,150.62,0.175,0.123
0.000000000,33.614,1.310,0.120,0.000,-3.096,-177.415,15.662,4.883,9.766,0.000,95.68,150.62,0.175,0.123
0.000000000,33.713,1.308,0.121,0.000,-3.096,-177.381,15.726,4.883,9.766,0.000,95.68,150.62,0.175,0.123
0.000000000,33.813,1.306,0.121,0.000,-3.095,-177.333,15.779,4.883,9.766,0.000,95.68,150.62,0.175,0.123
0.000000000,33.914,1.302,0.121,0.000,-3.093,-177.212,15.853,4.883,9.766,0.000,95.68,150.62,0.175,0.123
0.000000000,34.014,1.297,0.122,0.000,-3.090,-177.038,15.917,4.883,9.766,0.000,95.68,150.62,0.175,0.123
0.000000000,34.114,1.292,0.122,0.000,-3.085,-176.782,15.979,4.883,9.766,0.000,95.68,150.62,0.175,0.123
0.000000000,34.217,1.287,0.123,0.000,-3.081,-176.502,16.031,4.957,9.913,0.000,97.12,152.07,0.073,0.118
0.000000000,34.314,1.282,0.123,0.000,-3.073,-176.093,16.094,4.957,9.913,0.000,97.12,152.07,0.073,0.118
0.000000000,34.414,1.276,0.123,0.000,-3.064,-175.526,16.166,4.957,9.913,0.000,97.12,152.07,0.073,0.118
0.000000000,34.515,1.271,0.124,0.000,-3.054,-174.969,16.227,4.957,9.913,0.000,97.12,152.07,0.073,0.118
0.000000000,34.614,1.267,0.124,0.000,-3.045,-174.458,16.278,4.957,9.913,0.000,97.12,152.07,0.073,0.118
0.000000000,34.716,1.264,0.124,0.000,-3.035,-173.908,16.329,4.957,9.913,0.000,97.12,152.07,0.073,0.118
0.000000000,34.814,1.261,0.125,0.000,-3.023,-173.189,16.390,4.957,9.913,0.000,97.12,152.07,0.073,0.118
0.000000000,34.914,1.258,0.125,0.000,-3.011,-172.542,16.441,4.957,9.913,0.000,97.12,152.07,0.073,0.118
0.000000000,35.016,1.256,0.125,0.000,-2.997,-171.709,16.501,4.957,9.913,0.000,97.12,152.07,0.073,0.118
0.000000000,35.115,1.255,0.126,0.000,-2.984,-170.964,16.551,4.957,9.913,0.000,97.12,152.07,0.073,0.118
0.000000000,35.216,1.255,0.126,0.000,-2.964,-169.841,16.620,5.414,10.828,0.000,106.08,165.79,0.457,0.152
0.000000000,35.314,1.254,0.126,0.000,-2.946,-168.792,16.680,5.414,10.828,0.000,106.08,165.79,0.457,0.152
0.000000000,35.414,1.253,0.127,0.000,-2.926,-167.650,16.740,5.414,10.828,0.000,106.08,165.79,0.457,0.152
0.000000000,35.514,1.252,0.127,0.000,-2.908,-166.619,16.789,5.414,10.828,0.000,106.08,165.79,0.457,0.152
0.000000000,35.615,1.250,0.127,0.000,-2.885,-165.276,16.849,5.414,10.828,0.000,106.08,165.79,0.457,0.152
0.000000000,35.714,1.247,0.128,0.000,-2.859,-163.810,16.909,5.414,10.828,0.000,106.08,165.79,0.457,0.152
0.000000000,35.814,1.244,0.128,0.000,-2.831,-162.224,16.968,5.414,10.828,0.000,106.08,165.79,0.457,0.152
0.000000000,35.917,1.242,0.128,0.000,-2.809,-160.960,17.013,5.414,10.828,0.000,106.08,165.79,0.457,0.152
0.000000000,36.014,1.239,0.129,0.000,-2.768,-158.575,17.093,5.414,10.828,0.000,106.08,165.79,0.457,0.152
0.000000000,36.115,1.238,0.129,0.000,-2.735,-156.695,17.153,5.414,10.828,0.000,106.08,165.79,0.457,0.152
0.000000000,36.215,1.238,0.129,0.000,-2.707,-155.083,17.203,5.728,11.457,0.000,112.24,172.36,0.314,0.168
0.000000000,36.315,1.238,0.130,0.000,-2.672,-153.112,17.263,5.728,11.457,0.000,112.24,172.36,0.314,0.168
0.000000000,36.415,1.238,0.130,0.000,-2.643,-151.457,17.314,5.728,11.457,0.000,112.24,172.36,0.314,0.168
0.000000000,36.514,1.237,0.130,0.000,-2.615,-149.803,17.364,5.728,11.457,0.000,112.24,172.36,0.314,0.168
0.000000000,36.614,1.234,0.131,0.000,-2.574,-147.505,17.435,5.728,11.457,0.000,112.24,172.36,0.314,0.168
0.000000000,36.716,1.231,0.131,0.000,-2.546,-145.886,17.486,5.728,11.457,0.000,112.24,172.36,0.314,0.168
0.000000000,36.815,1.229,0.131,0.000,-2.524,-144.613,17.526,5.728,11.457,0.000,112.24,172.36,0.314,0.168
0.000000000,36.914,1.225,0.132,0.000,-2.492,-142.753,17.587,5.728,11.457,0.000,112.24,172.36,0.314,0.168
0.000000000,37.015,1.222,0.132,0.000,-2.465,-141.260,17.637,5.728,11.457,0.000,112.24,172.36,0.314,0.168
0.000000000,37.115,1.217,0.132,0.000,-2.436,-139.550,17.696,5.728,11.457,0.000,112.24,172.36,0.314,0.168
0.000000000,37.215,1.212,0.133,0.000,-2.408,-137.947,17.756,5.896,11.792,0.000,115.52,175.97,0.167,0.168
0.000000000,37.315,1.209,0.133,0.000,-2.386,-136.702,17.805,5.896,11.792,0.000,115.52,175.97,0.167,0.168
0.000000000,37.415,1.204,0.133,0.000,-2.362,-135.329,17.863,5.896,11.792,0.000,115.52,175.97,0.167,0.168
0.000000000,37.515,1.200,0.134,0.000,-2.337,-133.910,17.931,5.896,11.792,0.000,115.52,175.97,0.167,0.168
0.000000000,37.626,1.198,0.134,0.000,-2.322,-133.026,17.980,5.896,11.792,0.000,115.52,175.97,0.167,0.168
0.000000000,37.716,1.197,0.134,0.000,-2.308,-132.254,18.028,5.896,11.792,0.000,115.52,175.97,0.167,0.168
0.000000000,37.815,1.199,0.135,0.000,-2.291,-131.264,18.106,5.896,11.792,0.000,115.52,175.97,0.167,0.168
0.000000000,37.915,1.201,0.135,0.000,-2.284,-130.884,18.144,5.896,11.792,0.000,115.52,175.97,0.167,0.168
0.000000000,38.015,1.206,0.135,0.000,-2.276,-130.406,18.212,5.896,11.792,0.000,115.52,175.97,0.167,0.168
0.000000000,38.115,1.212,0.136,0.000,-2.272,-130.188,18.271,5.896,11.792,0.000,115.52,175.97,0.167,0.168
0.000000000,38.216,1.220,0.136,0.000,-2.272,-130.154,18.340,6.065,12.130,0.000,118.84,188.53,0.169,0.168
0.000000000,38.315,1.227,0.136,0.000,-2.275,-130.349,18.410,6.065,12.130,0.000,118.84,188.53,0.169,0.168
0.000000000,38.416,1.232,0.137,0.000,-2.280,-130.624,18.460,6.065,12.130,0.000,118.84,188.53,0.169,0.168
0.000000000,38.515,1.237,0.137,0.000,-2.288,-131.099,18.520,6.065,12.130,0.000,118.84,188.53,0.169,0.168
0.000000000,38.615,1.241,0.137,0.000,-2.299,-131.727,18.580,6.065,12.130,0.000,118.84,188.53,0.169,0.168
0.000000000,38.716,1.243,0.138,0.000,-2.310,-132.368,18.630,6.065,12.130,0.000,118.84,188.53,0.169,0.168
0.000000000,38.815,1.243,0.138,0.000,-2.323,-133.117,18.680,6.065,12.130,0.000,118.84,188.53,0.169,0.168
0.000000000,38.916,1.242,0.138,0.000,-2.342,-134.159,18.739,6.065,12.130,0.000,118.84,188.53,0.169,0.168
0.000000000,39.015,1.237,0.139,0.000,-2.366,-135.574,18.808,6.065,12.130,0.000,118.84,188.53,0.169,0.168
0.000000000,39.117,1.229,0.139,0.000,-2.390,-136.953,18.867,6.065,12.130,0.000,118.84,188.53,0.169,0.168
0.000000000,39.215,1.221,0.139,0.000,-2.412,-138.222,18.915,6.167,12.335,0.000,120.84,190.81,0.102,0.161
0.000000000,39.315,1.208,0.140,0.000,-2.441,-139.883,18.973,6.167,12.335,0.000,120.84,190.81,0.102,0.161
0.000000000,39.415,1.190,0.140,0.000,-2.478,-142.003,19.038,6.167,12.335,0.000,120.84,190.81,0.102,0.161
0.000000000,39.515,1.175,0.140,0.000,-2.507,-143.631,19.084,6.167,12.335,0.000,120.84,190.81,0.102,0.161
0.000000000,39.615,1.150,0.141,0.000,-2.549,-146.049,19.147,6.167,12.335,0.000,120.84,190.81,0.102,0.161
0.000000000,39.715,1.127,0.141,0.000,-2.587,-148.229,19.200,6.167,12.335,0.000,120.84,190.81,0.102,0.161
0.000000000,39.815,1.098,0.141,0.000,-2.633,-150.866,19.261,6.167,12.335,0.000,120.84,190.81,0.102,0.161
0.000000000,39.916,1.081,0.141,0.000,-2.660,-152.404,19.294,6.167,12.335,0.000,120.84,190.81,0.102,0.161
0.000000000,40.016,1.054,0.142,0.000,-2.701,-154.733,19.344,6.167,12.335,0.000,120.84,190.81,0.102,0.161
0.000000000,40.116,1.023,0.142,0.000,-2.748,-157.468,19.400,6.167,12.335,0.000,120.84,190.81,0.102,0.161
0.000000000,40.217,1.002,0.142,0.000,-2.782,-159.421,19.439,6.333,12.665,0.000,124.08,204.18,0.165,0.162
0.000000000,40.316,0.978,0.142,0.000,-2.823,-161.757,19.486,6.333,12.665,0.000,124.08,204.18,0.165,0.162
0.000000000,40.416,0.955,0.143,0.000,-2.871,-164.468,19.539,6.333,12.665,0.000,124.08,204.18,0.165,0.162
0.000000000,40.519,0.939,0.143,0.000,-2.911,-166.765,19.584,6.333,12.665,0.000,124.08,204.18,0.165,0.162
0.000000000,40.616,0.931,0.143,0.000,-2.944,-168.651,19.621,6.333,12.665,0.000,124.08,204.18,0.165,0.162
0.000000000,40.716,0.926,0.143,0.000,-2.982,-170.872,19.666,6.333,12.665,0.000,124.08,204.18,0.165,0.162
0.000000000,40.816,0.927,0.143,0.000,-3.020,-173.035,19.711,6.333,12.665,0.000,124.08,204.18,0.165,0.162
0.000000000,40.916,0.932,0.144,0.000,-3.050,-174.780,19.750,6.333,12.665,0.000,124.08,204.18,0.165,0.162
0.000000000,41.017,0.946,0.144,0.000,-3.091,-177.128,19.804,6.333,12.665,0.000,124.08,204.18,0.165,0.162
0.000000000,41.116,0.959,0.144,0.000,-3.119,-178.731,19.844,6.333,12.665,0.000,124.08,204.18,0.165,0.162
0.000000000,41.217,0.978,0.144,0.000,3.132,179.439,19.893,6.549,13.098,0.000,128.32,216.54,0.216,0.167
0.000000000,41.316,0.995,0.144,0.000,3.107,177.995,19.935,6.549,13.098,0.000,128.32,216.54,0.216,0.167
0.000000000,41.417,1.019,0.145,0.000,3.074,176.111,19.995,6.549,13.098,0.000,128.32,216.54,0.216,0.167
0.000000000,41.516,1.041,0.145,0.000,3.044,174.399,20.057,6.549,13.098,0.000,128.32,216.54,0.216,0.167
0.000000000,41.618,1.061,0.145,0.000,3.017,172.861,20.120,6.549,13.098,0.000,128.32,216.54,0.216,0.167
0.000000000,41.716,1.071,0.146,0.000,3.003,172.059,20.157,6.549,13.098,0.000,128.32,216.54,0.216,0.167
0.000000000,41.816,1.083,0.146,0.000,2.987,171.137,20.203,6.549,13.098,0.000,128.32,216.54,0.216,0.167
0.000000000,41.918,1.096,0.146,0.000,2.970,170.144,20.260,6.549,13.098,0.000,128.32,216.54,0.216,0.167
0.000000000,42.016,1.107,0.146,0.000,2.957,169.403,20.307,6.549,13.098,0.000,128.32,216.54,0.216,0.167
0.000000000,42.116,1.116,0.147,0.000,2.945,168.730,20.355,6.549,13.098,0.000,128.32,216.54,0.216,0.167
0.000000000,42.217,1.128,0.147,0.000,2.932,168.002,20.413,6.674,13.347,0.000,130.76,221.33,0.124,0.163
0.000000000,42.316,1.139,0.147,0.000,2.921,167.359,20.471,6.674,13.347,0.000,130.76,221.33,0.124,0.163
0.000000000,42.416,1.148,0.148,0.000,2.913,166.884,20.520,6.674,13.347,0.000,130.76,221.33,0.124,0.163
0.000000000,42.517,1.157,0.148,0.000,2.905,166.459,20.568,6.674,13.347,0.000,130.76,221.33,0.124,0.163
0.000000000,42.617,1.168,0.148,0.000,2.897,166.013,20.627,6.674,13.347,0.000,130.76,221.33,0.124,0.163
0.000000000,42.717,1.178,0.148,0.000,2.891,165.629,20.686,6.674,13.347,0.000,130.76,221.33,0.124,0.163
0.000000000,42.816,1.191,0.149,0.000,2.884,165.259,20.755,6.674,13.347,0.000,130.76,221.33,0.124,0.163
0.000000000,42.918,1.203,0.149,0.000,2.879,164.961,20.825,6.674,13.347,0.000,130.76,221.33,0.124,0.163
0.000000000,43.017,1.212,0.149,0.000,2.876,164.789,20.875,6.674,13.347,0.000,130.76,221.33,0.124,0.163
0.000000000,43.117,1.222,0.150,0.000,2.873,164.626,20.936,6.674,13.347,0.000,130.76,221.33,0.124,0.163
0.000000000,43.217,1.232,0.150,0.000,2.871,164.509,20.997,6.751,13.502,0.000,132.28,222.94,0.078,0.154
0.000000000,43.317,1.240,0.150,0.000,2.870,164.443,21.058,6.751,13.502,0.000,132.28,222.94,0.078,0.154
0.000000000,43.417,1.247,0.151,0.000,2.870,164.424,21.120,6.751,13.502,0.000,132.28,222.94,0.078,0.154
0.000000000,43.517,1.253,0.151,0.000,2.870,164.447,21.182,6.751,13.502,0.000,132.28,222.94,0.078,0.154
0.000000000,43.617,1.259,0.152,0.000,2.872,164.539,21.264,6.751,13.502,0.000,132.28,222.94,0.078,0.154
0.000000000,43.717,1.261,0.152,0.000,2.873,164.635,21.316,6.751,13.502,0.000,132.28,222.94,0.078,0.154
0.000000000,43.817,1.264,0.152,0.000,2.876,164.802,21.378,6.751,13.502,0.000,132.28,222.94,0.078,0.154
0.000000000,43.918,1.265,0.153,0.000,2.880,165.029,21.440,6.751,13.502,0.000,132.28,222.94,0.078,0.154
0.000000000,44.017,1.266,0.153,0.000,2.884,165.265,21.492,6.751,13.502,0.000,132.28,222.94,0.078,0.154
0.000000000,44.120,1.267,0.153,0.000,2.890,165.598,21.554,6.751,13.502,0.000,132.28,222.94,0.078,0.154
0.000000000,44.217,1.267,0.153,0.000,2.898,166.044,21.626,6.872,13.743,0.000,134.64,235.11,0.120,0.151
0.000000000,44.317,1.267,0.154,0.000,2.904,166.394,21.678,6.872,13.743,0.000,134.64,235.11,0.120,0.151
0.000000000,44.418,1.268,0.154,0.000,2.911,166.768,21.729,6.872,13.743,0.000,134.64,235.11,0.120,0.151
0.000000000,44.518,1.269,0.154,0.000,2.920,167.311,21.801,6.872,13.743,0.000,134.64,235.11,0.120,0.151
0.000000000,44.618,1.269,0.155,0.000,2.928,167.788,21.863,6.872,13.743,0.000,134.64,235.11,0.120,0.151
0.000000000,44.719,1.270,0.155,0.000,2.937,168.268,21.925,6.872,13.743,0.000,134.64,235.11,0.120,0.151
0.000000000,44.818,1.272,0.155,0.000,2.945,168.741,21.986,6.872,13.743,0.000,134.64,235.11,0.120,0.151
0.000000000,44.917,1.274,0.156,0.000,2.953,169.205,22.048,6.872,13.743,0.000,134.64,235.11,0.120,0.151
0.000000000,45.017,1.275,0.156,0.000,2.961,169.656,22.110,6.872,13.743,0.000,134.64,235.11,0.120,0.151
0.000000000,45.117,1.276,0.156,0.000,2.970,170.159,22.182,6.872,13.743,0.000,134.64,235.11,0.120,0.151
0.000000000,45.217,1.277,0.157,0.000,2.977,170.574,22.243,7.008,14.017,0.000,137.32,235.98,0.137,0.150
0.000000000,45.317,1.276,0.157,0.000,2.984,170.991,22.305,7.008,14.017,0.000,137.32,235.98,0.137,0.150
0.000000000,45.418,1.273,0.157,0.000,2.992,171.429,22.366,7.008,14.017,0.000,137.32,235.98,0.137,0.150
0.000000000,45.521,1.269,0.158,0.000,3.000,171.909,22.427,7.008,14.017,0.000,137.32,235.98,0.137,0.150
0.000000000,45.618,1.263,0.158,0.000,3.010,172.447,22.488,7.008,14.017,0.000,137.32,235.98,0.137,0.150
0.000000000,45.718,1.256,0.158,0.000,3.020,173.048,22.548,7.008,14.017,0.000,137.32,235.98,0.137,0.150
0.000000000,45.818,1.248,0.159,0.000,3.032,173.703,22.608,7.008,14.017,0.000,137.32,235.98,0.137,0.150
0.000000000,45.918,1.241,0.159,0.000,3.044,174.391,22.667,7.008,14.017,0.000,137.32,235.98,0.137,0.150
0.000000000,46.018,1.233,0.159,0.000,3.058,175.204,22.736,7.008,14.017,0.000,137.32,235.98,0.137,0.150
0.000000000,46.118,1.226,0.160,0.000,3.070,175.885,22.794,7.008,14.017,0.000,137.32,235.98,0.137,0.150
0.000000000,46.218,1.220,0.160,0.000,3.081,176.546,22.852,7.123,14.245,0.000,139.56,238.58,0.114,0.146
0.000000000,46.319,1.213,0.160,0.000,3.093,177.197,22.909,7.123,14.245,0.000,139.56,238.58,0.114,0.146
0.000000000,46.418,1.205,0.161,0.000,3.104,177.855,22.966,7.123,14.245,0.000,139.56,238.58,0.114,0.146
0.000000000,46.519,1.196,0.161,0.000,3.116,178.541,23.022,7.123,14.245,0.000,139.56,238.58,0.114,0.146
0.000000000,46.618,1.185,0.161,0.000,3.129,179.272,23.078,7.123,14.245,0.000,139.56,238.58,0.114,0.146
0.000000000,46.719,1.169,0.161,0.000,-3.135,-179.650,23.151,7.123,14.245,0.000,139.56,238.58,0.114,0.146
0.000000000,46.818,1.157,0.162,0.000,-3.122,-178.902,23.197,7.123,14.245,0.000,139.56,238.58,0.114,0.146
0.000000000,46.920,1.140,0.162,0.000,-3.102,-177.741,23.260,7.123,14.245,0.000,139.56,238.58,0.114,0.146
0.000000000,47.019,1.124,0.162,0.000,-3.083,-176.626,23.312,7.123,14.245,0.000,139.56,238.58,0.114,0.146
0.000000000,47.120,1.109,0.162,0.000,-3.065,-175.603,23.356,7.123,14.245,0.000,139.56,238.58,0.114,0.146
0.000000000,47.220,1.090,0.163,0.000,-3.041,-174.255,23.407,7.245,14.490,0.000,141.96,240.70,0.122,0.144
0.000000000,47.318,1.066,0.163,0.000,-3.011,-172.497,23.466,7.245,14.490,0.000,141.96,240.70,0.122,0.144
0.000000000,47.418,1.048,0.163,0.000,-2.986,-171.113,23.506,7.245,14.490,0.000,141.96,240.70,0.122,0.144
0.000000000,47.519,1.025,0.163,0.000,-2.955,-169.310,23.554,7.245,14.490,0.000,141.96,240.70,0.122,0.144
0.000000000,47.618,1.000,0.164,0.000,-2.921,-167.350,23.601,7.245,14.490,0.000,141.96,240.70,0.122,0.144
0.000000000,47.718,0.978,0.164,0.000,-2.890,-165.592,23.639,7.245,14.490,0.000,141.96,240.70,0.122,0.144
0.000000000,47.819,0.945,0.164,0.000,-2.844,-162.937,23.690,7.245,14.490,0.000,141.96,240.70,0.122,0.144
0.000000000,47.918,0.915,0.164,0.000,-2.801,-160.482,23.733,7.245,14.490,0.000,141.96,240.70,0.122,0.144
0.000000000,48.018,0.889,0.164,0.000,-2.763,-158.309,23.767,7.245,14.490,0.000,141.96,240.70,0.122,0.144
0.000000000,48.118,0.856,0.164,0.000,-2.715,-155.549,23.806,7.245,14.490,0.000,141.96,240.70,0.122,0.144
0.000000000,48.219,0.829,0.165,0.000,-2.672,-153.117,23.838,7.341,14.682,0.000,143.84,242.93,0.096,0.139
0.000000000,48.319,0.800,0.165,0.000,-2.628,-150.565,23.868,7.341,14.682,0.000,143.84,242.93,0.096,0.139
0.000000000,48.419,0.766,0.165,0.000,-2.572,-147.348,23.903,7.341,14.682,0.000,143.84,242.93,0.096,0.139
0.000000000,48.519,0.724,0.165,0.000,-2.503,-143.392,23.942,7.341,14.682,0.000,143.84,242.93,0.096,0.139
0.000000000,48.621,0.688,0.165,0.000,-2.441,-139.839,23.973,7.341,14.682,0.000,143.84,242.93,0.096,0.139
0.000000000,48.719,0.652,0.165,0.000,-2.376,-136.152,24.002,7.341,14.682,0.000,143.84,242.93,0.096,0.139
0.000000000,48.819,0.610,0.165,0.000,-2.299,-131.707,24.034,7.341,14.682,0.000,143.84,242.93,0.096,0.139
0.000000000,48.919,0.569,0.165,0.000,-2.219,-127.133,24.063,7.341,14.682,0.000,143.84,242.93,0.096,0.139
0.000000000,49.019,0.535,0.165,0.000,-2.149,-123.130,24.086,7.341,14.682,0.000,143.84,242.93,0.096,0.139
0.000000000,49.119,0.499,0.165,0.000,-2.066,-118.381,24.111,7.341,14.682,0.000,143.84,242.93,0.096,0.139
0.000000000,49.219,0.467,0.165,0.000,-1.982,-113.573,24.135,7.351,14.703,0.000,144.04,245.22,0.010,0.126
0.000000000,49.319,0.445,0.165,0.000,-1.910,-109.423,24.154,7.351,14.703,0.000,144.04,245.22,0.010,0.126
0.000000000,49.419,0.431,0.165,0.000,-1.849,-105.961,24.170,7.351,14.703,0.000,144.04,245.22,0.010,0.126
0.000000000,49.519,0.420,0.166,0.000,-1.753,-100.436,24.196,7.351,14.703,0.000,144.04,245.22,0.010,0.126
0.000000000,49.617,0.420,0.166,0.000,-1.693,-97.009,24.213,7.351,14.703,0.000,144.04,245.22,0.010,0.126
0.000000000,49.723,0.426,0.166,0.000,-1.634,-93.614,24.231,7.351,14.703,0.000,144.04,245.22,0.010,0.126
0.000000000,49.814,0.440,0.166,0.000,-1.564,-89.591,24.254,7.351,14.703,0.000,144.04,245.22,0.010,0.126
0.000000000,49.913,0.462,0.166,0.000,-1.495,-85.643,24.278,7.351,14.703,0.000,144.04,245.22,0.010,0.126
0.000000000,50.012,0.490,0.166,0.000,-1.427,-81.785,24.304,7.351,14.703,0.000,144.04,245.22,0.010,0.126
0.000000000,50.111,0.523,0.166,0.000,-1.362,-78.024,24.333,7.351,14.703,0.000,144.04,245.22,0.010,0.126
0.000000000,50.212,0.567,0.166,0.000,-1.288,-73.784,24.368,7.360,14.719,0.000,144.20,245.35,0.008,0.114
0.000000000,50.309,0.601,0.166,0.000,-1.237,-70.861,24.396,7.360,14.719,0.000,144.20,245.35,0.008,0.114
0.000000000,50.409,0.652,0.166,0.000,-1.168,-66.916,24.436,7.360,14.719,0.000,144.20,245.35,0.008,0.114
0.000000000,50.506,0.698,0.166,0.000,-1.112,-63.684,24.474,7.360,14.719,0.000,144.20,245.35,0.008,0.114
0.000000000,50.605,0.752,0.166,0.000,-1.049,-60.088,24.520,7.360,14.719,0.000,144.20,245.35,0.008,0.114
0.000000000,50.703,0.798,0.167,0.000,-0.998,-57.166,24.562,7.360,14.719,0.000,144.20,245.35,0.008,0.114
0.000000000,50.804,0.843,0.167,0.000,-0.949,-54.393,24.607,7.360,14.719,0.000,144.20,245.35,0.008,0.114
0.000000000,50.902,0.871,0.167,0.000,-0.919,-52.634,24.637,7.360,14.719,0.000,144.20,245.35,0.008,0.114
0.000000000,51.000,0.910,0.167,0.000,-0.875,-50.131,24.685,7.360,14.719,0.000,144.20,245.35,0.008,0.114
0.000000000,51.099,0.950,0.167,0.000,-0.828,-47.423,24.741,7.360,14.719,0.000,144.20,245.35,0.008,0.114
0.000000000,51.198,0.984,0.168,0.000,-0.784,-44.933,24.800,7.360,14.719,0.000,144.20,246.19,0.000,0.103
0.000000000,51.298,1.008,0.168,0.000,-0.750,-42.967,24.850,7.360,14.719,0.000,144.20,246.19,0.000,0.103
0.000000000,51.396,1.030,0.168,0.000,-0.713,-40.863,24.910,7.360,14.719,0.000,144.20,246.19,0.000,0.103
0.000000000,51.495,1.042,0.168,0.000,-0.689,-39.489,24.953,7.360,14.719,0.000,144.20,246.19,0.000,0.103
0.000000000,51.594,1.055,0.169,0.000,-0.659,-37.744,25.014,7.360,14.719,0.000,144.20,246.19,0.000,0.103
0.000000000,51.693,1.060,0.169,0.000,-0.639,-36.630,25.057,7.360,14.719,0.000,144.20,246.19,0.000,0.103
0.000000000,51.792,1.065,0.169,0.000,-0.618,-35.432,25.108,7.360,14.719,0.000,144.20,246.19,0.000,0.103
0.000000000,51.893,1.066,0.169,0.000,-0.600,-34.381,25.159,7.360,14.719,0.000,144.20,246.19,0.000,0.103
0.000000000,51.990,1.064,0.170,0.000,-0.584,-33.480,25.210,7.360,14.719,0.000,144.20,246.19,0.000,0.103
0.000000000,52.089,1.060,0.170,0.000,-0.571,-32.731,25.260,7.360,14.719,0.000,144.20,246.19,0.000,0.103
0.000000000,52.188,1.054,0.170,0.000,-0.562,-32.224,25.301,7.364,14.727,0.000,144.28,246.97,0.004,0.093
0.000000000,52.287,1.047,0.170,0.000,-0.555,-31.827,25.341,7.364,14.727,0.000,144.28,246.97,0.004,0.093
0.000000000,52.386,1.037,0.170,0.000,-0.550,-31.499,25.389,7.364,14.727,0.000,144.28,246.97,0.004,0.093
0.000000000,52.485,1.023,0.171,0.000,-0.547,-31.324,25.443,7.364,14.727,0.000,144.28,246.97,0.004,0.093
0.000000000,52.586,1.012,0.171,0.000,-0.547,-31.339,25.481,7.364,14.727,0.000,144.28,246.97,0.004,0.093
0.000000000,52.684,1.000,0.171,0.000,-0.549,-31.475,25.518,7.364,14.727,0.000,144.28,246.97,0.004,0.093
0.000000000,52.783,0.984,0.171,0.000,-0.555,-31.794,25.561,7.364,14.727,0.000,144.28,246.97,0.004,0.093
0.000000000,52.882,0.965,0.171,0.000,-0.565,-32.388,25.610,7.364,14.727,0.000,144.28,246.97,0.004,0.093
0.000000000,52.981,0.951,0.171,0.000,-0.575,-32.961,25.645,7.364,14.727,0.000,144.28,246.97,0.004,0.093
0.000000000,53.080,0.933,0.172,0.000,-0.590,-33.807,25.685,7.364,14.727,0.000,144.28,246.97,0.004,0.093
0.000000000,53.179,0.916,0.172,0.000,-0.608,-34.829,25.724,7.380,14.760,0.000,144.60,249.36,0.016,0.085
0.000000000,53.279,0.897,0.172,0.000,-0.632,-36.221,25.769,7.380,14.760,0.000,144.60,249.36,0.016,0.085
0.000000000,53.378,0.883,0.172,0.000,-0.651,-37.326,25.800,7.380,14.760,0.000,144.60,249.36,0.016,0.085
0.000000000,53.477,0.868,0.172,0.000,-0.676,-38.757,25.837,7.380,14.760,0.000,144.60,249.36,0.016,0.085
0.000000000,53.576,0.855,0.172,0.000,-0.703,-40.279,25.873,7.380,14.760,0.000,144.60,249.36,0.016,0.085
0.000000000,53.676,0.844,0.172,0.000,-0.731,-41.876,25.909,7.380,14.760,0.000,144.60,249.36,0.016,0.085
0.000000000,53.774,0.834,0.172,0.000,-0.765,-43.828,25.950,7.380,14.760,0.000,144.60,249.36,0.016,0.085
0.000000000,53.874,0.828,0.173,0.000,-0.795,-45.573,25.985,7.380,14.760,0.000,144.60,249.36,0.016,0.085
0.000000000,53.973,0.825,0.173,0.000,-0.821,-47.064,26.015,7.380,14.760,0.000,144.60,249.36,0.016,0.085
0.000000000,54.072,0.824,0.173,0.000,-0.853,-48.891,26.051,7.380,14.760,0.000,144.60,249.36,0.016,0.085
0.000000000,54.171,0.825,0.173,0.000,-0.886,-50.764,26.088,7.400,14.801,0.000,145.00,252.39,0.021,0.079
0.000000000,54.270,0.831,0.173,0.000,-0.925,-53.003,26.131,7.400,14.801,0.000,145.00,252.39,0.021,0.079
0.000000000,54.370,0.840,0.173,0.000,-0.959,-54.963,26.170,7.400,14.801,0.000,145.00,252.39,0.021,0.079
0.000000000,54.469,0.853,0.173,0.000,-1.000,-57.283,26.216,7.400,14.801,0.000,145.00,252.39,0.021,0.079
0.000000000,54.568,0.865,0.174,0.000,-1.029,-58.954,26.251,7.400,14.801,0.000,145.00,252.39,0.021,0.079
0.000000000,54.668,0.880,0.174,0.000,-1.064,-60.957,26.293,7.400,14.801,0.000,145.00,252.39,0.021,0.079
0.000000000,54.768,0.897,0.174,0.000,-1.099,-62.949,26.337,7.400,14.801,0.000,145.00,252.39,0.021,0.079
0.000000000,54.866,0.913,0.174,0.000,-1.133,-64.924,26.382,7.400,14.801,0.000,145.00,252.39,0.021,0.079
0.000000000,54.966,0.933,0.174,0.000,-1.173,-67.207,26.436,7.400,14.801,0.000,145.00,252.39,0.021,0.079
0.000000000,55.065,0.950,0.175,0.000,-1.207,-69.151,26.483,7.400,14.801,0.000,145.00,252.39,0.021,0.079
0.000000000,55.165,0.968,0.175,0.000,-1.241,-71.089,26.532,7.443,14.886,0.000,145.84,256.09,0.043,0.075
0.000000000,55.264,0.982,0.175,0.000,-1.269,-72.697,26.573,7.443,14.886,0.000,145.84,256.09,0.043,0.075
0.000000000,55.364,1.000,0.175,0.000,-1.302,-74.613,26.623,7.443,14.886,0.000,145.84,256.09,0.043,0.075
0.000000000,55.463,1.018,0.175,0.000,-1.336,-76.520,26.674,7.443,14.886,0.000,145.84,256.09,0.043,0.075
0.000000000,55.562,1.039,0.176,0.000,-1.374,-78.724,26.735,7.443,14.886,0.000,145.84,256.09,0.043,0.075
0.000000000,55.661,1.057,0.176,0.000,-1.406,-80.585,26.787,7.443,14.886,0.000,145.84,256.09,0.043,0.075
0.000000000,55.761,1.073,0.176,0.000,-1.433,-82.117,26.832,7.443,14.886,0.000,145.84,256.09,0.043,0.075
0.000000000,55.861,1.088,0.176,0.000,-1.460,-83.635,26.877,7.443,14.886,0.000,145.84,256.09,0.043,0.075
0.000000000,55.960,1.111,0.177,0.000,-1.496,-85.730,26.941,7.443,14.886,0.000,145.84,256.09,0.043,0.075
0.000000000,56.059,1.130,0.177,0.000,-1.527,-87.495,26.997,7.443,14.886,0.000,145.84,256.09,0.043,0.075
0.000000000,56.162,1.150,0.177,0.000,-1.557,-89.226,27.054,7.496,14.993,0.000,146.88,258.00,0.053,0.073
0.000000000,56.259,1.162,0.177,0.000,-1.577,-90.360,27.092,7.496,14.993,0.000,146.88,258.00,0.053,0.073
0.000000000,56.361,1.187,0.178,0.000,-1.616,-92.573,27.169,7.496,14.993,0.000,146.88,258.00,0.053,0.073
0.000000000,56.457,1.201,0.178,0.000,-1.639,-93.912,27.218,7.496,14.993,0.000,146.88,258.00,0.053,0.073
0.000000000,56.557,1.220,0.178,0.000,-1.671,-95.716,27.287,7.496,14.993,0.000,146.88,258.00,0.053,0.073
0.000000000,56.656,1.230,0.178,0.000,-1.688,-96.709,27.327,7.496,14.993,0.000,146.88,258.00,0.053,0.073
0.000000000,56.755,1.247,0.179,0.000,-1.717,-98.366,27.398,7.496,14.993,0.000,146.88,258.00,0.053,0.073
0.000000000,56.855,1.261,0.179,0.000,-1.740,-99.698,27.459,7.496,14.993,0.000,146.88,258.00,0.053,0.073
0.000000000,56.954,1.276,0.179,0.000,-1.765,-101.141,27.530,7.496,14.993,0.000,146.88,258.00,0.053,0.073
0.000000000,57.053,1.287,0.179,0.000,-1.785,-102.281,27.592,7.496,14.993,0.000,146.88,258.00,0.053,0.073
0.000000000,57.153,1.299,0.180,0.000,-1.807,-103.511,27.665,7.668,15.336,0.000,150.24,263.06,0.172,0.083
0.000000000,57.261,1.308,0.180,0.000,-1.824,-104.492,27.727,7.668,15.336,0.000,150.24,263.06,0.172,0.083
0.000000000,57.352,1.314,0.180,0.000,-1.837,-105.264,27.779,7.668,15.336,0.000,150.24,263.06,0.172,0.083
0.000000000,57.459,1.321,0.181,0.000,-1.855,-106.286,27.852,7.668,15.336,0.000,150.24,263.06,0.172,0.083
0.000000000,57.551,1.326,0.181,0.000,-1.867,-106.981,27.904,7.668,15.336,0.000,150.24,263.06,0.172,0.083
0.000000000,57.651,1.331,0.181,0.000,-1.883,-107.911,27.977,7.668,15.336,0.000,150.24,263.06,0.172,0.083
0.000000000,57.751,1.334,0.181,0.000,-1.892,-108.424,28.019,7.668,15.336,0.000,150.24,263.06,0.172,0.083
0.000000000,57.851,1.338,0.182,0.000,-1.907,-109.286,28.092,7.668,15.336,0.000,150.24,263.06,0.172,0.083
0.000000000,57.949,1.340,0.182,0.000,-1.916,-109.758,28.134,7.668,15.336,0.000,150.24,263.06,0.172,0.083
0.000000000,58.049,1.341,0.182,0.000,-1.929,-110.549,28.207,7.668,15.336,0.000,150.24,263.06,0.172,0.083
0.000000000,58.148,1.341,0.183,0.000,-1.939,-111.088,28.259,7.890,15.781,0.000,154.60,265.83,0.224,0.097
0.000000000,58.248,1.339,0.183,0.000,-1.951,-111.809,28.331,7.890,15.781,0.000,154.60,265.83,0.224,0.097
0.000000000,58.347,1.336,0.183,0.000,-1.962,-112.396,28.393,7.890,15.781,0.000,154.60,265.83,0.224,0.097
0.000000000,58.447,1.332,0.183,0.000,-1.972,-112.961,28.455,7.890,15.781,0.000,154.60,265.83,0.224,0.097
0.000000000,58.549,1.327,0.184,0.000,-1.981,-113.518,28.516,7.890,15.781,0.000,154.60,265.83,0.224,0.097
0.000000000,58.646,1.322,0.184,0.000,-1.991,-114.087,28.577,7.890,15.781,0.000,154.60,265.83,0.224,0.097
0.000000000,58.746,1.316,0.184,0.000,-2.002,-114.682,28.637,7.890,15.781,0.000,154.60,265.83,0.224,0.097
0.000000000,58.845,1.307,0.185,0.000,-2.016,-115.518,28.716,7.890,15.781,0.000,154.60,265.83,0.224,0.097
0.000000000,58.945,1.302,0.185,0.000,-2.026,-116.064,28.765,7.890,15.781,0.000,154.60,265.83,0.224,0.097
0.000000000,59.044,1.296,0.185,0.000,-2.037,-116.739,28.824,7.890,15.781,0.000,154.60,265.83,0.224,0.097
0.000000000,59.145,1.289,0.185,0.000,-2.052,-117.545,28.892,8.068,16.136,0.000,158.08,273.95,0.178,0.105
0.000000000,59.244,1.284,0.186,0.000,-2.066,-118.347,28.960,8.068,16.136,0.000,158.08,273.95,0.178,0.105
0.000000000,59.344,1.282,0.186,0.000,-2.075,-118.904,29.008,8.068,16.136,0.000,158.08,273.95,0.178,0.105
0.000000000,59.443,1.280,0.186,0.000,-2.086,-119.533,29.066,8.068,16.136,0.000,158.08,273.95,0.178,0.105
0.000000000,59.542,1.279,0.186,0.000,-2.098,-120.201,29.133,8.068,16.136,0.000,158.08,273.95,0.178,0.105
0.000000000,59.643,1.278,0.187,0.000,-2.107,-120.711,29.191,8.068,16.136,0.000,158.08,273.95,0.178,0.105
0.000000000,59.742,1.279,0.187,0.000,-2.115,-121.165,29.250,8.068,16.136,0.000,158.08,273.95,0.178,0.105
0.000000000,59.841,1.279,0.187,0.000,-2.123,-121.631,29.318,8.068,16.136,0.000,158.08,273.95,0.178,0.105
0.000000000,59.941,1.280,0.188,0.000,-2.128,-121.930,29.367,8.068,16.136,0.000,158.08,273.95,0.178,0.105
0.000000000,60.041,1.281,0.188,0.000,-2.134,-122.262,29.427,8.068,16.136,0.000,158.08,273.95,0.178,0.105
0.000000000,60.140,1.283,0.188,0.000,-2.140,-122.586,29.486,8.266,16.532,0.000,161.96,281.38,0.199,0.115
0.000000000,60.240,1.284,0.188,0.000,-2.143,-122.808,29.526,8.266,16.532,0.000,161.96,281.38,0.199,0.115
0.000000000,60.339,1.287,0.189,0.000,-2.152,-123.291,29.606,8.266,16.532,0.000,161.96,281.38,0.199,0.115
0.000000000,60.439,1.289,0.189,0.000,-2.158,-123.637,29.656,8.266,16.532,0.000,161.96,281.38,0.199,0.115
0.000000000,60.539,1.293,0.189,0.000,-2.167,-124.183,29.726,8.266,16.532,0.000,161.96,281.38,0.199,0.115
0.000000000,60.639,1.297,0.189,0.000,-2.177,-124.708,29.786,8.266,16.532,0.000,161.96,281.38,0.199,0.115
0.000000000,60.739,1.301,0.190,0.000,-2.187,-125.287,29.847,8.266,16.532,0.000,161.96,281.38,0.199,0.115
0.000000000,60.841,1.306,0.190,0.000,-2.198,-125.925,29.908,8.266,16.532,0.000,161.96,281.38,0.199,0.115
0.000000000,60.948,1.309,0.190,0.000,-2.208,-126.509,29.959,8.266,16.532,0.000,161.96,281.38,0.199,0.115
0.000000000,61.037,1.312,0.190,0.000,-2.224,-127.409,30.031,8.266,16.532,0.000,161.96,281.38,0.199,0.115
0.000000000,61.137,1.315,0.191,0.000,-2.241,-128.402,30.103,8.427,16.854,0.000,165.12,279.62,0.162,0.119
0.000000000,61.236,1.317,0.191,0.000,-2.257,-129.317,30.165,8.427,16.854,0.000,165.12,279.62,0.162,0.119
0.000000000,61.336,1.318,0.191,0.000,-2.271,-130.119,30.217,8.427,16.854,0.000,165.12,279.62,0.162,0.119
0.000000000,61.436,1.319,0.192,0.000,-2.292,-131.300,30.289,8.427,16.854,0.000,165.12,279.62,0.162,0.119
0.000000000,61.536,1.321,0.192,0.000,-2.314,-132.565,30.362,8.427,16.854,0.000,165.12,279.62,0.162,0.119
0.000000000,61.635,1.323,0.192,0.000,-2.334,-133.729,30.425,8.427,16.854,0.000,165.12,279.62,0.162,0.119
0.000000000,61.735,1.325,0.192,0.000,-2.356,-134.979,30.488,8.427,16.854,0.000,165.12,279.62,0.162,0.119
0.000000000,61.835,1.326,0.193,0.000,-2.383,-136.554,30.562,8.427,16.854,0.000,165.12,279.62,0.162,0.119
0.000000000,61.935,1.325,0.193,0.000,-2.409,-138.000,30.625,8.427,16.854,0.000,165.12,279.62,0.162,0.119
0.000000000,62.034,1.323,0.193,0.000,-2.435,-139.521,30.689,8.427,16.854,0.000,165.12,279.62,0.162,0.119
0.000000000,62.134,1.318,0.194,0.000,-2.463,-141.098,30.752,8.695,17.389,0.000,170.36,289.67,0.268,0.134
0.000000000,62.233,1.313,0.194,0.000,-2.486,-142.441,30.804,8.695,17.389,0.000,170.36,289.67,0.268,0.134
0.000000000,62.333,1.303,0.194,0.000,-2.515,-144.072,30.867,8.695,17.389,0.000,170.36,289.67,0.268,0.134
0.000000000,62.433,1.291,0.194,0.000,-2.543,-145.711,30.928,8.695,17.389,0.000,170.36,289.67,0.268,0.134
0.000000000,62.533,1.276,0.195,0.000,-2.572,-147.346,30.989,8.695,17.389,0.000,170.36,289.67,0.268,0.134
0.000000000,62.633,1.258,0.195,0.000,-2.600,-148.972,31.049,8.695,17.389,0.000,170.36,289.67,0.268,0.134
0.000000000,62.732,1.239,0.195,0.000,-2.629,-150.604,31.107,8.695,17.389,0.000,170.36,289.67,0.268,0.134
0.000000000,62.833,1.217,0.195,0.000,-2.662,-152.536,31.173,8.695,17.389,0.000,170.36,289.67,0.268,0.134
0.000000000,62.931,1.201,0.196,0.000,-2.687,-153.949,31.220,8.695,17.389,0.000,170.36,289.67,0.268,0.134
0.000000000,63.032,1.184,0.196,0.000,-2.717,-155.690,31.275,8.695,17.389,0.000,170.36,289.67,0.268,0.134
0.000000000,63.131,1.169,0.196,0.000,-2.749,-157.481,31.328,9.064,18.128,0.000,177.60,304.26,0.371,0.158
0.000000000,63.231,1.156,0.196,0.000,-2.780,-159.308,31.381,9.064,18.128,0.000,177.60,304.26,0.371,0.158
0.000000000,63.331,1.146,0.196,0.000,-2.807,-160.845,31.425,9.064,18.128,0.000,177.60,304.26,0.371,0.158
0.000000000,63.431,1.135,0.197,0.000,-2.840,-162.693,31.476,9.064,18.128,0.000,177.60,304.26,0.371,0.158
0.000000000,63.531,1.124,0.197,0.000,-2.877,-164.834,31.536,9.064,18.128,0.000,177.60,304.26,0.371,0.158
0.000000000,63.630,1.118,0.197,0.000,-2.903,-166.346,31.578,9.064,18.128,0.000,177.60,304.26,0.371,0.158
0.000000000,63.730,1.111,0.197,0.000,-2.934,-168.133,31.628,9.064,18.128,0.000,177.60,304.26,0.371,0.158
0.000000000,63.829,1.106,0.197,0.000,-2.960,-169.589,31.670,9.064,18.128,0.000,177.60,304.26,0.371,0.158
0.000000000,63.929,1.099,0.198,0.000,-2.990,-171.294,31.721,9.064,18.128,0.000,177.60,304.26,0.371,0.158
0.000000000,64.029,1.090,0.198,0.000,-3.019,-172.950,31.771,9.064,18.128,0.000,177.60,304.26,0.371,0.158
0.000000000,64.129,1.068,0.198,0.000,-3.047,-174.564,31.821,9.517,19.035,0.000,186.48,314.26,0.454,0.187
0.000000000,64.229,1.031,0.198,0.000,-3.074,-176.147,31.869,9.517,19.035,0.000,186.48,314.26,0.454,0.187
0.000000000,64.328,0.974,0.198,0.000,-3.107,-177.992,31.923,9.517,19.035,0.000,186.48,314.26,0.454,0.187
0.000000000,64.428,0.926,0.198,0.000,-3.130,-179.321,31.959,9.517,19.035,0.000,186.48,314.26,0.454,0.187
0.000000000,64.528,0.840,0.199,0.000,3.116,178.510,32.012,9.517,19.035,0.000,186.48,314.26,0.454,0.187
0.000000000,64.632,0.784,0.199,0.000,3.091,177.118,32.041,9.517,19.035,0.000,186.48,314.26,0.454,0.187
0.000000000,64.728,0.728,0.199,0.000,3.067,175.700,32.069,9.517,19.035,0.000,186.48,314.26,0.454,0.187
0.000000000,64.827,0.652,0.199,0.000,3.031,173.684,32.103,9.517,19.035,0.000,186.48,314.26,0.454,0.187
0.000000000,64.927,0.591,0.199,0.000,3.001,171.948,32.128,9.517,19.035,0.000,186.48,314.26,0.454,0.187
0.000000000,65.027,0.535,0.199,0.000,2.971,170.220,32.150,9.517,19.035,0.000,186.48,314.26,0.454,0.187
0.000000000,65.128,0.492,0.199,0.000,2.946,168.794,32.167,9.756,19.512,0.000,191.16,333.16,0.239,0.193
0.000000000,65.226,0.445,0.199,0.000,2.917,167.106,32.185,9.756,19.512,0.000,191.16,333.16,0.239,0.193
0.000000000,65.328,0.402,0.199,0.000,2.888,165.448,32.201,9.756,19.512,0.000,191.16,333.16,0.239,0.193
0.000000000,65.426,0.368,0.199,0.000,2.864,164.095,32.213,9.756,19.512,0.000,191.16,333.16,0.239,0.193
0.000000000,65.525,0.330,0.199,0.000,2.836,162.511,32.226,9.756,19.512,0.000,191.16,333.16,0.239,0.193
0.000000000,65.625,0.296,0.199,0.000,2.809,160.967,32.238,9.756,19.512,0.000,191.16,333.16,0.239,0.193
0.000000000,65.725,0.265,0.199,0.000,2.783,159.454,32.249,9.756,19.512,0.000,191.16,333.16,0.239,0.193
0.000000000,65.826,0.239,0.199,0.000,2.757,157.951,32.259,9.756,19.512,0.000,191.16,333.16,0.239,0.193
0.000000000,65.925,0.222,0.198,0.000,2.735,156.689,32.267,9.756,19.512,0.000,191.16,333.16,0.239,0.193
0.000000000,66.025,0.201,0.198,0.000,2.699,154.630,32.279,9.756,19.512,0.000,191.16,333.16,0.239,0.193
0.000000000,66.124,0.194,0.198,0.000,2.680,153.576,32.285,9.905,19.811,0.000,194.08,333.32,0.148,0.188
0.000000000,66.224,0.188,0.198,0.000,2.648,151.693,32.296,9.905,19.811,0.000,194.08,333.32,0.148,0.188
0.000000000,66.326,0.187,0.198,0.000,2.619,150.046,32.306,9.905,19.811,0.000,194.08,333.32,0.148,0.188
0.000000000,66.424,0.190,0.198,0.000,2.595,148.660,32.314,9.905,19.811,0.000,194.08,333.32,0.148,0.188
0.000000000,66.524,0.198,0.198,0.000,2.565,146.988,32.325,9.905,19.811,0.000,194.08,333.32,0.148,0.188
0.000000000,66.623,0.207,0.198,0.000,2.541,145.593,32.334,9.905,19.811,0.000,194.08,333.32,0.148,0.188
0.000000000,66.723,0.223,0.198,0.000,2.507,143.649,32.349,9.905,19.811,0.000,194.08,333.32,0.148,0.188
0.000000000,66.823,0.233,0.198,0.000,2.488,142.550,32.357,9.905,19.811,0.000,194.08,333.32,0.148,0.188
0.000000000,66.923,0.246,0.198,0.000,2.460,140.929,32.372,9.905,19.811,0.000,194.08,333.32,0.148,0.188
0.000000000,67.025,0.260,0.198,0.000,2.428,139.100,32.390,9.905,19.811,0.000,194.08,333.32,0.148,0.188
0.000000000,67.123,0.267,0.198,0.000,2.410,138.096,32.400,9.960,19.921,0.000,195.16,336.57,0.056,0.175
0.000000000,67.222,0.275,0.198,0.000,2.377,136.202,32.422,9.960,19.921,0.000,195.16,336.57,0.056,0.175
0.000000000,67.322,0.277,0.198,0.000,2.358,135.110,32.436,9.960,19.921,0.000,195.16,336.57,0.056,0.175
0.000000000,67.422,0.275,0.198,0.000,2.334,133.714,32.455,9.960,19.921,0.000,195.16,336.57,0.056,0.175
0.000000000,67.524,0.272,0.198,0.000,2.324,133.168,32.463,9.960,19.921,0.000,195.16,336.57,0.056,0.175
0.000000000,67.622,0.265,0.198,0.000,2.307,132.176,32.479,9.960,19.921,0.000,195.16,336.57,0.056,0.175
0.000000000,67.722,0.257,0.198,0.000,2.294,131.456,32.492,9.960,19.921,0.000,195.16,336.57,0.056,0.175
0.000000000,67.821,0.247,0.198,0.000,2.282,130.726,32.506,9.960,19.921,0.000,195.16,336.57,0.056,0.175
0.000000000,67.924,0.237,0.198,0.000,2.270,130.073,32.523,9.960,19.921,0.000,195.16,336.57,0.056,0.175
0.000000000,68.021,0.232,0.198,0.000,2.264,129.691,32.537,9.960,19.921,0.000,195.16,336.57,0.056,0.175
0.000000000,68.121,0.230,0.198,0.000,2.260,129.502,32.548,9.987,19.974,0.000,195.68,337.87,0.027,0.160
0.000000000,68.221,0.231,0.197,0.000,2.259,129.434,32.562,9.987,19.974,0.000,195.68,337.87,0.027,0.160
0.000000000,68.321,0.238,0.197,0.000,2.262,129.575,32.579,9.987,19.974,0.000,195.68,337.87,0.027,0.160
0.000000000,68.420,0.245,0.197,0.000,2.265,129.762,32.588,9.987,19.974,0.000,195.68,337.87,0.027,0.160
0.000000000,68.520,0.262,0.197,0.000,2.274,130.277,32.606,9.987,19.974,0.000,195.68,337.87,0.027,0.160
0.000000000,68.621,0.282,0.197,0.000,2.285,130.909,32.623,9.987,19.974,0.000,195.68,337.87,0.027,0.160
0.000000000,68.720,0.305,0.197,0.000,2.299,131.717,32.641,9.987,19.974,0.000,195.68,337.87,0.027,0.160
0.000000000,68.820,0.328,0.197,0.000,2.313,132.523,32.657,9.987,19.974,0.000,195.68,337.87,0.027,0.160
0.000000000,68.920,0.358,0.197,0.000,2.333,133.650,32.678,9.987,19.974,0.000,195.68,337.87,0.027,0.160
0.000000000,69.020,0.397,0.197,0.000,2.359,135.177,32.704,9.987,19.974,0.000,195.68,337.87,0.027,0.160
0.000000000,69.119,0.427,0.197,0.000,2.381,136.398,32.724,9.999,19.998,0.000,195.92,338.34,0.012,0.145
0.000000000,69.220,0.465,0.197,0.000,2.408,137.987,32.751,9.999,19.998,0.000,195.92,338.34,0.012,0.145
0.000000000,69.319,0.498,0.197,0.000,2.433,139.395,32.775,9.999,19.998,0.000,195.92,338.34,0.012,0.145
0.000000000,69.420,0.539,0.198,0.000,2.464,141.167,32.805,9.999,19.998,0.000,195.92,338.34,0.012,0.145
0.000000000,69.519,0.580,0.198,0.000,2.496,143.008,32.837,9.999,19.998,0.000,195.92,338.34,0.012,0.145
0.000000000,69.620,0.630,0.198,0.000,2.534,145.216,32.877,9.999,19.998,0.000,195.92,338.34,0.012,0.145
0.000000000,69.721,0.674,0.198,0.000,2.568,147.136,32.914,9.999,19.998,0.000,195.92,338.34,0.012,0.145
0.000000000,69.818,0.710,0.198,0.000,2.596,148.736,32.946,9.999,19.998,0.000,195.92,338.34,0.012,0.145
0.000000000,69.918,0.761,0.198,0.000,2.635,150.960,32.993,9.999,19.998,0.000,195.92,338.34,0.012,0.145
0.000000000,70.018,0.796,0.198,0.000,2.662,152.536,33.028,9.999,19.998,0.000,195.92,338.34,0.012,0.145
0.000000000,70.118,0.830,0.198,0.000,2.689,154.094,33.065,10.044,20.088,0.000,196.80,347.38,0.045,0.135
0.000000000,70.218,0.877,0.198,0.000,2.727,156.234,33.118,10.044,20.088,0.000,196.80,347.38,0.045,0.135
0.000000000,70.318,0.916,0.199,0.000,2.758,158.018,33.166,10.044,20.088,0.000,196.80,347.38,0.045,0.135
0.000000000,70.418,0.947,0.199,0.000,2.783,159.463,33.207,10.044,20.088,0.000,196.80,347.38,0.045,0.135
0.000000000,70.519,0.982,0.199,0.000,2.813,161.148,33.257,10.044,20.088,0.000,196.80,347.38,0.045,0.135
0.000000000,70.618,1.014,0.199,0.000,2.841,162.777,33.309,10.044,20.088,0.000,196.80,347.38,0.045,0.135
0.000000000,70.720,1.040,0.199,0.000,2.864,164.088,33.354,10.044,20.088,0.000,196.80,347.38,0.045,0.135
0.000000000,70.817,1.064,0.199,0.000,2.886,165.352,33.399,10.044,20.088,0.000,196.80,347.38,0.045,0.135
0.000000000,70.933,1.094,0.200,0.000,2.915,167.030,33.463,10.044,20.088,0.000,196.80,347.38,0.045,0.135
0.000000000,71.017,1.118,0.200,0.000,2.939,168.384,33.520,10.044,20.088,0.000,196.80,347.38,0.045,0.135
0.000000000,71.117,1.139,0.200,0.000,2.961,169.668,33.577,10.116,20.231,0.000,198.20,351.30,0.072,0.129
0.000000000,71.217,1.152,0.200,0.000,2.976,170.497,33.615,10.116,20.231,0.000,198.20,351.30,0.072,0.129
0.000000000,71.317,1.173,0.201,0.000,3.001,171.920,33.683,10.116,20.231,0.000,198.20,351.30,0.072,0.129
0.000000000,71.430,1.192,0.201,0.000,3.025,173.343,33.752,10.116,20.231,0.000,198.20,351.30,0.072,0.129
0.000000000,71.516,1.206,0.201,0.000,3.047,174.582,33.811,10.116,20.231,0.000,198.20,351.30,0.072,0.129
0.000000000,71.617,1.222,0.201,0.000,3.073,176.073,33.881,10.116,20.231,0.000,198.20,351.30,0.072,0.129
0.000000000,71.716,1.234,0.202,0.000,3.096,177.406,33.941,10.116,20.231,0.000,198.20,351.30,0.072,0.129
0.000000000,71.816,1.242,0.202,0.000,3.117,178.568,33.992,10.116,20.231,0.000,198.20,351.30,0.072,0.129
0.000000000,71.918,1.252,0.202,0.000,-3.137,-179.714,34.063,10.116,20.231,0.000,198.20,351.30,0.072,0.129
0.000000000,72.016,1.257,0.202,0.000,-3.114,-178.420,34.114,10.116,20.231,0.000,198.20,351.30,0.072,0.129
0.000000000,72.116,1.262,0.203,0.000,-3.081,-176.522,34.185,10.299,20.599,0.000,201.80,355.42,0.184,0.134
0.000000000,72.221,1.265,0.203,0.000,-3.046,-174.550,34.255,10.299,20.599,0.000,201.80,355.42,0.184,0.134
0.000000000,72.315,1.265,0.203,0.000,-3.016,-172.823,34.315,10.299,20.599,0.000,201.80,355.42,0.184,0.134
0.000000000,72.415,1.265,0.203,0.000,-2.986,-171.088,34.375,10.299,20.599,0.000,201.80,355.42,0.184,0.134
0.000000000,72.515,1.265,0.203,0.000,-2.961,-169.655,34.424,10.299,20.599,0.000,201.80,355.42,0.184,0.134
0.000000000,72.620,1.265,0.204,0.000,-2.927,-167.677,34.493,10.299,20.599,0.000,201.80,355.42,0.184,0.134
0.000000000,72.715,1.264,0.204,0.000,-2.893,-165.759,34.561,10.299,20.599,0.000,201.80,355.42,0.184,0.134
0.000000000,72.816,1.264,0.204,0.000,-2.870,-164.438,34.610,10.299,20.599,0.000,201.80,355.42,0.184,0.134
0.000000000,72.915,1.263,0.204,0.000,-2.843,-162.912,34.668,10.299,20.599,0.000,201.80,355.42,0.184,0.134
0.000000000,73.015,1.263,0.205,0.000,-2.822,-161.687,34.717,10.299,20.599,0.000,201.80,355.42,0.184,0.134
0.000000000,73.115,1.263,0.205,0.000,-2.801,-160.493,34.765,10.499,20.999,0.000,205.72,358.87,0.200,0.141
0.000000000,73.214,1.264,0.205,0.000,-2.777,-159.095,34.823,10.499,20.999,0.000,205.72,358.87,0.200,0.141
0.000000000,73.315,1.266,0.205,0.000,-2.757,-157.948,34.872,10.499,20.999,0.000,205.72,358.87,0.200,0.141
0.000000000,73.419,1.268,0.205,0.000,-2.733,-156.584,34.930,10.499,20.999,0.000,205.72,358.87,0.200,0.141
0.000000000,73.514,1.270,0.206,0.000,-2.709,-155.224,34.989,10.499,20.999,0.000,205.72,358.87,0.200,0.141
0.000000000,73.614,1.272,0.206,0.000,-2.686,-153.869,35.047,10.499,20.999,0.000,205.72,358.87,0.200,0.141
0.000000000,73.714,1.274,0.206,0.000,-2.662,-152.531,35.106,10.499,20.999,0.000,205.72,358.87,0.200,0.141
0.000000000,73.814,1.274,0.206,0.000,-2.639,-151.224,35.164,10.499,20.999,0.000,205.72,358.87,0.200,0.141
0.000000000,73.914,1.274,0.206,0.000,-2.621,-150.171,35.213,10.499,20.999,0.000,205.72,358.87,0.200,0.141
0.000000000,74.014,1.273,0.207,0.000,-2.600,-148.968,35.271,10.499,20.999,0.000,205.72,358.87,0.200,0.141
0.000000000,74.114,1.271,0.207,0.000,-2.580,-147.845,35.329,10.573,21.146,0.000,207.16,357.66,0.074,0.134
0.000000000,74.213,1.269,0.207,0.000,-2.562,-146.819,35.387,10.573,21.146,0.000,207.16,357.66,0.074,0.134
0.000000000,74.313,1.269,0.207,0.000,-2.547,-145.906,35.446,10.573,21.146,0.000,207.16,357.66,0.074,0.134
0.000000000,74.414,1.269,0.207,0.000,-2.535,-145.240,35.494,10.573,21.146,0.000,207.16,357.66,0.074,0.134
0.000000000,74.513,1.270,0.208,0.000,-2.521,-144.469,35.563,10.573,21.146,0.000,207.16,357.66,0.074,0.134
0.000000000,74.613,1.273,0.208,0.000,-2.513,-143.964,35.622,10.573,21.146,0.000,207.16,357.66,0.074,0.134
0.000000000,74.713,1.276,0.208,0.000,-2.507,-143.657,35.672,10.573,21.146,0.000,207.16,357.66,0.074,0.134
0.000000000,74.814,1.281,0.208,0.000,-2.503,-143.429,35.731,10.573,21.146,0.000,207.16,357.66,0.074,0.134
0.000000000,74.913,1.286,0.209,0.000,-2.502,-143.360,35.781,10.573,21.146,0.000,207.16,357.66,0.074,0.134
0.000000000,75.013,1.294,0.209,0.000,-2.505,-143.542,35.878,10.573,21.146,0.000,207.16,357.66,0.074,0.134
0.000000000,75.113,1.298,0.209,0.000,-2.509,-143.744,35.918,10.573,21.146,0.000,207.16,357.53,0.000,0.121
0.000000000,75.213,1.306,0.209,0.000,-2.520,-144.373,36.001,10.573,21.146,0.000,207.16,357.53,0.000,0.121
0.000000000,75.313,1.308,0.210,0.000,-2.525,-144.688,36.032,10.573,21.146,0.000,207.16,357.53,0.000,0.121
0.000000000,75.412,1.314,0.210,0.000,-2.541,-145.586,36.104,10.573,21.146,0.000,207.16,357.53,0.000,0.121
0.000000000,75.524,1.318,0.210,0.000,-2.558,-146.544,36.167,10.573,21.146,0.000,207.16,357.53,0.000,0.121
0.000000000,75.612,1.322,0.210,0.000,-2.574,-147.474,36.220,10.573,21.146,0.000,207.16,357.53,0.000,0.121
0.000000000,75.712,1.326,0.210,0.000,-2.596,-148.749,36.283,10.573,21.146,0.000,207.16,357.53,0.000,0.121
0.000000000,75.812,1.328,0.211,0.000,-2.617,-149.945,36.336,10.573,21.146,0.000,207.16,357.53,0.000,0.121
0.000000000,75.912,1.330,0.211,0.000,-2.650,-151.824,36.411,10.573,21.146,0.000,207.16,357.53,0.000,0.121
0.000000000,76.013,1.329,0.211,0.000,-2.681,-153.625,36.474,10.573,21.146,0.000,207.16,357.53,0.000,0.121
0.000000000,76.113,1.326,0.211,0.000,-2.716,-155.603,36.537,10.516,21.031,0.000,206.04,358.50,-0.057,0.103
0.000000000,76.212,1.323,0.212,0.000,-2.747,-157.385,36.590,10.516,21.031,0.000,206.04,358.50,-0.057,0.103
0.000000000,76.312,1.318,0.212,0.000,-2.780,-159.287,36.642,10.516,21.031,0.000,206.04,358.50,-0.057,0.103
0.000000000,76.413,1.311,0.212,0.000,-2.823,-161.731,36.704,10.516,21.031,0.000,206.04,358.50,-0.057,0.103
0.000000000,76.511,1.302,0.212,0.000,-2.868,-164.347,36.766,10.516,21.031,0.000,206.04,358.50,-0.057,0.103
0.000000000,76.611,1.289,0.213,0.000,-2.925,-167.602,36.837,10.516,21.031,0.000,206.04,358.50,-0.057,0.103
0.000000000,76.711,1.274,0.213,0.000,-2.985,-171.046,36.908,10.516,21.031,0.000,206.04,358.50,-0.057,0.103
0.000000000,76.812,1.260,0.213,0.000,-3.039,-174.109,36.967,10.516,21.031,0.000,206.04,358.50,-0.057,0.103
0.000000000,76.911,1.243,0.213,0.000,-3.093,-177.237,37.026,10.516,21.031,0.000,206.04,358.50,-0.057,0.103
0.000000000,77.011,1.224,0.214,0.000,3.135,179.600,37.084,10.516,21.031,0.000,206.04,358.50,-0.057,0.103
0.000000000,77.112,1.204,0.214,0.000,3.079,176.427,37.140,10.522,21.044,0.000,206.16,359.60,0.006,0.093
0.000000000,77.211,1.182,0.214,0.000,3.024,173.264,37.196,10.522,21.044,0.000,206.16,359.60,0.006,0.093
0.000000000,77.312,1.155,0.214,0.000,2.960,169.606,37.259,10.522,21.044,0.000,206.16,359.60,0.006,0.093
0.000000000,77.411,1.135,0.214,0.000,2.915,167.033,37.304,10.522,21.044,0.000,206.16,359.60,0.006,0.093
0.000000000,77.513,1.114,0.214,0.000,2.871,164.506,37.347,10.522,21.044,0.000,206.16,359.60,0.006,0.093
0.000000000,77.611,1.083,0.215,0.000,2.811,161.059,37.406,10.522,21.044,0.000,206.16,359.60,0.006,0.093
0.000000000,77.710,1.060,0.215,0.000,2.769,158.673,37.447,10.522,21.044,0.000,206.16,359.60,0.006,0.093
0.000000000,77.810,1.027,0.215,0.000,2.713,155.456,37.502,10.522,21.044,0.000,206.16,359.60,0.006,0.093
0.000000000,77.910,1.002,0.215,0.000,2.675,153.252,37.541,10.522,21.044,0.000,206.16,359.60,0.006,0.093
0.000000000,78.010,0.960,0.215,0.000,2.616,149.890,37.600,10.522,21.044,0.000,206.16,359.60,0.006,0.093
0.000000000,78.110,0.927,0.215,0.000,2.574,147.504,37.643,10.565,21.129,0.000,207.00,362.04,0.043,0.088
0.000000000,78.210,0.899,0.215,0.000,2.541,145.608,37.677,10.565,21.129,0.000,207.00,362.04,0.043,0.088
0.000000000,78.310,0.859,0.216,0.000,2.498,143.101,37.724,10.565,21.129,0.000,207.00,362.04,0.043,0.088
0.000000000,78.410,0.825,0.216,0.000,2.463,141.091,37.762,10.565,21.129,0.000,207.00,362.04,0.043,0.088
0.000000000,78.510,0.796,0.216,0.000,2.435,139.508,37.792,10.565,21.129,0.000,207.00,362.04,0.043,0.088
0.000000000,78.612,0.762,0.216,0.000,2.403,137.700,37.827,10.565,21.129,0.000,207.00,362.04,0.043,0.088
0.000000000,78.710,0.727,0.216,0.000,2.373,135.968,37.861,10.565,21.129,0.000,207.00,362.04,0.043,0.088
0.000000000,78.810,0.692,0.216,0.000,2.344,134.284,37.893,10.565,21.129,0.000,207.00,362.04,0.043,0.088
0.000000000,78.910,0.651,0.216,0.000,2.310,132.346,37.928,10.565,21.129,0.000,207.00,362.04,0.043,0.088
0.000000000,79.010,0.616,0.216,0.000,2.281,130.687,37.957,10.565,21.129,0.000,207.00,362.04,0.043,0.088
0.000000000,79.115,0.580,0.216,0.000,2.252,129.020,37.984,10.646,21.293,0.000,208.60,365.18,0.082,0.088
0.000000000,79.210,0.543,0.216,0.000,2.222,127.338,38.009,10.646,21.293,0.000,208.60,365.18,0.082,0.088
0.000000000,79.309,0.497,0.216,0.000,2.188,125.346,38.036,10.646,21.293,0.000,208.60,365.18,0.082,0.088
0.000000000,79.409,0.463,0.216,0.000,2.163,123.903,38.053,10.646,21.293,0.000,208.60,365.18,0.082,0.088
0.000000000,79.509,0.416,0.216,0.000,2.127,121.868,38.076,10.646,21.293,0.000,208.60,365.18,0.082,0.088
0.000000000,79.609,0.382,0.216,0.000,2.101,120.399,38.090,10.646,21.293,0.000,208.60,365.18,0.082,0.088
0.000000000,79.710,0.348,0.216,0.000,2.075,118.909,38.102,10.646,21.293,0.000,208.60,365.18,0.082,0.088
0.000000000,79.809,0.308,0.216,0.000,2.043,117.083,38.116,10.646,21.293,0.000,208.60,365.18,0.082,0.088
0.000000000,79.920,0.259,0.216,0.000,2.005,114.876,38.129,10.646,21.293,0.000,208.60,365.18,0.082,0.088
0.000000000,80.009,0.217,0.216,0.000,1.970,112.900,38.138,10.646,21.293,0.000,208.60,365.18,0.082,0.088
0.000000000,80.109,0.166,0.216,0.000,1.928,110.472,38.145,10.652,21.305,0.000,208.72,364.62,0.006,0.079
0.000000000,80.208,0.129,0.216,0.000,1.896,108.643,38.149,10.652,21.305,0.000,208.72,364.62,0.006,0.079
0.000000000,80.309,0.083,0.216,0.000,1.856,106.338,38.152,10.652,21.305,0.000,208.72,364.62,0.006,0.079
0.000000000,80.409,0.045,0.215,0.000,1.821,104.318,38.153,10.652,21.305,0.000,208.72,364.62,0.006,0.079
0.000000000,80.509,0.003,0.215,0.000,1.776,101.769,38.154,10.652,21.305,0.000,208.72,364.62,0.006,0.079
0.000000000,80.610,0.046,0.215,0.000,1.729,99.091,38.158,10.652,21.305,0.000,208.72,364.62,0.006,0.079
0.000000000,80.708,0.083,0.215,0.000,1.689,96.769,38.163,10.652,21.305,0.000,208.72,364.62,0.006,0.079
0.000000000,80.820,0.140,0.215,0.000,1.622,92.922,38.174,10.652,21.305,0.000,208.72,364.62,0.006,0.079
0.000000000,80.911,0.167,0.215,0.000,1.587,90.954,38.180,10.652,21.305,0.000,208.72,364.62,0.006,0.079
0.000000000,81.008,0.207,0.215,0.000,1.535,87.969,38.192,10.652,21.305,0.000,208.72,364.62,0.006,0.079
0.000000000,81.108,0.239,0.215,0.000,1.492,85.467,38.203,10.654,21.309,0.000,208.76,364.51,0.002,0.072
0.000000000,81.208,0.288,0.215,0.000,1.422,81.472,38.222,10.654,21.309,0.000,208.76,364.51,0.002,0.072
0.000000000,81.309,0.324,0.215,0.000,1.370,78.514,38.239,10.654,21.309,0.000,208.76,364.51,0.002,0.072
0.000000000,81.408,0.364,0.215,0.000,1.311,75.140,38.261,10.654,21.309,0.000,208.76,364.51,0.002,0.072
0.000000000,81.507,0.405,0.215,0.000,1.254,71.867,38.284,10.654,21.309,0.000,208.76,364.51,0.002,0.072
0.000000000,81.608,0.444,0.215,0.000,1.199,68.690,38.309,10.654,21.309,0.000,208.76,364.51,0.002,0.072
0.000000000,81.707,0.473,0.215,0.000,1.160,66.472,38.328,10.654,21.309,0.000,208.76,364.51,0.002,0.072
0.000000000,81.808,0.518,0.215,0.000,1.100,62.998,38.361,10.654,21.309,0.000,208.76,364.51,0.002,0.072
0.000000000,81.908,0.553,0.215,0.000,1.055,60.439,38.388,10.654,21.309,0.000,208.76,364.51,0.002,0.072
0.000000000,82.007,0.590,0.215,0.000,1.011,57.917,38.416,10.654,21.309,0.000,208.76,364.51,0.002,0.072
0.000000000,82.108,0.633,0.215,0.000,0.960,55.021,38.451,10.654,21.309,0.000,208.76,364.53,0.000,0.065
0.000000000,82.207,0.664,0.215,0.000,0.925,52.990,38.478,10.654,21.309,0.000,208.76,364.53,0.000,0.065
0.000000000,82.308,0.709,0.215,0.000,0.876,50.215,38.518,10.654,21.309,0.000,208.76,364.53,0.000,0.065
0.000000000,82.408,0.747,0.215,0.000,0.836,47.917,38.554,10.654,21.309,0.000,208.76,364.53,0.000,0.065
0.000000000,82.508,0.791,0.215,0.000,0.792,45.351,38.598,10.654,21.309,0.000,208.76,364.53,0.000,0.065
0.000000000,82.609,0.822,0.215,0.000,0.761,43.604,38.631,10.654,21.309,0.000,208.76,364.53,0.000,0.065
0.000000000,82.710,0.851,0.216,0.000,0.732,41.929,38.665,10.654,21.309,0.000,208.76,364.53,0.000,0.065
0.000000000,82.811,0.889,0.216,0.000,0.693,39.716,38.714,10.654,21.309,0.000,208.76,364.53,0.000,0.065
0.000000000,82.911,0.918,0.216,0.000,0.662,37.952,38.757,10.654,21.309,0.000,208.76,364.53,0.000,0.065
0.000000000,83.012,0.945,0.216,0.000,0.634,36.313,38.802,10.654,21.309,0.000,208.76,364.53,0.000,0.065
0.000000000,83.112,0.965,0.216,0.000,0.612,35.045,38.840,10.728,21.456,0.000,210.20,369.09,0.073,0.065
0.000000000,83.213,0.987,0.216,0.000,0.587,33.644,38.886,10.728,21.456,0.000,210.20,369.09,0.073,0.065
0.000000000,83.313,1.007,0.216,0.000,0.565,32.374,38.933,10.728,21.456,0.000,210.20,369.09,0.073,0.065
0.000000000,83.417,1.022,0.216,0.000,0.548,31.414,38.973,10.728,21.456,0.000,210.20,369.09,0.073,0.065
0.000000000,83.515,1.041,0.217,0.000,0.527,30.216,39.030,10.728,21.456,0.000,210.20,369.09,0.073,0.065
0.000000000,83.618,1.055,0.217,0.000,0.512,29.316,39.080,10.728,21.456,0.000,210.20,369.09,0.073,0.065
0.000000000,83.716,1.065,0.217,0.000,0.502,28.779,39.113,10.728,21.456,0.000,210.20,369.09,0.073,0.065
0.000000000,83.817,1.080,0.217,0.000,0.488,27.959,39.172,10.728,21.456,0.000,210.20,369.09,0.073,0.065
0.000000000,83.918,1.092,0.217,0.000,0.478,27.378,39.222,10.728,21.456,0.000,210.20,369.09,0.073,0.065
0.000000000,84.019,1.102,0.217,0.000,0.471,26.974,39.265,10.728,21.456,0.000,210.20,369.09,0.073,0.065
0.000000000,84.118,1.115,0.218,0.000,0.463,26.507,39.325,10.738,21.476,0.000,210.40,369.70,0.010,0.060
0.000000000,84.219,1.125,0.218,0.000,0.458,26.229,39.368,10.738,21.476,0.000,210.40,369.70,0.010,0.060
0.000000000,84.319,1.136,0.218,0.000,0.453,25.948,39.420,10.738,21.476,0.000,210.40,369.70,0.010,0.060
0.000000000,84.420,1.150,0.218,0.000,0.448,25.671,39.481,10.738,21.476,0.000,210.40,369.70,0.010,0.060
0.000000000,84.521,1.157,0.218,0.000,0.446,25.562,39.508,10.738,21.476,0.000,210.40,369.70,0.010,0.060
0.000000000,84.621,1.175,0.218,0.000,0.441,25.273,39.580,10.738,21.476,0.000,210.40,369.70,0.010,0.060
0.000000000,84.724,1.184,0.218,0.000,0.438,25.117,39.616,10.738,21.476,0.000,210.40,369.70,0.010,0.060
0.000000000,84.823,1.197,0.219,0.000,0.435,24.901,39.662,10.738,21.476,0.000,210.40,369.70,0.010,0.060
0.000000000,84.923,1.216,0.219,0.000,0.428,24.545,39.728,10.738,21.476,0.000,210.40,369.70,0.010,0.060
0.000000000,85.023,1.233,0.219,0.000,0.422,24.174,39.786,10.738,21.476,0.000,210.40,369.70,0.010,0.060
0.000000000,85.124,1.248,0.219,0.000,0.415,23.804,39.835,10.738,21.476,0.000,210.40,370.50,0.000,0.054
0.000000000,85.226,1.264,0.219,0.000,0.408,23.371,39.885,10.738,21.476,0.000,210.40,370.50,0.000,0.054
0.000000000,85.327,1.283,0.220,0.000,0.397,22.763,39.946,10.738,21.476,0.000,210.40,370.50,0.000,0.054
0.000000000,85.426,1.294,0.220,0.000,0.389,22.306,39.988,10.738,21.476,0.000,210.40,370.50,0.000,0.054
0.000000000,85.526,1.312,0.220,0.000,0.376,21.537,40.051,10.738,21.476,0.000,210.40,370.50,0.000,0.054
0.000000000,85.627,1.331,0.220,0.000,0.358,20.517,40.126,10.738,21.476,0.000,210.40,370.50,0.000,0.054
0.000000000,85.728,1.339,0.220,0.000,0.350,20.041,40.158,10.738,21.476,0.000,210.40,370.50,0.000,0.054
0.000000000,85.828,1.355,0.220,0.000,0.329,18.832,40.235,10.738,21.476,0.000,210.40,370.50,0.000,0.054
0.000000000,85.928,1.366,0.221,0.000,0.312,17.884,40.290,10.738,21.476,0.000,210.40,370.50,0.000,0.054
0.000000000,86.028,1.378,0.221,0.000,0.290,16.644,40.358,10.738,21.476,0.000,210.40,370.50,0.000,0.054
0.000000000,86.129,1.389,0.221,0.000,0.267,15.294,40.425,10.738,21.476,0.000,210.40,372.28,0.000,0.049
0.000000000,86.231,1.397,0.221,0.000,0.246,14.091,40.482,10.738,21.476,0.000,210.40,372.28,0.000,0.049
0.000000000,86.331,1.405,0.222,0.000,0.210,12.029,40.573,10.738,21.476,0.000,210.40,372.28,0.000,0.049
0.000000000,86.430,1.407,0.222,0.000,0.196,11.212,40.608,10.738,21.476,0.000,210.40,372.28,0.000,0.049
0.000000000,86.531,1.410,0.222,0.000,0.156,8.910,40.699,10.738,21.476,0.000,210.40,372.28,0.000,0.049
0.000000000,86.631,1.410,0.222,0.000,0.134,7.690,40.744,10.738,21.476,0.000,210.40,372.28,0.000,0.049
0.000000000,86.732,1.409,0.222,0.000,0.106,6.095,40.801,10.738,21.476,0.000,210.40,372.28,0.000,0.049
0.000000000,86.834,1.404,0.223,0.000,0.065,3.723,40.881,10.738,21.476,0.000,210.40,372.28,0.000,0.049
0.000000000,86.933,1.397,0.223,0.000,0.027,1.561,40.948,10.738,21.476,0.000,210.40,372.28,0.000,0.049
0.000000000,87.033,1.385,0.223,0.000,-0.012,-0.715,41.015,10.738,21.476,0.000,210.40,372.28,0.000,0.049
0.000000000,87.133,1.373,0.223,0.000,-0.047,-2.695,41.070,10.740,21.480,0.000,210.44,371.11,0.002,0.044
0.000000000,87.234,1.347,0.224,0.000,-0.105,-6.002,41.157,10.740,21.480,0.000,210.44,371.11,0.002,0.044
0.000000000,87.334,1.331,0.224,0.000,-0.135,-7.715,41.199,10.740,21.480,0.000,210.44,371.11,0.002,0.044
0.000000000,87.435,1.300,0.224,0.000,-0.188,-10.800,41.272,10.740,21.480,0.000,210.44,371.11,0.002,0.044
0.000000000,87.535,1.275,0.224,0.000,-0.228,-13.068,41.323,10.740,21.480,0.000,210.44,371.11,0.002,0.044
0.000000000,87.635,1.242,0.225,0.000,-0.277,-15.853,41.381,10.740,21.480,0.000,210.44,371.11,0.002,0.044
0.000000000,87.736,1.213,0.225,0.000,-0.318,-18.231,41.429,10.740,21.480,0.000,210.44,371.11,0.002,0.044
0.000000000,87.836,1.153,0.225,0.000,-0.400,-22.892,41.517,10.740,21.480,0.000,210.44,371.11,0.002,0.044
0.000000000,87.936,1.120,0.225,0.000,-0.444,-25.426,41.560,10.740,21.480,0.000,210.44,371.11,0.002,0.044
0.000000000,88.037,1.080,0.225,0.000,-0.498,-28.533,41.611,10.740,21.480,0.000,210.44,371.11,0.002,0.044
0.000000000,88.138,1.046,0.225,0.000,-0.544,-31.171,41.651,10.750,21.501,0.000,210.64,369.67,0.010,0.041
0.000000000,88.237,1.013,0.225,0.000,-0.591,-33.849,41.691,10.750,21.501,0.000,210.64,369.67,0.010,0.041
0.000000000,88.338,0.968,0.226,0.000,-0.657,-37.644,41.744,10.750,21.501,0.000,210.64,369.67,0.010,0.041
0.000000000,88.438,0.943,0.226,0.000,-0.695,-39.833,41.774,10.750,21.501,0.000,210.64,369.67,0.010,0.041
0.000000000,88.539,0.907,0.226,0.000,-0.753,-43.131,41.817,10.750,21.501,0.000,210.64,369.67,0.010,0.041
0.000000000,88.639,0.869,0.226,0.000,-0.820,-46.994,41.866,10.750,21.501,0.000,210.64,369.67,0.010,0.041
0.000000000,88.739,0.846,0.226,0.000,-0.868,-49.756,41.900,10.750,21.501,0.000,210.64,369.67,0.010,0.041
0.000000000,88.840,0.822,0.226,0.000,-0.926,-53.054,41.939,10.750,21.501,0.000,210.64,369.67,0.010,0.041
0.000000000,88.940,0.803,0.226,0.000,-0.983,-56.317,41.979,10.750,21.501,0.000,210.64,369.67,0.010,0.041
0.000000000,89.040,0.792,0.226,0.000,-1.030,-59.001,42.011,10.750,21.501,0.000,210.64,369.67,0.010,0.041
0.000000000,89.140,0.785,0.226,0.000,-1.085,-62.170,42.050,10.750,21.501,0.000,210.64,368.35,0.000,0.036
0.000000000,89.242,0.783,0.226,0.000,-1.130,-64.762,42.083,10.750,21.501,0.000,210.64,368.35,0.000,0.036
0.000000000,89.342,0.785,0.226,0.000,-1.183,-67.806,42.122,10.750,21.501,0.000,210.64,368.35,0.000,0.036
0.000000000,89.441,0.794,0.227,0.000,-1.244,-71.260,42.169,10.750,21.501,0.000,210.64,368.35,0.000,0.036
0.000000000,89.542,0.807,0.227,0.000,-1.294,-74.131,42.210,10.750,21.501,0.000,210.64,368.35,0.000,0.036
0.000000000,89.643,0.820,0.227,0.000,-1.335,-76.462,42.244,10.750,21.501,0.000,210.64,368.35,0.000,0.036
0.000000000,89.742,0.842,0.227,0.000,-1.390,-79.631,42.294,10.750,21.501,0.000,210.64,368.35,0.000,0.036
0.000000000,89.843,0.863,0.227,0.000,-1.436,-82.263,42.338,10.750,21.501,0.000,210.64,368.35,0.000,0.036
0.000000000,89.943,0.886,0.227,0.000,-1.480,-84.818,42.382,10.750,21.501,0.000,210.64,368.35,0.000,0.036
0.000000000,90.045,0.906,0.227,0.000,-1.516,-86.883,42.420,10.750,21.501,0.000,210.64,368.35,0.000,0.036
0.000000000,90.144,0.930,0.227,0.000,-1.558,-89.284,42.467,10.922,21.844,0.000,214.00,374.96,0.171,0.050
0.000000000,90.244,0.950,0.227,0.000,-1.592,-91.215,42.506,10.922,21.844,0.000,214.00,374.96,0.171,0.050
0.000000000,90.346,0.973,0.228,0.000,-1.631,-93.441,42.555,10.922,21.844,0.000,214.00,374.96,0.171,0.050
0.000000000,90.444,0.991,0.228,0.000,-1.662,-95.214,42.596,10.922,21.844,0.000,214.00,374.96,0.171,0.050
0.000000000,90.545,1.010,0.228,0.000,-1.697,-97.235,42.646,10.922,21.844,0.000,214.00,374.96,0.171,0.050
0.000000000,90.647,1.027,0.228,0.000,-1.730,-99.144,42.697,10.922,21.844,0.000,214.00,374.96,0.171,0.050
0.000000000,90.745,1.042,0.228,0.000,-1.762,-100.951,42.748,10.922,21.844,0.000,214.00,374.96,0.171,0.050
0.000000000,90.846,1.055,0.228,0.000,-1.792,-102.660,42.800,10.922,21.844,0.000,214.00,374.96,0.171,0.050
0.000000000,90.946,1.066,0.228,0.000,-1.815,-104.012,42.844,10.922,21.844,0.000,214.00,374.96,0.171,0.050
0.000000000,91.046,1.082,0.229,0.000,-1.847,-105.801,42.905,10.922,21.844,0.000,214.00,374.96,0.171,0.050
0.000000000,91.149,1.093,0.229,0.000,-1.868,-107.009,42.948,11.112,22.224,0.000,217.72,381.59,0.189,0.064
0.000000000,91.247,1.106,0.229,0.000,-1.892,-108.386,43.001,11.112,22.224,0.000,217.72,381.59,0.189,0.064
0.000000000,91.347,1.120,0.229,0.000,-1.914,-109.682,43.055,11.112,22.224,0.000,217.72,381.59,0.189,0.064
0.000000000,91.457,1.133,0.229,0.000,-1.932,-110.701,43.100,11.112,22.224,0.000,217.72,381.59,0.189,0.064
0.000000000,91.547,1.148,0.229,0.000,-1.952,-111.852,43.154,11.112,22.224,0.000,217.72,381.59,0.189,0.064
0.000000000,91.648,1.161,0.229,0.000,-1.968,-112.755,43.199,11.112,22.224,0.000,217.72,381.59,0.189,0.064
0.000000000,91.748,1.178,0.230,0.000,-1.986,-113.770,43.255,11.112,22.224,0.000,217.72,381.59,0.189,0.064
0.000000000,91.848,1.199,0.230,0.000,-2.005,-114.857,43.320,11.112,22.224,0.000,217.72,381.59,0.189,0.064
0.000000000,91.948,1.214,0.230,0.000,-2.017,-115.571,43.368,11.112,22.224,0.000,217.72,381.59,0.189,0.064
0.000000000,92.048,1.232,0.230,0.000,-2.031,-116.368,43.426,11.112,22.224,0.000,217.72,381.59,0.189,0.064
0.000000000,92.149,1.250,0.230,0.000,-2.044,-117.104,43.485,11.330,22.660,0.000,222.00,386.26,0.218,0.079
0.000000000,92.249,1.268,0.231,0.000,-2.056,-117.788,43.545,11.330,22.660,0.000,222.00,386.26,0.218,0.079
0.000000000,92.349,1.283,0.231,0.000,-2.065,-118.328,43.596,11.330,22.660,0.000,222.00,386.26,0.218,0.079
0.000000000,92.449,1.301,0.231,0.000,-2.078,-119.038,43.668,11.330,22.660,0.000,222.00,386.26,0.218,0.079
0.000000000,92.550,1.316,0.231,0.000,-2.088,-119.611,43.731,11.330,22.660,0.000,222.00,386.26,0.218,0.079
0.000000000,92.650,1.327,0.231,0.000,-2.096,-120.066,43.783,11.330,22.660,0.000,222.00,386.26,0.218,0.079
0.000000000,92.751,1.339,0.231,0.000,-2.105,-120.589,43.847,11.330,22.660,0.000,222.00,386.26,0.218,0.079
0.000000000,92.852,1.347,0.232,0.000,-2.112,-121.011,43.900,11.330,22.660,0.000,222.00,386.26,0.218,0.079
0.000000000,92.951,1.359,0.232,0.000,-2.123,-121.659,43.986,11.330,22.660,0.000,222.00,386.26,0.218,0.079
0.000000000,93.051,1.366,0.232,0.000,-2.130,-122.050,44.040,11.330,22.660,0.000,222.00,386.26,0.218,0.079
0.000000000,93.151,1.374,0.232,0.000,-2.138,-122.503,44.105,11.459,22.918,0.000,224.52,387.06,0.128,0.084
0.000000000,93.251,1.381,0.233,0.000,-2.146,-122.932,44.170,11.459,22.918,0.000,224.52,387.06,0.128,0.084
0.000000000,93.351,1.386,0.233,0.000,-2.153,-123.329,44.235,11.459,22.918,0.000,224.52,387.06,0.128,0.084
0.000000000,93.451,1.389,0.233,0.000,-2.158,-123.634,44.289,11.459,22.918,0.000,224.52,387.06,0.128,0.084
0.000000000,93.553,1.393,0.233,0.000,-2.165,-124.019,44.365,11.459,22.918,0.000,224.52,387.06,0.128,0.084
0.000000000,93.652,1.395,0.233,0.000,-2.169,-124.273,44.420,11.459,22.918,0.000,224.52,387.06,0.128,0.084
0.000000000,93.752,1.397,0.234,0.000,-2.174,-124.559,44.485,11.459,22.918,0.000,224.52,387.06,0.128,0.084
0.000000000,93.853,1.397,0.234,0.000,-2.179,-124.833,44.550,11.459,22.918,0.000,224.52,387.06,0.128,0.084
0.000000000,93.952,1.398,0.234,0.000,-2.183,-125.054,44.604,11.459,22.918,0.000,224.52,387.06,0.128,0.084
0.000000000,94.064,1.397,0.234,0.000,-2.187,-125.312,44.669,11.459,22.918,0.000,224.52,387.06,0.128,0.084
0.000000000,94.153,1.397,0.234,0.000,-2.192,-125.605,44.744,11.600,23.199,0.000,227.28,390.26,0.141,0.090
0.000000000,94.253,1.397,0.235,0.000,-2.196,-125.804,44.798,11.600,23.199,0.000,227.28,390.26,0.141,0.090
0.000000000,94.353,1.397,0.235,0.000,-2.199,-126.021,44.863,11.600,23.199,0.000,227.28,390.26,0.141,0.090
0.000000000,94.453,1.397,0.235,0.000,-2.203,-126.207,44.928,11.600,23.199,0.000,227.28,390.26,0.141,0.090
0.000000000,94.553,1.396,0.235,0.000,-2.205,-126.333,44.982,11.600,23.199,0.000,227.28,390.26,0.141,0.090
0.000000000,94.654,1.395,0.235,0.000,-2.207,-126.449,45.046,11.600,23.199,0.000,227.28,390.26,0.141,0.090
0.000000000,94.754,1.395,0.236,0.000,-2.208,-126.516,45.100,11.600,23.199,0.000,227.28,390.26,0.141,0.090
0.000000000,94.854,1.393,0.236,0.000,-2.209,-126.566,45.186,11.600,23.199,0.000,227.28,390.26,0.141,0.090
0.000000000,94.956,1.391,0.236,0.000,-2.209,-126.555,45.240,11.600,23.199,0.000,227.28,390.26,0.141,0.090
0.000000000,95.054,1.389,0.236,0.000,-2.208,-126.492,45.304,11.600,23.199,0.000,227.28,390.26,0.141,0.090
0.000000000,95.167,1.386,0.237,0.000,-2.206,-126.379,45.368,11.712,23.424,0.000,229.48,392.44,0.112,0.092
0.000000000,95.255,1.383,0.237,0.000,-2.204,-126.255,45.422,11.712,23.424,0.000,229.48,392.44,0.112,0.092
0.000000000,95.355,1.377,0.237,0.000,-2.200,-126.056,45.497,11.712,23.424,0.000,229.48,392.44,0.112,0.092
0.000000000,95.455,1.374,0.237,0.000,-2.197,-125.904,45.550,11.712,23.424,0.000,229.48,392.44,0.112,0.092
0.000000000,95.559,1.370,0.237,0.000,-2.195,-125.750,45.603,11.712,23.424,0.000,229.48,392.44,0.112,0.092
0.000000000,95.655,1.367,0.237,0.000,-2.192,-125.591,45.656,11.712,23.424,0.000,229.48,392.44,0.112,0.092
0.000000000,95.756,1.363,0.238,0.000,-2.188,-125.389,45.720,11.712,23.424,0.000,229.48,392.44,0.112,0.092
0.000000000,95.856,1.362,0.238,0.000,-2.187,-125.279,45.752,11.712,23.424,0.000,229.48,392.44,0.112,0.092
0.000000000,95.955,1.359,0.238,0.000,-2.182,-124.995,45.826,11.712,23.424,0.000,229.48,392.44,0.112,0.092
0.000000000,96.056,1.358,0.238,0.000,-2.178,-124.764,45.879,11.712,23.424,0.000,229.48,392.44,0.112,0.092
0.000000000,96.156,1.358,0.238,0.000,-2.173,-124.515,45.932,12.047,24.094,0.000,236.04,408.30,0.334,0.116
0.000000000,96.256,1.358,0.239,0.000,-2.166,-124.102,46.017,12.047,24.094,0.000,236.04,408.30,0.334,0.116
0.000000000,96.356,1.358,0.239,0.000,-2.163,-123.904,46.060,12.047,24.094,0.000,236.04,408.30,0.334,0.116
0.000000000,96.456,1.358,0.239,0.000,-2.158,-123.633,46.124,12.047,24.094,0.000,236.04,408.30,0.334,0.116
0.000000000,96.556,1.359,0.239,0.000,-2.155,-123.476,46.167,12.047,24.094,0.000,236.04,408.30,0.334,0.116
0.000000000,96.657,1.360,0.239,0.000,-2.151,-123.261,46.243,12.047,24.094,0.000,236.04,408.30,0.334,0.116
0.000000000,96.758,1.361,0.239,0.000,-2.150,-123.175,46.287,12.047,24.094,0.000,236.04,408.30,0.334,0.116
0.000000000,96.857,1.362,0.239,0.000,-2.149,-123.100,46.342,12.047,24.094,0.000,236.04,408.30,0.334,0.116
0.000000000,96.970,1.364,0.240,0.000,-2.148,-123.053,46.419,12.047,24.094,0.000,236.04,408.30,0.334,0.116
0.000000000,97.057,1.365,0.240,0.000,-2.148,-123.056,46.474,12.047,24.094,0.000,236.04,408.30,0.334,0.116
0.000000000,97.157,1.366,0.240,0.000,-2.149,-123.110,46.551,12.269,24.539,0.000,240.40,411.33,0.222,0.127
0.000000000,97.257,1.367,0.240,0.000,-2.150,-123.204,46.618,12.269,24.539,0.000,240.40,411.33,0.222,0.127
0.000000000,97.358,1.368,0.241,0.000,-2.153,-123.344,46.684,12.269,24.539,0.000,240.40,411.33,0.222,0.127
0.000000000,97.458,1.368,0.241,0.000,-2.156,-123.521,46.751,12.269,24.539,0.000,240.40,411.33,0.222,0.127
0.000000000,97.558,1.368,0.241,0.000,-2.159,-123.726,46.818,12.269,24.539,0.000,240.40,411.33,0.222,0.127
0.000000000,97.658,1.368,0.241,0.000,-2.163,-123.905,46.874,12.269,24.539,0.000,240.40,411.33,0.222,0.127
0.000000000,97.758,1.370,0.242,0.000,-2.167,-124.140,46.952,12.269,24.539,0.000,240.40,411.33,0.222,0.127
0.000000000,97.859,1.370,0.242,0.000,-2.170,-124.308,47.019,12.269,24.539,0.000,240.40,411.33,0.222,0.127
0.000000000,97.958,1.371,0.242,0.000,-2.172,-124.422,47.087,12.269,24.539,0.000,240.40,411.33,0.222,0.127
0.000000000,98.058,1.370,0.242,0.000,-2.172,-124.461,47.166,12.269,24.539,0.000,240.40,411.33,0.222,0.127
0.000000000,98.159,1.370,0.242,0.000,-2.172,-124.428,47.211,12.682,25.363,0.000,248.48,429.90,0.412,0.155
0.000000000,98.259,1.368,0.243,0.000,-2.169,-124.257,47.289,12.682,25.363,0.000,248.48,429.90,0.412,0.155
0.000000000,98.361,1.364,0.243,0.000,-2.164,-123.980,47.356,12.682,25.363,0.000,248.48,429.90,0.412,0.155
0.000000000,98.459,1.360,0.243,0.000,-2.158,-123.649,47.412,12.682,25.363,0.000,248.48,429.90,0.412,0.155
0.000000000,98.559,1.354,0.243,0.000,-2.149,-123.127,47.478,12.682,25.363,0.000,248.48,429.90,0.412,0.155
0.000000000,98.659,1.347,0.243,0.000,-2.139,-122.581,47.532,12.682,25.363,0.000,248.48,429.90,0.412,0.155
0.000000000,98.759,1.337,0.244,0.000,-2.126,-121.786,47.597,12.682,25.363,0.000,248.48,429.90,0.412,0.155
0.000000000,98.871,1.327,0.244,0.000,-2.112,-121.006,47.651,12.682,25.363,0.000,248.48,429.90,0.412,0.155
0.000000000,98.959,1.313,0.244,0.000,-2.093,-119.921,47.714,12.682,25.363,0.000,248.48,429.90,0.412,0.155
0.000000000,99.061,1.295,0.244,0.000,-2.067,-118.447,47.787,12.682,25.363,0.000,248.48,429.90,0.412,0.155
0.000000000,99.160,1.280,0.244,0.000,-2.047,-117.259,47.838,12.810,25.621,0.000,251.00,421.42,0.128,0.153
0.000000000,99.260,1.265,0.244,0.000,-2.024,-115.966,47.888,12.810,25.621,0.000,251.00,421.42,0.128,0.153
0.000000000,99.360,1.248,0.245,0.000,-2.000,-114.579,47.938,12.810,25.621,0.000,251.00,421.42,0.128,0.153
0.000000000,99.464,1.222,0.245,0.000,-1.964,-112.509,48.006,12.810,25.621,0.000,251.00,421.42,0.128,0.153
0.000000000,99.560,1.197,0.245,0.000,-1.931,-110.641,48.063,12.810,25.621,0.000,251.00,421.42,0.128,0.153
0.000000000,99.661,1.176,0.245,0.000,-1.903,-109.038,48.110,12.810,25.621,0.000,251.00,421.42,0.128,0.153
0.000000000,99.761,1.153,0.245,0.000,-1.875,-107.405,48.156,12.810,25.621,0.000,251.00,421.42,0.128,0.153
0.000000000,99.860,1.128,0.245,0.000,-1.846,-105.756,48.200,12.810,25.621,0.000,251.00,421.42,0.128,0.153
0.000000000,99.961,1.088,0.245,0.000,-1.800,-103.112,48.270,12.810,25.621,0.000,251.00,421.42,0.128,0.153
0.000000000,100.061,1.051,0.246,0.000,-1.760,-100.817,48.328,12.810,25.621,0.000,251.00,421.42,0.128,0.153
0.000000000,100.161,1.014,0.246,0.000,-1.720,-98.546,48.385,13.025,26.049,0.000,255.20,429.09,0.215,0.159
0.000000000,100.261,0.988,0.246,0.000,-1.692,-96.929,48.424,13.025,26.049,0.000,255.20,429.09,0.215,0.159
0.000000000,100.361,0.947,0.246,0.000,-1.647,-94.340,48.484,13.025,26.049,0.000,255.20,429.09,0.215,0.159
0.000000000,100.463,0.917,0.246,0.000,-1.612,-92.385,48.527,13.025,26.049,0.000,255.20,429.09,0.215,0.159
0.000000000,100.561,0.883,0.246,0.000,-1.572,-90.090,48.575,13.025,26.049,0.000,255.20,429.09,0.215,0.159
0.000000000,100.662,0.856,0.246,0.000,-1.538,-88.107,48.615,13.025,26.049,0.000,255.20,429.09,0.215,0.159
0.000000000,100.761,0.829,0.246,0.000,-1.503,-86.117,48.654,13.025,26.049,0.000,255.20,429.09,0.215,0.159
0.000000000,100.862,0.807,0.246,0.000,-1.474,-84.458,48.686,13.025,26.049,0.000,255.20,429.09,0.215,0.159
0.000000000,100.963,0.782,0.247,0.000,-1.439,-82.471,48.723,13.025,26.049,0.000,255.20,429.09,0.215,0.159
0.000000000,101.061,0.745,0.247,0.000,-1.391,-79.699,48.773,13.025,26.049,0.000,255.20,429.09,0.215,0.159
0.000000000,101.162,0.721,0.247,0.000,-1.358,-77.790,48.806,13.698,27.397,0.000,268.40,445.86,0.673,0.210
0.000000000,101.264,0.698,0.247,0.000,-1.325,-75.942,48.839,13.698,27.397,0.000,268.40,445.86,0.673,0.210
0.000000000,101.362,0.680,0.247,0.000,-1.300,-74.459,48.865,13.698,27.397,0.000,268.40,445.86,0.673,0.210
0.000000000,101.462,0.662,0.247,0.000,-1.270,-72.762,48.895,13.698,27.397,0.000,268.40,445.86,0.673,0.210
0.000000000,101.562,0.645,0.247,0.000,-1.238,-70.911,48.930,13.698,27.397,0.000,268.40,445.86,0.673,0.210
0.000000000,101.664,0.636,0.247,0.000,-1.216,-69.671,48.955,13.698,27.397,0.000,268.40,445.86,0.673,0.210
0.000000000,101.762,0.629,0.247,0.000,-1.191,-68.252,48.984,13.698,27.397,0.000,268.40,445.86,0.673,0.210
0.000000000,101.862,0.627,0.247,0.000,-1.171,-67.110,49.009,13.698,27.397,0.000,268.40,445.86,0.673,0.210
0.000000000,101.963,0.628,0.247,0.000,-1.148,-65.763,49.039,13.698,27.397,0.000,268.40,445.86,0.673,0.210
0.000000000,102.063,0.632,0.247,0.000,-1.124,-64.416,49.069,13.698,27.397,0.000,268.40,445.86,0.673,0.210
0.000000000,102.166,0.637,0.247,0.000,-1.109,-63.514,49.090,13.921,27.842,0.000,272.76,448.14,0.222,0.211
0.000000000,102.263,0.647,0.247,0.000,-1.085,-62.155,49.122,13.921,27.842,0.000,272.76,448.14,0.222,0.211
0.000000000,102.363,0.662,0.247,0.000,-1.057,-60.580,49.160,13.921,27.842,0.000,272.76,448.14,0.222,0.211
0.000000000,102.463,0.678,0.247,0.000,-1.034,-59.261,49.193,13.921,27.842,0.000,272.76,448.14,0.222,0.211
0.000000000,102.563,0.696,0.247,0.000,-1.012,-57.994,49.228,13.921,27.842,0.000,272.76,448.14,0.222,0.211
0.000000000,102.663,0.719,0.247,0.000,-0.988,-56.611,49.271,13.921,27.842,0.000,272.76,448.14,0.222,0.211
0.000000000,102.763,0.734,0.247,0.000,-0.975,-55.877,49.296,13.921,27.842,0.000,272.76,448.14,0.222,0.211
0.000000000,102.863,0.767,0.247,0.000,-0.952,-54.550,49.348,13.921,27.842,0.000,272.76,448.14,0.222,0.211
0.000000000,102.963,0.794,0.247,0.000,-0.937,-53.694,49.389,13.921,27.842,0.000,272.76,448.14,0.222,0.211
0.000000000,103.064,0.824,0.248,0.000,-0.924,-52.961,49.432,13.921,27.842,0.000,272.76,448.14,0.222,0.211
0.000000000,103.163,0.855,0.248,0.000,-0.913,-52.330,49.476,14.407,28.813,0.000,282.28,466.50,0.485,0.239
0.000000000,103.264,0.890,0.248,0.000,-0.902,-51.687,49.530,14.407,28.813,0.000,282.28,466.50,0.485,0.239
0.000000000,103.363,0.914,0.248,0.000,-0.895,-51.267,49.570,14.407,28.813,0.000,282.28,466.50,0.485,0.239
0.000000000,103.464,0.943,0.248,0.000,-0.885,-50.697,49.628,14.407,28.813,0.000,282.28,466.50,0.485,0.239
0.000000000,103.565,0.963,0.248,0.000,-0.876,-50.203,49.678,14.407,28.813,0.000,282.28,466.50,0.485,0.239
0.000000000,103.664,0.979,0.248,0.000,-0.867,-49.699,49.729,14.407,28.813,0.000,282.28,466.50,0.485,0.239
0.000000000,103.765,0.991,0.248,0.000,-0.860,-49.273,49.773,14.407,28.813,0.000,282.28,466.50,0.485,0.239
0.000000000,103.864,1.005,0.249,0.000,-0.850,-48.679,49.833,14.407,28.813,0.000,282.28,466.50,0.485,0.239
0.000000000,103.964,1.016,0.249,0.000,-0.841,-48.189,49.886,14.407,28.813,0.000,282.28,466.50,0.485,0.239
0.000000000,104.064,1.024,0.249,0.000,-0.834,-47.805,49.930,14.407,28.813,0.000,282.28,466.50,0.485,0.239
0.000000000,104.164,1.036,0.249,0.000,-0.826,-47.317,49.992,14.717,29.434,0.000,288.36,477.74,0.310,0.246
0.000000000,104.264,1.046,0.249,0.000,-0.820,-46.961,50.045,14.717,29.434,0.000,288.36,477.74,0.310,0.246
0.000000000,104.364,1.054,0.249,0.000,-0.815,-46.720,50.089,14.717,29.434,0.000,288.36,477.74,0.310,0.246
0.000000000,104.465,1.065,0.249,0.000,-0.811,-46.495,50.142,14.717,29.434,0.000,288.36,477.74,0.310,0.246
0.000000000,104.564,1.082,0.250,0.000,-0.808,-46.278,50.213,14.717,29.434,0.000,288.36,477.74,0.310,0.246
0.000000000,104.665,1.092,0.250,0.000,-0.806,-46.171,50.258,14.717,29.434,0.000,288.36,477.74,0.310,0.246
0.000000000,104.764,1.102,0.250,0.000,-0.804,-46.066,50.303,14.717,29.434,0.000,288.36,477.74,0.310,0.246
0.000000000,104.885,1.114,0.250,0.000,-0.802,-45.924,50.357,14.717,29.434,0.000,288.36,477.74,0.310,0.246
0.000000000,104.965,1.122,0.250,0.000,-0.799,-45.774,50.403,14.717,29.434,0.000,288.36,477.74,0.310,0.246
0.000000000,105.065,1.131,0.250,0.000,-0.794,-45.491,50.466,14.717,29.434,0.000,288.36,477.74,0.310,0.246
0.000000000,105.165,1.135,0.250,0.000,-0.790,-45.280,50.502,14.789,29.577,0.000,289.76,470.50,0.071,0.229
0.000000000,105.265,1.140,0.250,0.000,-0.782,-44.807,50.566,14.789,29.577,0.000,289.76,470.50,0.071,0.229
0.000000000,105.365,1.140,0.251,0.000,-0.774,-44.375,50.611,14.789,29.577,0.000,289.76,470.50,0.071,0.229
0.000000000,105.465,1.138,0.251,0.000,-0.765,-43.859,50.656,14.789,29.577,0.000,289.76,470.50,0.071,0.229
0.000000000,105.566,1.131,0.251,0.000,-0.750,-42.980,50.718,14.789,29.577,0.000,289.76,470.50,0.071,0.229
0.000000000,105.665,1.123,0.251,0.000,-0.737,-42.233,50.762,14.789,29.577,0.000,289.76,470.50,0.071,0.229
0.000000000,105.765,1.113,0.251,0.000,-0.722,-41.382,50.805,14.789,29.577,0.000,289.76,470.50,0.071,0.229
0.000000000,105.866,1.097,0.251,0.000,-0.698,-40.007,50.865,14.789,29.577,0.000,289.76,470.50,0.071,0.229
0.000000000,105.966,1.084,0.251,0.000,-0.679,-38.887,50.907,14.789,29.577,0.000,289.76,470.50,0.071,0.229
0.000000000,106.066,1.063,0.251,0.000,-0.648,-37.124,50.964,14.789,29.577,0.000,289.76,470.50,0.071,0.229
0.000000000,106.166,1.043,0.251,0.000,-0.618,-35.436,51.013,15.033,30.067,0.000,294.56,480.64,0.245,0.230
0.000000000,106.266,1.022,0.252,0.000,-0.586,-33.591,51.060,15.033,30.067,0.000,294.56,480.64,0.245,0.230
0.000000000,106.365,0.996,0.252,0.000,-0.546,-31.271,51.113,15.033,30.067,0.000,294.56,480.64,0.245,0.230
0.000000000,106.466,0.972,0.252,0.000,-0.509,-29.168,51.158,15.033,30.067,0.000,294.56,480.64,0.245,0.230
0.000000000,106.566,0.952,0.252,0.000,-0.477,-27.356,51.194,15.033,30.067,0.000,294.56,480.64,0.245,0.230
0.000000000,106.667,0.926,0.252,0.000,-0.439,-25.134,51.236,15.033,30.067,0.000,294.56,480.64,0.245,0.230
0.000000000,106.766,0.904,0.252,0.000,-0.406,-23.260,51.270,15.033,30.067,0.000,294.56,480.64,0.245,0.230
0.000000000,106.866,0.871,0.252,0.000,-0.360,-20.629,51.316,15.033,30.067,0.000,294.56,480.64,0.245,0.230
0.000000000,106.966,0.837,0.252,0.000,-0.314,-18.017,51.360,15.033,30.067,0.000,294.56,480.64,0.245,0.230
0.000000000,107.066,0.807,0.252,0.000,-0.276,-15.813,51.396,15.033,30.067,0.000,294.56,480.64,0.245,0.230
0.000000000,107.166,0.781,0.252,0.000,-0.244,-14.007,51.425,15.370,30.741,0.000,301.16,493.40,0.336,0.241
0.000000000,107.266,0.738,0.252,0.000,-0.201,-11.531,51.463,15.370,30.741,0.000,301.16,493.40,0.336,0.241
0.000000000,107.372,0.710,0.252,0.000,-0.177,-10.144,51.484,15.370,30.741,0.000,301.16,493.40,0.336,0.241
0.000000000,107.466,0.665,0.252,0.000,-0.141,-8.104,51.513,15.370,30.741,0.000,301.16,493.40,0.336,0.241
0.000000000,107.566,0.610,0.252,0.000,-0.101,-5.794,51.545,15.370,30.741,0.000,301.16,493.40,0.336,0.241
0.000000000,107.667,0.578,0.252,0.000,-0.079,-4.516,51.561,15.370,30.741,0.000,301.16,493.40,0.336,0.241
0.000000000,107.767,0.523,0.252,0.000,-0.041,-2.358,51.587,15.370,30.741,0.000,301.16,493.40,0.336,0.241
0.000000000,107.878,0.484,0.252,0.000,-0.016,-0.892,51.604,15.370,30.741,0.000,301.16,493.40,0.336,0.241
0.000000000,107.966,0.440,0.252,0.000,0.013,0.773,51.622,15.370,30.741,0.000,301.16,493.40,0.336,0.241
0.000000000,108.067,0.398,0.252,0.000,0.041,2.321,51.638,15.370,30.741,0.000,301.16,493.40,0.336,0.241
0.000000000,108.167,0.365,0.252,0.000,0.061,3.515,51.650,15.691,31.382,0.000,307.44,502.51,0.319,0.249
0.000000000,108.266,0.322,0.252,0.000,0.088,5.026,51.664,15.691,31.382,0.000,307.44,502.51,0.319,0.249
0.000000000,108.371,0.288,0.252,0.000,0.108,6.164,51.674,15.691,31.382,0.000,307.44,502.51,0.319,0.249
0.000000000,108.467,0.263,0.252,0.000,0.122,6.997,51.682,15.691,31.382,0.000,307.44,502.51,0.319,0.249
0.000000000,108.567,0.226,0.252,0.000,0.142,8.112,51.693,15.691,31.382,0.000,307.44,502.51,0.319,0.249
0.000000000,108.667,0.206,0.252,0.000,0.152,8.687,51.698,15.691,31.382,0.000,307.44,502.51,0.319,0.249
0.000000000,108.767,0.189,0.252,0.000,0.160,9.184,51.704,15.691,31.382,0.000,307.44,502.51,0.319,0.249
0.000000000,108.885,0.172,0.252,0.000,0.169,9.703,51.709,15.691,31.382,0.000,307.44,502.51,0.319,0.249
0.000000000,108.967,0.161,0.251,0.000,0.176,10.096,51.713,15.691,31.382,0.000,307.44,502.51,0.319,0.249
0.000000000,109.068,0.151,0.251,0.000,0.184,10.549,51.718,15.691,31.382,0.000,307.44,502.51,0.319,0.249
0.000000000,109.167,0.148,0.251,0.000,0.189,10.848,51.722,15.936,31.872,0.000,312.24,508.11,0.246,0.248
0.000000000,109.267,0.146,0.251,0.000,0.197,11.295,51.727,15.936,31.872,0.000,312.24,508.11,0.246,0.248
0.000000000,109.367,0.148,0.251,0.000,0.207,11.870,51.734,15.936,31.872,0.000,312.24,508.11,0.246,0.248
0.000000000,109.468,0.152,0.251,0.000,0.213,12.205,51.739,15.936,31.872,0.000,312.24,508.11,0.246,0.248
0.000000000,109.567,0.158,0.251,0.000,0.219,12.564,51.745,15.936,31.872,0.000,312.24,508.11,0.246,0.248
0.000000000,109.667,0.166,0.251,0.000,0.225,12.878,51.753,15.936,31.872,0.000,312.24,508.11,0.246,0.248
0.000000000,109.767,0.176,0.251,0.000,0.230,13.158,51.761,15.936,31.872,0.000,312.24,508.11,0.246,0.248
0.000000000,109.869,0.189,0.251,0.000,0.235,13.468,51.771,15.936,31.872,0.000,312.24,508.11,0.246,0.248
0.000000000,109.967,0.198,0.251,0.000,0.239,13.699,51.780,15.936,31.872,0.000,312.24,508.11,0.246,0.248
0.000000000,110.068,0.207,0.251,0.000,0.244,14.003,51.790,15.936,31.872,0.000,312.24,508.11,0.246,0.248
0.000000000,110.168,0.214,0.250,0.000,0.250,14.352,51.801,16.093,32.186,0.000,315.32,505.30,0.157,0.239
0.000000000,110.268,0.221,0.250,0.000,0.258,14.807,51.814,16.093,32.186,0.000,315.32,505.30,0.157,0.239
0.000000000,110.368,0.228,0.250,0.000,0.267,15.294,51.829,16.093,32.186,0.000,315.32,505.30,0.157,0.239
0.000000000,110.468,0.233,0.250,0.000,0.272,15.581,51.837,16.093,32.186,0.000,315.32,505.30,0.157,0.239
0.000000000,110.568,0.244,0.250,0.000,0.281,16.089,51.853,16.093,32.186,0.000,315.32,505.30,0.157,0.239
0.000000000,110.668,0.254,0.250,0.000,0.287,16.462,51.864,16.093,32.186,0.000,315.32,505.30,0.157,0.239
0.000000000,110.768,0.269,0.250,0.000,0.295,16.930,51.879,16.093,32.186,0.000,315.32,505.30,0.157,0.239
0.000000000,110.868,0.284,0.250,0.000,0.303,17.349,51.892,16.093,32.186,0.000,315.32,505.30,0.157,0.239
0.000000000,110.968,0.305,0.250,0.000,0.312,17.903,51.908,16.093,32.186,0.000,315.32,505.30,0.157,0.239
0.000000000,111.068,0.325,0.250,0.000,0.322,18.422,51.923,16.093,32.186,0.000,315.32,505.30,0.157,0.239
0.000000000,111.168,0.356,0.250,0.000,0.336,19.264,51.946,16.183,32.366,0.000,317.08,511.25,0.090,0.224
0.000000000,111.278,0.384,0.250,0.000,0.351,20.113,51.966,16.183,32.366,0.000,317.08,511.25,0.090,0.224
0.000000000,111.368,0.403,0.250,0.000,0.362,20.750,51.981,16.183,32.366,0.000,317.08,511.25,0.090,0.224
0.000000000,111.468,0.434,0.250,0.000,0.384,22.015,52.008,16.183,32.366,0.000,317.08,511.25,0.090,0.224
0.000000000,111.569,0.458,0.250,0.000,0.406,23.247,52.033,16.183,32.366,0.000,317.08,511.25,0.090,0.224
0.000000000,111.668,0.472,0.250,0.000,0.421,24.141,52.050,16.183,32.366,0.000,317.08,511.25,0.090,0.224
0.000000000,111.768,0.497,0.250,0.000,0.455,26.075,52.085,16.183,32.366,0.000,317.08,511.25,0.090,0.224
0.000000000,111.869,0.505,0.250,0.000,0.469,26.845,52.099,16.183,32.366,0.000,317.08,511.25,0.090,0.224
0.000000000,111.968,0.519,0.250,0.000,0.496,28.444,52.127,16.183,32.366,0.000,317.08,511.25,0.090,0.224
0.000000000,112.069,0.533,0.250,0.000,0.530,30.385,52.161,16.183,32.366,0.000,317.08,511.25,0.090,0.224
0.000000000,112.172,0.545,0.250,0.000,0.560,32.095,52.190,16.285,32.570,0.000,319.08,515.24,0.102,0.212
0.000000000,112.269,0.555,0.250,0.000,0.590,33.827,52.220,16.285,32.570,0.000,319.08,515.24,0.102,0.212
0.000000000,112.374,0.565,0.250,0.000,0.616,35.272,52.245,16.285,32.570,0.000,319.08,515.24,0.102,0.212
0.000000000,112.469,0.576,0.250,0.000,0.646,36.993,52.276,16.285,32.570,0.000,319.08,515.24,0.102,0.212
0.000000000,112.569,0.586,0.250,0.000,0.670,38.405,52.302,16.285,32.570,0.000,319.08,515.24,0.102,0.212
0.000000000,112.669,0.600,0.250,0.000,0.699,40.067,52.333,16.285,32.570,0.000,319.08,515.24,0.102,0.212
0.000000000,112.769,0.618,0.250,0.000,0.732,41.969,52.371,16.285,32.570,0.000,319.08,515.24,0.102,0.212
0.000000000,112.869,0.637,0.250,0.000,0.761,43.585,52.404,16.285,32.570,0.000,319.08,515.24,0.102,0.212
0.000000000,112.969,0.655,0.250,0.000,0.784,44.934,52.432,16.285,32.570,0.000,319.08,515.24,0.102,0.212
0.000000000,113.071,0.682,0.250,0.000,0.817,46.828,52.473,16.285,32.570,0.000,319.08,515.24,0.102,0.212
0.000000000,113.169,0.707,0.250,0.000,0.846,48.466,52.509,16.328,32.656,0.000,319.92,519.03,0.043,0.195
0.000000000,113.269,0.727,0.250,0.000,0.870,49.841,52.540,16.328,32.656,0.000,319.92,519.03,0.043,0.195
0.000000000,113.369,0.747,0.250,0.000,0.894,51.226,52.572,16.328,32.656,0.000,319.92,519.03,0.043,0.195
0.000000000,113.488,0.770,0.250,0.000,0.923,52.895,52.611,16.328,32.656,0.000,319.92,519.03,0.043,0.195
0.000000000,113.569,0.793,0.250,0.000,0.957,54.851,52.658,16.328,32.656,0.000,319.92,519.03,0.043,0.195
0.000000000,113.669,0.806,0.250,0.000,0.977,55.979,52.686,16.328,32.656,0.000,319.92,519.03,0.043,0.195
0.000000000,113.769,0.817,0.251,0.000,0.997,57.121,52.714,16.328,32.656,0.000,319.92,519.03,0.043,0.195
0.000000000,113.871,0.833,0.251,0.000,1.027,58.871,52.756,16.328,32.656,0.000,319.92,519.03,0.043,0.195
0.000000000,113.972,0.847,0.251,0.000,1.064,60.982,52.807,16.328,32.656,0.000,319.92,519.03,0.043,0.195
0.000000000,114.070,0.857,0.251,0.000,1.097,62.863,52.850,16.328,32.656,0.000,319.92,519.03,0.043,0.195
0.000000000,114.169,0.864,0.251,0.000,1.125,64.479,52.887,16.385,32.770,0.000,321.04,532.80,0.057,0.181
0.000000000,114.280,0.871,0.251,0.000,1.160,66.465,52.931,16.385,32.770,0.000,321.04,532.80,0.057,0.181
0.000000000,114.370,0.873,0.251,0.000,1.189,68.151,52.967,16.385,32.770,0.000,321.04,532.80,0.057,0.181
0.000000000,114.469,0.874,0.251,0.000,1.225,70.193,53.011,16.385,32.770,0.000,321.04,532.80,0.057,0.181
0.000000000,114.570,0.871,0.251,0.000,1.261,72.239,53.054,16.385,32.770,0.000,321.04,532.80,0.057,0.181
0.000000000,114.669,0.864,0.251,0.000,1.297,74.290,53.097,16.385,32.770,0.000,321.04,532.80,0.057,0.181
0.000000000,114.770,0.857,0.251,0.000,1.327,76.011,53.132,16.385,32.770,0.000,321.04,532.80,0.057,0.181
0.000000000,114.870,0.847,0.251,0.000,1.363,78.095,53.173,16.385,32.770,0.000,321.04,532.80,0.057,0.181
0.000000000,114.970,0.834,0.251,0.000,1.400,80.206,53.213,16.385,32.770,0.000,321.04,532.80,0.057,0.181
0.000000000,115.070,0.824,0.251,0.000,1.431,81.987,53.245,16.385,32.770,0.000,321.04,532.80,0.057,0.181
0.000000000,115.170,0.808,0.252,0.000,1.475,84.502,53.289,16.442,32.884,0.000,322.16,530.69,0.057,0.169
0.000000000,115.270,0.794,0.252,0.000,1.513,86.670,53.326,16.442,32.884,0.000,322.16,530.69,0.057,0.169
0.000000000,115.371,0.779,0.252,0.000,1.551,88.838,53.362,16.442,32.884,0.000,322.16,530.69,0.057,0.169
0.000000000,115.477,0.766,0.252,0.000,1.582,90.633,53.392,16.442,32.884,0.000,322.16,530.69,0.057,0.169
0.000000000,115.571,0.750,0.252,0.000,1.619,92.763,53.427,16.442,32.884,0.000,322.16,530.69,0.057,0.169
0.000000000,115.677,0.737,0.252,0.000,1.649,94.508,53.455,16.442,32.884,0.000,322.16,530.69,0.057,0.169
0.000000000,115.770,0.724,0.252,0.000,1.679,96.214,53.483,16.442,32.884,0.000,322.16,530.69,0.057,0.169
0.000000000,115.875,0.707,0.252,0.000,1.719,98.515,53.521,16.442,32.884,0.000,322.16,530.69,0.057,0.169
0.000000000,115.970,0.696,0.252,0.000,1.752,100.389,53.553,16.442,32.884,0.000,322.16,530.69,0.057,0.169
0.000000000,116.070,0.687,0.252,0.000,1.783,102.148,53.585,16.442,32.884,0.000,322.16,530.69,0.057,0.169
0.000000000,116.176,0.685,0.252,0.000,1.797,102.982,53.600,16.512,33.023,0.000,323.52,532.90,0.069,0.159
0.000000000,116.270,0.682,0.252,0.000,1.829,104.798,53.636,16.512,33.023,0.000,323.52,532.90,0.069,0.159
0.000000000,116.370,0.683,0.252,0.000,1.850,105.974,53.662,16.512,33.023,0.000,323.52,532.90,0.069,0.159
0.000000000,116.470,0.689,0.252,0.000,1.872,107.248,53.693,16.512,33.023,0.000,323.52,532.90,0.069,0.159
0.000000000,116.571,0.697,0.252,0.000,1.888,108.189,53.720,16.512,33.023,0.000,323.52,532.90,0.069,0.159
0.000000000,116.671,0.711,0.252,0.000,1.905,109.171,53.752,16.512,33.023,0.000,323.52,532.90,0.069,0.159
0.000000000,116.770,0.732,0.252,0.000,1.922,110.107,53.792,16.512,33.023,0.000,323.52,532.90,0.069,0.159
0.000000000,116.870,0.747,0.252,0.000,1.929,110.540,53.815,16.512,33.023,0.000,323.52,532.90,0.069,0.159
0.000000000,116.973,0.782,0.252,0.000,1.940,111.175,53.864,16.512,33.023,0.000,323.52,532.90,0.069,0.159
0.000000000,117.071,0.812,0.252,0.000,1.945,111.454,53.902,16.512,33.023,0.000,323.52,532.90,0.069,0.159
0.000000000,117.171,0.844,0.252,0.000,1.947,111.563,53.942,16.512,33.023,0.000,323.52,533.04,0.000,0.143
0.000000000,117.272,0.867,0.252,0.000,1.947,111.543,53.970,16.512,33.023,0.000,323.52,533.04,0.000,0.143
0.000000000,117.379,0.908,0.252,0.000,1.943,111.331,54.021,16.512,33.023,0.000,323.52,533.04,0.000,0.143
0.000000000,117.471,0.943,0.252,0.000,1.937,110.963,54.067,16.512,33.023,0.000,323.52,533.04,0.000,0.143
0.000000000,117.589,0.974,0.253,0.000,1.929,110.528,54.107,16.512,33.023,0.000,323.52,533.04,0.000,0.143
0.000000000,117.671,1.010,0.253,0.000,1.917,109.849,54.156,16.512,33.023,0.000,323.52,533.04,0.000,0.143
0.000000000,117.771,1.039,0.253,0.000,1.905,109.155,54.199,16.512,33.023,0.000,323.52,533.04,0.000,0.143
0.000000000,117.871,1.079,0.253,0.000,1.885,107.984,54.260,16.512,33.023,0.000,323.52,533.04,0.000,0.143
0.000000000,117.971,1.106,0.253,0.000,1.868,107.002,54.306,16.512,33.023,0.000,323.52,533.04,0.000,0.143
0.000000000,118.071,1.142,0.253,0.000,1.840,105.428,54.371,16.512,33.023,0.000,323.52,533.04,0.000,0.143
0.000000000,118.171,1.171,0.253,0.000,1.813,103.893,54.429,16.512,33.023,0.000,323.52,533.59,0.000,0.129
0.000000000,118.271,1.193,0.253,0.000,1.789,102.485,54.479,16.512,33.023,0.000,323.52,533.59,0.000,0.129
0.000000000,118.371,1.222,0.254,0.000,1.751,100.329,54.549,16.512,33.023,0.000,323.52,533.59,0.000,0.129
0.000000000,118.471,1.249,0.254,0.000,1.710,97.983,54.621,16.512,33.023,0.000,323.52,533.59,0.000,0.129
0.000000000,118.571,1.270,0.254,0.000,1.673,95.848,54.684,16.512,33.023,0.000,323.52,533.59,0.000,0.129
0.000000000,118.673,1.286,0.254,0.000,1.641,94.002,54.736,16.512,33.023,0.000,323.52,533.59,0.000,0.129
0.000000000,118.772,1.307,0.254,0.000,1.587,90.954,54.822,16.512,33.023,0.000,323.52,533.59,0.000,0.129
0.000000000,118.871,1.322,0.255,0.000,1.540,88.210,54.897,16.512,33.023,0.000,323.52,533.59,0.000,0.129
0.000000000,118.971,1.333,0.255,0.000,1.498,85.818,54.962,16.512,33.023,0.000,323.52,533.59,0.000,0.129
0.000000000,119.071,1.343,0.255,0.000,1.449,82.998,55.037,16.512,33.023,0.000,323.52,533.59,0.000,0.129
0.000000000,119.172,1.349,0.255,0.000,1.406,80.573,55.102,16.512,33.023,0.000,323.52,534.40,0.000,0.116
0.000000000,119.272,1.353,0.255,0.000,1.371,78.563,55.156,16.512,33.023,0.000,323.52,534.40,0.000,0.116
0.000000000,119.372,1.355,0.256,0.000,1.330,76.182,55.221,16.512,33.023,0.000,323.52,534.40,0.000,0.116
0.000000000,119.476,1.356,0.256,0.000,1.296,74.239,55.275,16.512,33.023,0.000,323.52,534.40,0.000,0.116
0.000000000,119.572,1.356,0.256,0.000,1.263,72.345,55.329,16.512,33.023,0.000,323.52,534.40,0.000,0.116
0.000000000,119.671,1.355,0.256,0.000,1.224,70.149,55.393,16.512,33.023,0.000,323.52,534.40,0.000,0.116
0.000000000,119.771,1.354,0.256,0.000,1.194,68.392,55.447,16.512,33.023,0.000,323.52,534.40,0.000,0.116
0.000000000,119.872,1.352,0.256,0.000,1.159,66.383,55.511,16.512,33.023,0.000,323.52,534.40,0.000,0.116
0.000000000,119.973,1.350,0.256,0.000,1.131,64.799,55.564,16.512,33.023,0.000,323.52,534.40,0.000,0.116
0.000000000,120.071,1.350,0.257,0.000,1.115,63.892,55.596,16.512,33.023,0.000,323.52,534.40,0.000,0.116
0.000000000,120.172,1.349,0.257,0.000,1.085,62.176,55.659,16.867,33.733,0.000,330.48,545.52,0.355,0.140
0.000000000,120.283,1.348,0.257,0.000,1.058,60.598,55.723,16.867,33.733,0.000,330.48,545.52,0.355,0.140
0.000000000,120.372,1.348,0.257,0.000,1.033,59.159,55.787,16.867,33.733,0.000,330.48,545.52,0.355,0.140
0.000000000,120.472,1.349,0.257,0.000,1.017,58.277,55.830,16.867,33.733,0.000,330.48,545.52,0.355,0.140
0.000000000,120.572,1.351,0.257,0.000,0.993,56.874,55.904,16.867,33.733,0.000,330.48,545.52,0.355,0.140
0.000000000,120.672,1.353,0.258,0.000,0.974,55.810,55.969,16.867,33.733,0.000,330.48,545.52,0.355,0.140
0.000000000,120.772,1.357,0.258,0.000,0.958,54.872,56.033,16.867,33.733,0.000,330.48,545.52,0.355,0.140
0.000000000,120.872,1.361,0.258,0.000,0.943,54.046,56.098,16.867,33.733,0.000,330.48,545.52,0.355,0.140
0.000000000,120.972,1.366,0.258,0.000,0.931,53.315,56.162,16.867,33.733,0.000,330.48,545.52,0.355,0.140
0.000000000,121.072,1.371,0.258,0.000,0.919,52.654,56.228,16.867,33.733,0.000,330.48,545.52,0.355,0.140
0.000000000,121.172,1.377,0.258,0.000,0.908,52.044,56.293,16.934,33.868,0.000,331.80,546.36,0.067,0.133
0.000000000,121.273,1.383,0.259,0.000,0.897,51.379,56.371,16.934,33.868,0.000,331.80,546.36,0.067,0.133
0.000000000,121.372,1.389,0.259,0.000,0.887,50.830,56.438,16.934,33.868,0.000,331.80,546.36,0.067,0.133
0.000000000,121.475,1.394,0.259,0.000,0.877,50.276,56.505,16.934,33.868,0.000,331.80,546.36,0.067,0.133
0.000000000,121.572,1.397,0.259,0.000,0.869,49.795,56.562,16.934,33.868,0.000,331.80,546.36,0.067,0.133
0.000000000,121.672,1.401,0.259,0.000,0.858,49.182,56.630,16.934,33.868,0.000,331.80,546.36,0.067,0.133
0.000000000,121.776,1.403,0.260,0.000,0.849,48.635,56.686,16.934,33.868,0.000,331.80,546.36,0.067,0.133
0.000000000,121.872,1.403,0.260,0.000,0.837,47.935,56.755,16.934,33.868,0.000,331.80,546.36,0.067,0.133
0.000000000,121.972,1.402,0.260,0.000,0.824,47.185,56.823,16.934,33.868,0.000,331.80,546.36,0.067,0.133
0.000000000,122.072,1.400,0.260,0.000,0.812,46.518,56.880,16.934,33.868,0.000,331.80,546.36,0.067,0.133
0.000000000,122.172,1.394,0.260,0.000,0.792,45.351,56.970,16.934,33.868,0.000,331.80,544.42,0.000,0.119
0.000000000,122.273,1.389,0.260,0.000,0.778,44.556,57.026,16.934,33.868,0.000,331.80,544.42,0.000,0.119
0.000000000,122.373,1.381,0.261,0.000,0.760,43.538,57.093,16.934,33.868,0.000,331.80,544.42,0.000,0.119
0.000000000,122.474,1.371,0.261,0.000,0.741,42.461,57.159,16.934,33.868,0.000,331.80,544.42,0.000,0.119
0.000000000,122.573,1.363,0.261,0.000,0.728,41.717,57.203,16.934,33.868,0.000,331.80,544.42,0.000,0.119
0.000000000,122.673,1.353,0.261,0.000,0.711,40.766,57.257,16.934,33.868,0.000,331.80,544.42,0.000,0.119
0.000000000,122.773,1.339,0.261,0.000,0.691,39.600,57.321,16.934,33.868,0.000,331.80,544.42,0.000,0.119
0.000000000,122.874,1.323,0.261,0.000,0.671,38.418,57.385,16.934,33.868,0.000,331.80,544.42,0.000,0.119
0.000000000,122.973,1.303,0.262,0.000,0.646,37.038,57.458,16.934,33.868,0.000,331.80,544.42,0.000,0.119
0.000000000,123.073,1.285,0.262,0.000,0.626,35.861,57.520,16.934,33.868,0.000,331.80,544.42,0.000,0.119
0.000000000,123.173,1.267,0.262,0.000,0.605,34.689,57.580,16.955,33.909,0.000,332.20,543.25,0.020,0.109
0.000000000,123.273,1.251,0.262,0.000,0.588,33.708,57.630,16.955,33.909,0.000,332.20,543.25,0.020,0.109
0.000000000,123.373,1.236,0.262,0.000,0.571,32.721,57.679,16.955,33.909,0.000,332.20,543.25,0.020,0.109
0.000000000,123.474,1.215,0.262,0.000,0.547,31.333,57.747,16.955,33.909,0.000,332.20,543.25,0.020,0.109
0.000000000,123.573,1.197,0.262,0.000,0.526,30.138,57.804,16.955,33.909,0.000,332.20,543.25,0.020,0.109
0.000000000,123.673,1.179,0.263,0.000,0.505,28.941,57.861,16.955,33.909,0.000,332.20,543.25,0.020,0.109
0.000000000,123.773,1.159,0.263,0.000,0.481,27.559,57.927,16.955,33.909,0.000,332.20,543.25,0.020,0.109
0.000000000,123.873,1.142,0.263,0.000,0.461,26.397,57.982,16.955,33.909,0.000,332.20,543.25,0.020,0.109
0.000000000,123.973,1.129,0.263,0.000,0.444,25.455,58.028,16.955,33.909,0.000,332.20,543.25,0.020,0.109
0.000000000,124.073,1.112,0.263,0.000,0.425,24.363,58.082,16.955,33.909,0.000,332.20,543.25,0.020,0.109
0.000000000,124.174,1.095,0.263,0.000,0.407,23.308,58.135,17.428,34.856,0.000,341.48,555.40,0.473,0.146
0.000000000,124.273,1.076,0.263,0.000,0.386,22.117,58.195,17.428,34.856,0.000,341.48,555.40,0.473,0.146
0.000000000,124.373,1.060,0.263,0.000,0.372,21.292,58.238,17.428,34.856,0.000,341.48,555.40,0.473,0.146
0.000000000,124.473,1.044,0.264,0.000,0.357,20.481,58.280,17.428,34.856,0.000,341.48,555.40,0.473,0.146
0.000000000,124.574,1.023,0.264,0.000,0.341,19.529,58.330,17.428,34.856,0.000,341.48,555.40,0.473,0.146
0.000000000,124.673,1.000,0.264,0.000,0.325,18.596,58.378,17.428,34.856,0.000,341.48,555.40,0.473,0.146
0.000000000,124.773,0.984,0.264,0.000,0.314,17.985,58.409,17.428,34.856,0.000,341.48,555.40,0.473,0.146
0.000000000,124.874,0.957,0.264,0.000,0.298,17.092,58.455,17.428,34.856,0.000,341.48,555.40,0.473,0.146
0.000000000,124.976,0.932,0.264,0.000,0.286,16.366,58.492,17.428,34.856,0.000,341.48,555.40,0.473,0.146
0.000000000,125.075,0.895,0.264,0.000,0.269,15.393,58.542,17.428,34.856,0.000,341.48,555.40,0.473,0.146
0.000000000,125.173,0.860,0.264,0.000,0.255,14.593,58.582,17.916,35.832,0.000,351.04,565.58,0.488,0.180
0.000000000,125.276,0.829,0.264,0.000,0.243,13.951,58.615,17.916,35.832,0.000,351.04,565.58,0.488,0.180
0.000000000,125.373,0.790,0.264,0.000,0.231,13.212,58.652,17.916,35.832,0.000,351.04,565.58,0.488,0.180
0.000000000,125.474,0.756,0.264,0.000,0.220,12.623,58.681,17.916,35.832,0.000,351.04,565.58,0.488,0.180
0.000000000,125.574,0.721,0.264,0.000,0.210,12.055,58.708,17.916,35.832,0.000,351.04,565.58,0.488,0.180
0.000000000,125.675,0.678,0.264,0.000,0.199,11.391,58.739,17.916,35.832,0.000,351.04,565.58,0.488,0.180
0.000000000,125.774,0.643,0.264,0.000,0.189,10.838,58.762,17.916,35.832,0.000,351.04,565.58,0.488,0.180
0.000000000,125.875,0.603,0.264,0.000,0.177,10.154,58.789,17.916,35.832,0.000,351.04,565.58,0.488,0.180
0.000000000,125.974,0.568,0.264,0.000,0.165,9.431,58.813,17.916,35.832,0.000,351.04,565.58,0.488,0.180
0.000000000,126.074,0.532,0.264,0.000,0.149,8.511,58.840,17.916,35.832,0.000,351.04,565.58,0.488,0.180
0.000000000,126.174,0.511,0.264,0.000,0.136,7.787,58.858,17.955,35.910,0.000,351.80,565.30,0.039,0.166
0.000000000,126.274,0.493,0.264,0.000,0.122,6.997,58.875,17.955,35.910,0.000,351.80,565.30,0.039,0.166
0.000000000,126.374,0.475,0.264,0.000,0.104,5.950,58.894,17.955,35.910,0.000,351.80,565.30,0.039,0.166
0.000000000,126.474,0.462,0.264,0.000,0.087,4.983,58.910,17.955,35.910,0.000,351.80,565.30,0.039,0.166
0.000000000,126.575,0.450,0.264,0.000,0.065,3.701,58.929,17.955,35.910,0.000,351.80,565.30,0.039,0.166
0.000000000,126.675,0.441,0.264,0.000,0.044,2.526,58.945,17.955,35.910,0.000,351.80,565.30,0.039,0.166
0.000000000,126.774,0.432,0.264,0.000,0.017,0.999,58.964,17.955,35.910,0.000,351.80,565.30,0.039,0.166
0.000000000,126.874,0.426,0.264,0.000,-0.006,-0.361,58.979,17.955,35.910,0.000,351.80,565.30,0.039,0.166
0.000000000,126.975,0.420,0.264,0.000,-0.031,-1.787,58.995,17.955,35.910,0.000,351.80,565.30,0.039,0.166
0.000000000,127.074,0.413,0.264,0.000,-0.068,-3.869,59.017,17.955,35.910,0.000,351.80,565.30,0.039,0.166
0.000000000,127.185,0.408,0.264,0.000,-0.094,-5.399,59.032,18.043,36.085,0.000,353.52,570.15,0.088,0.158
0.000000000,127.274,0.403,0.264,0.000,-0.127,-7.263,59.051,18.043,36.085,0.000,353.52,570.15,0.088,0.158
0.000000000,127.374,0.397,0.264,0.000,-0.159,-9.137,59.070,18.043,36.085,0.000,353.52,570.15,0.088,0.158
0.000000000,127.478,0.391,0.264,0.000,-0.187,-10.694,59.086,18.043,36.085,0.000,353.52,570.15,0.088,0.158
0.000000000,127.574,0.385,0.264,0.000,-0.214,-12.233,59.103,18.043,36.085,0.000,353.52,570.15,0.088,0.158
0.000000000,127.674,0.376,0.264,0.000,-0.245,-14.048,59.122,18.043,36.085,0.000,353.52,570.15,0.088,0.158
0.000000000,127.777,0.368,0.263,0.000,-0.271,-15.526,59.137,18.043,36.085,0.000,353.52,570.15,0.088,0.158
0.000000000,127.874,0.354,0.263,0.000,-0.306,-17.526,59.159,18.043,36.085,0.000,353.52,570.15,0.088,0.158
0.000000000,127.979,0.340,0.263,0.000,-0.335,-19.167,59.177,18.043,36.085,0.000,353.52,570.15,0.088,0.158
0.000000000,128.077,0.327,0.263,0.000,-0.357,-20.479,59.191,18.043,36.085,0.000,353.52,570.15,0.088,0.158
0.000000000,128.174,0.310,0.263,0.000,-0.384,-21.994,59.207,18.114,36.228,0.000,354.92,575.02,0.071,0.149
0.000000000,128.274,0.296,0.263,0.000,-0.405,-23.221,59.220,18.114,36.228,0.000,354.92,575.02,0.071,0.149
0.000000000,128.375,0.282,0.263,0.000,-0.426,-24.431,59.232,18.114,36.228,0.000,354.92,575.02,0.071,0.149
0.000000000,128.475,0.268,0.263,0.000,-0.447,-25.637,59.243,18.114,36.228,0.000,354.92,575.02,0.071,0.149
0.000000000,128.575,0.254,0.263,0.000,-0.473,-27.096,59.255,18.114,36.228,0.000,354.92,575.02,0.071,0.149
0.000000000,128.675,0.242,0.263,0.000,-0.499,-28.579,59.267,18.114,36.228,0.000,354.92,575.02,0.071,0.149
0.000000000,128.775,0.234,0.263,0.000,-0.521,-29.835,59.276,18.114,36.228,0.000,354.92,575.02,0.071,0.149
0.000000000,128.875,0.228,0.263,0.000,-0.543,-31.111,59.285,18.114,36.228,0.000,354.92,575.02,0.071,0.149
0.000000000,128.975,0.224,0.263,0.000,-0.575,-32.924,59.298,18.114,36.228,0.000,354.92,575.02,0.071,0.149
0.000000000,129.075,0.224,0.263,0.000,-0.593,-33.968,59.305,18.114,36.228,0.000,354.92,575.02,0.071,0.149
0.000000000,129.175,0.228,0.263,0.000,-0.625,-35.799,59.317,18.173,36.347,0.000,356.08,575.67,0.059,0.140
0.000000000,129.275,0.236,0.263,0.000,-0.652,-37.364,59.328,18.173,36.347,0.000,356.08,575.67,0.059,0.140
0.000000000,129.375,0.247,0.263,0.000,-0.679,-38.913,59.340,18.173,36.347,0.000,356.08,575.67,0.059,0.140
0.000000000,129.475,0.259,0.262,0.000,-0.701,-40.183,59.350,18.173,36.347,0.000,356.08,575.67,0.059,0.140
0.000000000,129.575,0.275,0.262,0.000,-0.727,-41.677,59.363,18.173,36.347,0.000,356.08,575.67,0.059,0.140
0.000000000,129.675,0.291,0.262,0.000,-0.749,-42.892,59.375,18.173,36.347,0.000,356.08,575.67,0.059,0.140
0.000000000,129.776,0.315,0.262,0.000,-0.777,-44.536,59.393,18.173,36.347,0.000,356.08,575.67,0.059,0.140
0.000000000,129.875,0.336,0.262,0.000,-0.801,-45.883,59.409,18.173,36.347,0.000,356.08,575.67,0.059,0.140
0.000000000,129.975,0.352,0.262,0.000,-0.820,-46.957,59.424,18.173,36.347,0.000,356.08,575.67,0.059,0.140
0.000000000,130.075,0.370,0.262,0.000,-0.841,-48.175,59.442,18.173,36.347,0.000,356.08,575.67,0.059,0.140
0.000000000,130.175,0.382,0.262,0.000,-0.857,-49.124,59.458,18.273,36.547,0.000,358.04,585.27,0.100,0.136
0.000000000,130.275,0.398,0.262,0.000,-0.879,-50.337,59.482,18.273,36.547,0.000,358.04,585.27,0.100,0.136
0.000000000,130.375,0.407,0.262,0.000,-0.889,-50.962,59.496,18.273,36.547,0.000,358.04,585.27,0.100,0.136
0.000000000,130.476,0.421,0.262,0.000,-0.906,-51.926,59.521,18.273,36.547,0.000,358.04,585.27,0.100,0.136
0.000000000,130.575,0.434,0.262,0.000,-0.918,-52.610,59.543,18.273,36.547,0.000,358.04,585.27,0.100,0.136
0.000000000,130.677,0.445,0.262,0.000,-0.926,-53.070,59.562,18.273,36.547,0.000,358.04,585.27,0.100,0.136
0.000000000,130.775,0.462,0.262,0.000,-0.934,-53.542,59.590,18.273,36.547,0.000,358.04,585.27,0.100,0.136
0.000000000,130.875,0.479,0.262,0.000,-0.939,-53.779,59.614,18.273,36.547,0.000,358.04,585.27,0.100,0.136
0.000000000,130.975,0.491,0.262,0.000,-0.940,-53.849,59.631,18.273,36.547,0.000,358.04,585.27,0.100,0.136
0.000000000,131.076,0.516,0.262,0.000,-0.939,-53.797,59.661,18.273,36.547,0.000,358.04,585.27,0.100,0.136
0.000000000,131.177,0.535,0.262,0.000,-0.936,-53.623,59.683,18.288,36.575,0.000,358.32,584.65,0.014,0.124
0.000000000,131.276,0.561,0.262,0.000,-0.930,-53.261,59.712,18.288,36.575,0.000,358.32,584.65,0.014,0.124
0.000000000,131.375,0.584,0.262,0.000,-0.922,-52.833,59.736,18.288,36.575,0.000,358.32,584.65,0.014,0.124
0.000000000,131.476,0.620,0.262,0.000,-0.908,-52.039,59.773,18.288,36.575,0.000,358.32,584.65,0.014,0.124
0.000000000,131.576,0.646,0.262,0.000,-0.896,-51.339,59.801,18.288,36.575,0.000,358.32,584.65,0.014,0.124
0.000000000,131.675,0.679,0.262,0.000,-0.879,-50.364,59.835,18.288,36.575,0.000,358.32,584.65,0.014,0.124
0.000000000,131.776,0.711,0.262,0.000,-0.860,-49.264,59.872,18.288,36.575,0.000,358.32,584.65,0.014,0.124
0.000000000,131.876,0.748,0.262,0.000,-0.835,-47.858,59.916,18.288,36.575,0.000,358.32,584.65,0.014,0.124
0.000000000,131.976,0.778,0.262,0.000,-0.813,-46.577,59.955,18.288,36.575,0.000,358.32,584.65,0.014,0.124
0.000000000,132.076,0.810,0.262,0.000,-0.786,-45.035,60.003,18.288,36.575,0.000,358.32,584.65,0.014,0.124
0.000000000,132.176,0.835,0.262,0.000,-0.763,-43.695,60.046,18.296,36.592,0.000,358.48,588.83,0.008,0.113
0.000000000,132.276,0.858,0.262,0.000,-0.739,-42.365,60.089,18.296,36.592,0.000,358.48,588.83,0.008,0.113
0.000000000,132.376,0.882,0.263,0.000,-0.713,-40.848,60.141,18.296,36.592,0.000,358.48,588.83,0.008,0.113
0.000000000,132.477,0.901,0.263,0.000,-0.691,-39.591,60.186,18.296,36.592,0.000,358.48,588.83,0.008,0.113
0.000000000,132.576,0.915,0.263,0.000,-0.673,-38.577,60.224,18.296,36.592,0.000,358.48,588.83,0.008,0.113
0.000000000,132.676,0.932,0.263,0.000,-0.653,-37.398,60.271,18.296,36.592,0.000,358.48,588.83,0.008,0.113
0.000000000,132.776,0.950,0.263,0.000,-0.629,-36.059,60.326,18.296,36.592,0.000,358.48,588.83,0.008,0.113
0.000000000,132.876,0.960,0.263,0.000,-0.616,-35.303,60.358,18.296,36.592,0.000,358.48,588.83,0.008,0.113
0.000000000,132.976,0.978,0.263,0.000,-0.593,-33.974,60.414,18.296,36.592,0.000,358.48,588.83,0.008,0.113
0.000000000,133.078,0.992,0.263,0.000,-0.576,-33.009,60.455,18.296,36.592,0.000,358.48,588.83,0.008,0.113
0.000000000,133.176,1.002,0.263,0.000,-0.562,-32.226,60.487,18.420,36.841,0.000,360.92,588.70,0.124,0.114
0.000000000,133.276,1.018,0.263,0.000,-0.542,-31.033,60.537,18.420,36.841,0.000,360.92,588.70,0.124,0.114
0.000000000,133.376,1.032,0.263,0.000,-0.524,-30.019,60.578,18.420,36.841,0.000,360.92,588.70,0.124,0.114
0.000000000,133.476,1.052,0.263,0.000,-0.499,-28.570,60.638,18.420,36.841,0.000,360.92,588.70,0.124,0.114
0.000000000,133.578,1.067,0.264,0.000,-0.480,-27.516,60.681,18.420,36.841,0.000,360.92,588.70,0.124,0.114
0.000000000,133.677,1.079,0.264,0.000,-0.465,-26.659,60.715,18.420,36.841,0.000,360.92,588.70,0.124,0.114
0.000000000,133.776,1.096,0.264,0.000,-0.443,-25.354,60.768,18.420,36.841,0.000,360.92,588.70,0.124,0.114
0.000000000,133.877,1.114,0.264,0.000,-0.419,-24.017,60.822,18.420,36.841,0.000,360.92,588.70,0.124,0.114
0.000000000,133.976,1.132,0.264,0.000,-0.395,-22.634,60.877,18.420,36.841,0.000,360.92,588.70,0.124,0.114
0.000000000,134.077,1.146,0.264,0.000,-0.374,-21.439,60.923,18.420,36.841,0.000,360.92,588.70,0.124,0.114
0.000000000,134.190,1.160,0.264,0.000,-0.353,-20.201,60.970,18.659,37.318,0.000,365.60,594.63,0.239,0.126
0.000000000,134.276,1.176,0.264,0.000,-0.326,-18.666,61.026,18.659,37.318,0.000,365.60,594.63,0.239,0.126
0.000000000,134.377,1.189,0.264,0.000,-0.303,-17.359,61.074,18.659,37.318,0.000,365.60,594.63,0.239,0.126
0.000000000,134.477,1.202,0.264,0.000,-0.280,-16.038,61.122,18.659,37.318,0.000,365.60,594.63,0.239,0.126
0.000000000,134.577,1.215,0.265,0.000,-0.257,-14.716,61.170,18.659,37.318,0.000,365.60,594.63,0.239,0.126
0.000000000,134.677,1.231,0.265,0.000,-0.229,-13.135,61.229,18.659,37.318,0.000,365.60,594.63,0.239,0.126
0.000000000,134.779,1.245,0.265,0.000,-0.202,-11.564,61.289,18.659,37.318,0.000,365.60,594.63,0.239,0.126
0.000000000,134.877,1.258,0.265,0.000,-0.175,-10.006,61.349,18.659,37.318,0.000,365.60,594.63,0.239,0.126
0.000000000,134.977,1.271,0.265,0.000,-0.148,-8.463,61.410,18.659,37.318,0.000,365.60,594.63,0.239,0.126
0.000000000,135.077,1.279,0.265,0.000,-0.125,-7.182,61.461,18.659,37.318,0.000,365.60,594.63,0.239,0.126
0.000000000,135.178,1.287,0.265,0.000,-0.103,-5.902,61.513,18.884,37.767,0.000,370.00,597.22,0.224,0.136
0.000000000,135.277,1.295,0.266,0.000,-0.071,-4.095,61.585,18.884,37.767,0.000,370.00,597.22,0.224,0.136
0.000000000,135.377,1.298,0.266,0.000,-0.049,-2.784,61.637,18.884,37.767,0.000,370.00,597.22,0.224,0.136
0.000000000,135.497,1.300,0.266,0.000,-0.021,-1.175,61.699,18.884,37.767,0.000,370.00,597.22,0.224,0.136
0.000000000,135.577,1.299,0.266,0.000,0.004,0.201,61.750,18.884,37.767,0.000,370.00,597.22,0.224,0.136
0.000000000,135.677,1.297,0.266,0.000,0.028,1.615,61.801,18.884,37.767,0.000,370.00,597.22,0.224,0.136
0.000000000,135.777,1.292,0.266,0.000,0.059,3.357,61.862,18.884,37.767,0.000,370.00,597.22,0.224,0.136
0.000000000,135.877,1.285,0.266,0.000,0.095,5.441,61.933,18.884,37.767,0.000,370.00,597.22,0.224,0.136
0.000000000,135.977,1.276,0.266,0.000,0.127,7.254,61.993,18.884,37.767,0.000,370.00,597.22,0.224,0.136
0.000000000,136.078,1.266,0.267,0.000,0.158,9.081,62.052,18.884,37.767,0.000,370.00,597.22,0.224,0.136
0.000000000,136.177,1.257,0.267,0.000,0.185,10.604,62.101,19.086,38.172,0.000,373.96,603.54,0.202,0.143
0.000000000,136.278,1.244,0.267,0.000,0.217,12.418,62.160,19.086,38.172,0.000,373.96,603.54,0.202,0.143
0.000000000,136.377,1.233,0.267,0.000,0.243,13.905,62.207,19.086,38.172,0.000,373.96,603.54,0.202,0.143
0.000000000,136.477,1.220,0.267,0.000,0.273,15.650,62.264,19.086,38.172,0.000,373.96,603.54,0.202,0.143
0.000000000,136.578,1.208,0.267,0.000,0.298,17.065,62.311,19.086,38.172,0.000,373.96,603.54,0.202,0.143
0.000000000,136.677,1.190,0.267,0.000,0.331,18.978,62.376,19.086,38.172,0.000,373.96,603.54,0.202,0.143
0.000000000,136.777,1.178,0.267,0.000,0.354,20.289,62.422,19.086,38.172,0.000,373.96,603.54,0.202,0.143
0.000000000,136.877,1.166,0.267,0.000,0.376,21.553,62.467,19.086,38.172,0.000,373.96,603.54,0.202,0.143
0.000000000,136.983,1.151,0.268,0.000,0.401,22.996,62.520,19.086,38.172,0.000,373.96,603.54,0.202,0.143
0.000000000,137.078,1.133,0.268,0.000,0.429,24.575,62.582,19.086,38.172,0.000,373.96,603.54,0.202,0.143
0.000000000,137.177,1.119,0.268,0.000,0.447,25.631,62.626,19.229,38.457,0.000,376.76,610.28,0.143,0.143
0.000000000,137.278,1.100,0.268,0.000,0.471,26.998,62.686,19.229,38.457,0.000,376.76,610.28,0.143,0.143
0.000000000,137.377,1.087,0.268,0.000,0.487,27.890,62.729,19.229,38.457,0.000,376.76,610.28,0.143,0.143
0.000000000,137.478,1.071,0.268,0.000,0.506,29.008,62.787,19.229,38.457,0.000,376.76,610.28,0.143,0.143
0.000000000,137.578,1.057,0.268,0.000,0.521,29.836,62.837,19.229,38.457,0.000,376.76,610.28,0.143,0.143
0.000000000,137.678,1.047,0.268,0.000,0.531,30.428,62.878,19.229,38.457,0.000,376.76,610.28,0.143,0.143
0.000000000,137.794,1.037,0.268,0.000,0.541,31.013,62.927,19.229,38.457,0.000,376.76,610.28,0.143,0.143
0.000000000,137.879,1.029,0.268,0.000,0.548,31.392,62.967,19.229,38.457,0.000,376.76,610.28,0.143,0.143
0.000000000,137.978,1.021,0.269,0.000,0.553,31.712,63.015,19.229,38.457,0.000,376.76,610.28,0.143,0.143
0.000000000,138.078,1.016,0.269,0.000,0.556,31.841,63.047,19.229,38.457,0.000,376.76,610.28,0.143,0.143
0.000000000,138.178,1.010,0.269,0.000,0.557,31.911,63.094,19.398,38.796,0.000,380.08,617.06,0.169,0.145
0.000000000,138.278,1.005,0.269,0.000,0.556,31.873,63.134,19.398,38.796,0.000,380.08,617.06,0.169,0.145
0.000000000,138.379,1.000,0.269,0.000,0.554,31.735,63.180,19.398,38.796,0.000,380.08,617.06,0.169,0.145
0.000000000,138.478,0.993,0.269,0.000,0.550,31.532,63.227,19.398,38.796,0.000,380.08,617.06,0.169,0.145
0.000000000,138.579,0.984,0.269,0.000,0.546,31.298,63.272,19.398,38.796,0.000,380.08,617.06,0.169,0.145
0.000000000,138.678,0.974,0.269,0.000,0.543,31.106,63.310,19.398,38.796,0.000,380.08,617.06,0.169,0.145
0.000000000,138.778,0.959,0.269,0.000,0.539,30.905,63.355,19.398,38.796,0.000,380.08,617.06,0.169,0.145
0.000000000,138.878,0.944,0.269,0.000,0.537,30.784,63.391,19.398,38.796,0.000,380.08,617.06,0.169,0.145
0.000000000,138.981,0.927,0.269,0.000,0.536,30.718,63.427,19.398,38.796,0.000,380.08,617.06,0.169,0.145
0.000000000,139.078,0.899,0.269,0.000,0.537,30.743,63.476,19.398,38.796,0.000,380.08,617.06,0.169,0.145
0.000000000,139.178,0.876,0.269,0.000,0.538,30.853,63.510,19.662,39.323,0.000,385.24,624.38,0.263,0.157
0.000000000,139.278,0.852,0.269,0.000,0.542,31.030,63.543,19.662,39.323,0.000,385.24,624.38,0.263,0.157
0.000000000,139.378,0.825,0.269,0.000,0.546,31.312,63.581,19.662,39.323,0.000,385.24,624.38,0.263,0.157
0.000000000,139.478,0.803,0.269,0.000,0.551,31.584,63.612,19.662,39.323,0.000,385.24,624.38,0.263,0.157
0.000000000,139.578,0.778,0.269,0.000,0.558,31.980,63.653,19.662,39.323,0.000,385.24,624.38,0.263,0.157
0.000000000,139.678,0.761,0.269,0.000,0.564,32.296,63.688,19.662,39.323,0.000,385.24,624.38,0.263,0.157
0.000000000,139.778,0.754,0.269,0.000,0.567,32.478,63.711,19.662,39.323,0.000,385.24,624.38,0.263,0.157
0.000000000,139.878,0.747,0.269,0.000,0.571,32.692,63.745,19.662,39.323,0.000,385.24,624.38,0.263,0.157
0.000000000,139.978,0.746,0.270,0.000,0.573,32.811,63.779,19.662,39.323,0.000,385.24,624.38,0.263,0.157
0.000000000,140.078,0.750,0.270,0.000,0.573,32.826,63.807,19.662,39.323,0.000,385.24,624.38,0.263,0.157
0.000000000,140.188,0.758,0.270,0.000,0.572,32.756,63.836,19.762,39.523,0.000,387.20,627.80,0.100,0.151
0.000000000,140.279,0.773,0.270,0.000,0.568,32.551,63.871,19.762,39.523,0.000,387.20,627.80,0.100,0.151
0.000000000,140.378,0.791,0.270,0.000,0.562,32.204,63.908,19.762,39.523,0.000,387.20,627.80,0.100,0.151
0.000000000,140.480,0.805,0.270,0.000,0.557,31.890,63.933,19.762,39.523,0.000,387.20,627.80,0.100,0.151
0.000000000,140.579,0.828,0.270,0.000,0.546,31.289,63.971,19.762,39.523,0.000,387.20,627.80,0.100,0.151
0.000000000,140.678,0.854,0.270,0.000,0.533,30.530,64.011,19.762,39.523,0.000,387.20,627.80,0.100,0.151
0.000000000,140.780,0.872,0.270,0.000,0.522,29.934,64.039,19.762,39.523,0.000,387.20,627.80,0.100,0.151
0.000000000,140.882,0.909,0.270,0.000,0.498,28.518,64.096,19.762,39.523,0.000,387.20,627.80,0.100,0.151
0.000000000,140.979,0.931,0.270,0.000,0.480,27.480,64.134,19.762,39.523,0.000,387.20,627.80,0.100,0.151
0.000000000,141.079,0.960,0.270,0.000,0.451,25.828,64.188,19.762,39.523,0.000,387.20,627.80,0.100,0.151
0.000000000,141.199,0.979,0.270,0.000,0.428,24.503,64.228,19.780,39.560,0.000,387.56,628.32,0.018,0.138
0.000000000,141.279,1.000,0.270,0.000,0.392,22.444,64.285,19.780,39.560,0.000,387.56,628.32,0.018,0.138
0.000000000,141.379,1.014,0.270,0.000,0.358,20.487,64.335,19.780,39.560,0.000,387.56,628.32,0.018,0.138
0.000000000,141.479,1.022,0.270,0.000,0.327,18.722,64.377,19.780,39.560,0.000,387.56,628.32,0.018,0.138
0.000000000,141.579,1.026,0.270,0.000,0.287,16.445,64.427,19.780,39.560,0.000,387.56,628.32,0.018,0.138
0.000000000,141.680,1.027,0.270,0.000,0.259,14.829,64.461,19.780,39.560,0.000,387.56,628.32,0.018,0.138
0.000000000,141.779,1.024,0.271,0.000,0.198,11.367,64.528,19.780,39.560,0.000,387.56,628.32,0.018,0.138
0.000000000,141.897,1.017,0.271,0.000,0.150,8.579,64.578,19.780,39.560,0.000,387.56,628.32,0.018,0.138
0.000000000,141.979,1.010,0.271,0.000,0.107,6.147,64.619,19.780,39.560,0.000,387.56,628.32,0.018,0.138
0.000000000,142.080,0.993,0.271,0.000,0.036,2.077,64.684,19.780,39.560,0.000,387.56,628.32,0.018,0.138
0.000000000,142.179,0.980,0.271,0.000,-0.010,-0.565,64.723,20.031,40.062,0.000,392.48,636.04,0.251,0.149
0.000000000,142.279,0.953,0.271,0.000,-0.086,-4.926,64.783,20.031,40.062,0.000,392.48,636.04,0.251,0.149
0.000000000,142.380,0.938,0.271,0.000,-0.125,-7.158,64.813,20.031,40.062,0.000,392.48,636.04,0.251,0.149
0.000000000,142.479,0.916,0.271,0.000,-0.174,-9.989,64.849,20.031,40.062,0.000,392.48,636.04,0.251,0.149
0.000000000,142.599,0.881,0.271,0.000,-0.244,-14.006,64.897,20.031,40.062,0.000,392.48,636.04,0.251,0.149
0.000000000,142.680,0.854,0.271,0.000,-0.295,-16.905,64.930,20.031,40.062,0.000,392.48,636.04,0.251,0.149
0.000000000,142.780,0.825,0.271,0.000,-0.346,-19.819,64.961,20.031,40.062,0.000,392.48,636.04,0.251,0.149
0.000000000,142.882,0.788,0.271,0.000,-0.407,-23.316,64.998,20.031,40.062,0.000,392.48,636.04,0.251,0.149
0.000000000,142.980,0.748,0.271,0.000,-0.468,-26.789,65.032,20.031,40.062,0.000,392.48,636.04,0.251,0.149
0.000000000,143.080,0.713,0.271,0.000,-0.518,-29.652,65.059,20.031,40.062,0.000,392.48,636.04,0.251,0.149
0.000000000,143.194,0.669,0.271,0.000,-0.577,-33.032,65.089,20.564,41.128,0.000,402.92,648.42,0.533,0.188
0.000000000,143.279,0.624,0.271,0.000,-0.634,-36.338,65.117,20.564,41.128,0.000,402.92,648.42,0.533,0.188
0.000000000,143.379,0.578,0.271,0.000,-0.690,-39.553,65.142,20.564,41.128,0.000,402.92,648.42,0.533,0.188
0.000000000,143.480,0.532,0.271,0.000,-0.745,-42.660,65.165,20.564,41.128,0.000,402.92,648.42,0.533,0.188
0.000000000,143.580,0.480,0.271,0.000,-0.805,-46.134,65.189,20.564,41.128,0.000,402.92,648.42,0.533,0.188
0.000000000,143.679,0.443,0.271,0.000,-0.847,-48.507,65.205,20.564,41.128,0.000,402.92,648.42,0.533,0.188
0.000000000,143.780,0.397,0.271,0.000,-0.902,-51.670,65.224,20.564,41.128,0.000,402.92,648.42,0.533,0.188
0.000000000,143.880,0.366,0.271,0.000,-0.939,-53.815,65.236,20.564,41.128,0.000,402.92,648.42,0.533,0.188
0.000000000,143.980,0.333,0.271,0.000,-0.982,-56.266,65.250,20.564,41.128,0.000,402.92,648.42,0.533,0.188
0.000000000,144.110,0.310,0.271,0.000,-1.016,-58.204,65.260,20.564,41.128,0.000,402.92,648.42,0.533,0.188
0.000000000,144.180,0.286,0.271,0.000,-1.054,-60.398,65.271,20.935,41.871,0.000,410.20,657.07,0.371,0.206
0.000000000,144.280,0.268,0.271,0.000,-1.090,-62.443,65.281,20.935,41.871,0.000,410.20,657.07,0.371,0.206
0.000000000,144.381,0.256,0.271,0.000,-1.117,-64.026,65.289,20.935,41.871,0.000,410.20,657.07,0.371,0.206
0.000000000,144.480,0.247,0.271,0.000,-1.153,-66.052,65.300,20.935,41.871,0.000,410.20,657.07,0.371,0.206
0.000000000,144.580,0.243,0.271,0.000,-1.180,-67.611,65.310,20.935,41.871,0.000,410.20,657.07,0.371,0.206
0.000000000,144.684,0.244,0.271,0.000,-1.201,-68.800,65.319,20.935,41.871,0.000,410.20,657.07,0.371,0.206
0.000000000,144.781,0.246,0.271,0.000,-1.220,-69.905,65.328,20.935,41.871,0.000,410.20,657.07,0.371,0.206
0.000000000,144.881,0.249,0.271,0.000,-1.242,-71.150,65.339,20.935,41.871,0.000,410.20,657.07,0.371,0.206
0.000000000,144.980,0.253,0.270,0.000,-1.263,-72.343,65.351,20.935,41.871,0.000,410.20,657.07,0.371,0.206
0.000000000,145.080,0.255,0.270,0.000,-1.276,-73.128,65.360,20.935,41.871,0.000,410.20,657.07,0.371,0.206
0.000000000,145.180,0.258,0.270,0.000,-1.300,-74.511,65.375,21.246,42.491,0.000,416.28,666.11,0.310,0.217
0.000000000,145.281,0.262,0.270,0.000,-1.322,-75.732,65.389,21.246,42.491,0.000,416.28,666.11,0.310,0.217
0.000000000,145.380,0.265,0.270,0.000,-1.340,-76.784,65.400,21.246,42.491,0.000,416.28,666.11,0.310,0.217
0.000000000,145.481,0.270,0.270,0.000,-1.363,-78.089,65.415,21.246,42.491,0.000,416.28,666.11,0.310,0.217
0.000000000,145.580,0.274,0.270,0.000,-1.383,-79.212,65.428,21.246,42.491,0.000,416.28,666.11,0.310,0.217
0.000000000,145.686,0.278,0.270,0.000,-1.394,-79.899,65.435,21.246,42.491,0.000,416.28,666.11,0.310,0.217
0.000000000,145.783,0.283,0.270,0.000,-1.415,-81.061,65.449,21.246,42.491,0.000,416.28,666.11,0.310,0.217
0.000000000,145.880,0.287,0.270,0.000,-1.435,-82.234,65.463,21.246,42.491,0.000,416.28,666.11,0.310,0.217
0.000000000,145.980,0.291,0.270,0.000,-1.460,-83.651,65.480,21.246,42.491,0.000,416.28,666.11,0.310,0.217
0.000000000,146.081,0.293,0.270,0.000,-1.476,-84.590,65.492,21.246,42.491,0.000,416.28,666.11,0.310,0.217
0.000000000,146.180,0.294,0.270,0.000,-1.509,-86.444,65.515,21.427,42.855,0.000,419.84,669.11,0.182,0.213
0.000000000,146.289,0.293,0.270,0.000,-1.525,-87.353,65.527,21.427,42.855,0.000,419.84,669.11,0.182,0.213
0.000000000,146.381,0.290,0.270,0.000,-1.544,-88.468,65.542,21.427,42.855,0.000,419.84,669.11,0.182,0.213
0.000000000,146.482,0.282,0.270,0.000,-1.574,-90.201,65.565,21.427,42.855,0.000,419.84,669.11,0.182,0.213
0.000000000,146.581,0.274,0.270,0.000,-1.593,-91.257,65.579,21.427,42.855,0.000,419.84,669.11,0.182,0.213
0.000000000,146.681,0.262,0.270,0.000,-1.615,-92.510,65.595,21.427,42.855,0.000,419.84,669.11,0.182,0.213
0.000000000,146.781,0.251,0.269,0.000,-1.633,-93.556,65.608,21.427,42.855,0.000,419.84,669.11,0.182,0.213
0.000000000,146.880,0.237,0.269,0.000,-1.659,-95.052,65.624,21.427,42.855,0.000,419.84,669.11,0.182,0.213
0.000000000,147.012,0.225,0.269,0.000,-1.686,-96.601,65.640,21.427,42.855,0.000,419.84,669.11,0.182,0.213
0.000000000,147.081,0.219,0.269,0.000,-1.702,-97.513,65.648,21.427,42.855,0.000,419.84,669.11,0.182,0.213
0.000000000,147.181,0.213,0.269,0.000,-1.726,-98.912,65.660,21.783,43.565,0.000,426.80,678.50,0.355,0.227
0.000000000,147.281,0.210,0.269,0.000,-1.747,-100.101,65.669,21.783,43.565,0.000,426.80,678.50,0.355,0.227
0.000000000,147.382,0.209,0.269,0.000,-1.768,-101.304,65.679,21.783,43.565,0.000,426.80,678.50,0.355,0.227
0.000000000,147.482,0.210,0.269,0.000,-1.793,-102.759,65.690,21.783,43.565,0.000,426.80,678.50,0.355,0.227
0.000000000,147.581,0.214,0.269,0.000,-1.823,-104.461,65.703,21.783,43.565,0.000,426.80,678.50,0.355,0.227
0.000000000,147.681,0.219,0.269,0.000,-1.849,-105.915,65.714,21.783,43.565,0.000,426.80,678.50,0.355,0.227
0.000000000,147.781,0.226,0.269,0.000,-1.874,-107.356,65.726,21.783,43.565,0.000,426.80,678.50,0.355,0.227
0.000000000,147.881,0.230,0.269,0.000,-1.894,-108.535,65.736,21.783,43.565,0.000,426.80,678.50,0.355,0.227
0.000000000,147.981,0.235,0.269,0.000,-1.915,-109.695,65.747,21.783,43.565,0.000,426.80,678.50,0.355,0.227
0.000000000,148.081,0.241,0.269,0.000,-1.946,-111.494,65.764,21.783,43.565,0.000,426.80,678.50,0.355,0.227
0.000000000,148.181,0.245,0.269,0.000,-1.965,-112.594,65.776,21.977,43.953,0.000,430.60,678.29,0.194,0.224
0.000000000,148.282,0.248,0.269,0.000,-1.980,-113.468,65.785,21.977,43.953,0.000,430.60,678.29,0.194,0.224
0.000000000,148.382,0.255,0.269,0.000,-2.007,-115.008,65.802,21.977,43.953,0.000,430.60,678.29,0.194,0.224
0.000000000,148.482,0.262,0.268,0.000,-2.031,-116.360,65.817,21.977,43.953,0.000,430.60,678.29,0.194,0.224
0.000000000,148.582,0.273,0.268,0.000,-2.059,-117.990,65.835,21.977,43.953,0.000,430.60,678.29,0.194,0.224
0.000000000,148.682,0.282,0.268,0.000,-2.080,-119.192,65.849,21.977,43.953,0.000,430.60,678.29,0.194,0.224
0.000000000,148.784,0.295,0.268,0.000,-2.106,-120.662,65.865,21.977,43.953,0.000,430.60,678.29,0.194,0.224
0.000000000,148.882,0.310,0.268,0.000,-2.132,-122.144,65.883,21.977,43.953,0.000,430.60,678.29,0.194,0.224
0.000000000,148.983,0.324,0.268,0.000,-2.153,-123.372,65.898,21.977,43.953,0.000,430.60,678.29,0.194,0.224
0.000000000,149.082,0.342,0.268,0.000,-2.178,-124.814,65.917,21.977,43.953,0.000,430.60,678.29,0.194,0.224
0.000000000,149.209,0.358,0.268,0.000,-2.199,-125.972,65.933,22.028,44.055,0.000,431.60,679.02,0.051,0.207
0.000000000,149.283,0.376,0.268,0.000,-2.218,-127.076,65.950,22.028,44.055,0.000,431.60,679.02,0.051,0.207
0.000000000,149.382,0.400,0.268,0.000,-2.239,-128.310,65.972,22.028,44.055,0.000,431.60,679.02,0.051,0.207
0.000000000,149.483,0.421,0.268,0.000,-2.256,-129.252,65.991,22.028,44.055,0.000,431.60,679.02,0.051,0.207
0.000000000,149.584,0.448,0.268,0.000,-2.274,-130.266,66.015,22.028,44.055,0.000,431.60,679.02,0.051,0.207
0.000000000,149.683,0.482,0.268,0.000,-2.291,-131.276,66.044,22.028,44.055,0.000,431.60,679.02,0.051,0.207
0.000000000,149.786,0.507,0.268,0.000,-2.302,-131.875,66.066,22.028,44.055,0.000,431.60,679.02,0.051,0.207
0.000000000,149.883,0.534,0.268,0.000,-2.310,-132.372,66.090,22.028,44.055,0.000,431.60,679.02,0.051,0.207
0.000000000,149.983,0.568,0.268,0.000,-2.318,-132.821,66.120,22.028,44.055,0.000,431.60,679.02,0.051,0.207
0.000000000,150.093,0.603,0.268,0.000,-2.323,-133.114,66.151,22.028,44.055,0.000,431.60,679.02,0.051,0.207
0.000000000,150.183,0.633,0.268,0.000,-2.326,-133.242,66.179,22.109,44.219,0.000,433.20,684.91,0.082,0.194
0.000000000,150.283,0.676,0.268,0.000,-2.326,-133.256,66.220,22.109,44.219,0.000,433.20,684.91,0.082,0.194
0.000000000,150.400,0.708,0.268,0.000,-2.324,-133.166,66.251,22.109,44.219,0.000,433.20,684.91,0.082,0.194
0.000000000,150.484,0.741,0.268,0.000,-2.321,-133.008,66.284,22.109,44.219,0.000,433.20,684.91,0.082,0.194
0.000000000,150.583,0.781,0.268,0.000,-2.317,-132.745,66.324,22.109,44.219,0.000,433.20,684.91,0.082,0.194
0.000000000,150.683,0.822,0.268,0.000,-2.311,-132.423,66.367,22.109,44.219,0.000,433.20,684.91,0.082,0.194
0.000000000,150.783,0.855,0.268,0.000,-2.306,-132.117,66.404,22.109,44.219,0.000,433.20,684.91,0.082,0.194
0.000000000,150.883,0.910,0.268,0.000,-2.296,-131.570,66.466,22.109,44.219,0.000,433.20,684.91,0.082,0.194
0.000000000,150.984,0.943,0.269,0.000,-2.290,-131.198,66.507,22.109,44.219,0.000,433.20,684.91,0.082,0.194
0.000000000,151.084,0.983,0.269,0.000,-2.282,-130.730,66.557,22.109,44.219,0.000,433.20,684.91,0.082,0.194
0.000000000,151.186,1.015,0.269,0.000,-2.275,-130.327,66.601,22.183,44.366,0.000,434.64,692.00,0.073,0.182
0.000000000,151.284,1.046,0.269,0.000,-2.267,-129.915,66.646,22.183,44.366,0.000,434.64,692.00,0.073,0.182
0.000000000,151.384,1.082,0.269,0.000,-2.259,-129.416,66.701,22.183,44.366,0.000,434.64,692.00,0.073,0.182
0.000000000,151.484,1.111,0.269,0.000,-2.251,-129.001,66.749,22.183,44.366,0.000,434.64,692.00,0.073,0.182
0.000000000,151.584,1.145,0.269,0.000,-2.243,-128.511,66.807,22.183,44.366,0.000,434.64,692.00,0.073,0.182
0.000000000,151.685,1.171,0.269,0.000,-2.236,-128.110,66.857,22.183,44.366,0.000,434.64,692.00,0.073,0.182
0.000000000,151.784,1.195,0.269,0.000,-2.229,-127.721,66.908,22.183,44.366,0.000,434.64,692.00,0.073,0.182
0.000000000,151.885,1.222,0.269,0.000,-2.221,-127.267,66.970,22.183,44.366,0.000,434.64,692.00,0.073,0.182
0.000000000,151.984,1.251,0.270,0.000,-2.212,-126.754,67.044,22.183,44.366,0.000,434.64,692.00,0.073,0.182
0.000000000,152.084,1.269,0.270,0.000,-2.206,-126.397,67.098,22.183,44.366,0.000,434.64,692.00,0.073,0.182
0.000000000,152.204,1.288,0.270,0.000,-2.199,-125.985,67.162,22.262,44.525,0.000,436.20,691.41,0.079,0.172
0.000000000,152.285,1.303,0.270,0.000,-2.193,-125.656,67.216,22.262,44.525,0.000,436.20,691.41,0.079,0.172
0.000000000,152.384,1.321,0.270,0.000,-2.186,-125.227,67.293,22.262,44.525,0.000,436.20,691.41,0.079,0.172
0.000000000,152.486,1.335,0.270,0.000,-2.180,-124.895,67.359,22.262,44.525,0.000,436.20,691.41,0.079,0.172
0.000000000,152.585,1.345,0.270,0.000,-2.176,-124.650,67.414,22.262,44.525,0.000,436.20,691.41,0.079,0.172
0.000000000,152.686,1.354,0.271,0.000,-2.172,-124.443,67.470,22.262,44.525,0.000,436.20,691.41,0.079,0.172
0.000000000,152.785,1.360,0.271,0.000,-2.170,-124.313,67.514,22.262,44.525,0.000,436.20,691.41,0.079,0.172
0.000000000,152.885,1.368,0.271,0.000,-2.168,-124.202,67.570,22.262,44.525,0.000,436.20,691.41,0.079,0.172
0.000000000,152.985,1.377,0.271,0.000,-2.167,-124.143,67.649,22.262,44.525,0.000,436.20,691.41,0.079,0.172
0.000000000,153.085,1.382,0.271,0.000,-2.167,-124.160,67.693,22.262,44.525,0.000,436.20,691.41,0.079,0.172
0.000000000,153.185,1.390,0.271,0.000,-2.169,-124.268,67.772,22.436,44.872,0.000,439.60,693.46,0.174,0.172
0.000000000,153.285,1.395,0.271,0.000,-2.171,-124.391,67.828,22.436,44.872,0.000,439.60,693.46,0.174,0.172
0.000000000,153.385,1.399,0.271,0.000,-2.173,-124.507,67.873,22.436,44.872,0.000,439.60,693.46,0.174,0.172
0.000000000,153.485,1.402,0.272,0.000,-2.176,-124.665,67.929,22.436,44.872,0.000,439.60,693.46,0.174,0.172
0.000000000,153.585,1.404,0.272,0.000,-2.180,-124.889,68.007,22.436,44.872,0.000,439.60,693.46,0.174,0.172
0.000000000,153.686,1.405,0.272,0.000,-2.183,-125.065,68.074,22.436,44.872,0.000,439.60,693.46,0.174,0.172
0.000000000,153.801,1.405,0.272,0.000,-2.185,-125.169,68.119,22.436,44.872,0.000,439.60,693.46,0.174,0.172
0.000000000,153.886,1.405,0.272,0.000,-2.187,-125.298,68.185,22.436,44.872,0.000,439.60,693.46,0.174,0.172
0.000000000,153.985,1.405,0.272,0.000,-2.188,-125.380,68.241,22.436,44.872,0.000,439.60,693.46,0.174,0.172
0.000000000,154.086,1.405,0.272,0.000,-2.189,-125.440,68.296,22.436,44.872,0.000,439.60,693.46,0.174,0.172
0.000000000,154.187,1.405,0.273,0.000,-2.190,-125.477,68.362,22.634,45.268,0.000,443.48,692.46,0.198,0.175
0.000000000,154.287,1.406,0.273,0.000,-2.190,-125.467,68.440,22.634,45.268,0.000,443.48,692.46,0.198,0.175
0.000000000,154.386,1.407,0.273,0.000,-2.189,-125.436,68.484,22.634,45.268,0.000,443.48,692.46,0.198,0.175
0.000000000,154.486,1.408,0.273,0.000,-2.188,-125.373,68.539,22.634,45.268,0.000,443.48,692.46,0.198,0.175
0.000000000,154.604,1.410,0.273,0.000,-2.187,-125.286,68.595,22.634,45.268,0.000,443.48,692.46,0.198,0.175
0.000000000,154.686,1.411,0.273,0.000,-2.185,-125.197,68.639,22.634,45.268,0.000,443.48,692.46,0.198,0.175
0.000000000,154.786,1.413,0.273,0.000,-2.183,-125.065,68.695,22.634,45.268,0.000,443.48,692.46,0.198,0.175
0.000000000,154.901,1.414,0.273,0.000,-2.181,-124.974,68.728,22.634,45.268,0.000,443.48,692.46,0.198,0.175
0.000000000,154.986,1.417,0.273,0.000,-2.178,-124.768,68.795,22.634,45.268,0.000,443.48,692.46,0.198,0.175
0.000000000,155.086,1.419,0.273,0.000,-2.174,-124.574,68.851,22.634,45.268,0.000,443.48,692.46,0.198,0.175
0.000000000,155.217,1.420,0.274,0.000,-2.171,-124.408,68.896,22.783,45.566,0.000,446.40,694.77,0.149,0.172
0.000000000,155.288,1.421,0.274,0.000,-2.169,-124.278,68.929,22.783,45.566,0.000,446.40,694.77,0.149,0.172
0.000000000,155.387,1.422,0.274,0.000,-2.164,-124.006,68.996,22.783,45.566,0.000,446.40,694.77,0.149,0.172
0.000000000,155.487,1.423,0.274,0.000,-2.159,-123.683,69.075,22.783,45.566,0.000,446.40,694.77,0.149,0.172
0.000000000,155.587,1.423,0.274,0.000,-2.156,-123.545,69.109,22.783,45.566,0.000,446.40,694.77,0.149,0.172
0.000000000,155.687,1.422,0.274,0.000,-2.152,-123.327,69.165,22.783,45.566,0.000,446.40,694.77,0.149,0.172
0.000000000,155.787,1.422,0.274,0.000,-2.149,-123.132,69.221,22.783,45.566,0.000,446.40,694.77,0.149,0.172
0.000000000,155.887,1.421,0.274,0.000,-2.145,-122.901,69.299,22.783,45.566,0.000,446.40,694.77,0.149,0.172
0.000000000,155.989,1.421,0.275,0.000,-2.143,-122.761,69.355,22.783,45.566,0.000,446.40,694.77,0.149,0.172
0.000000000,156.088,1.422,0.275,0.000,-2.140,-122.604,69.423,22.783,45.566,0.000,446.40,694.77,0.149,0.172
0.000000000,156.216,1.422,0.275,0.000,-2.137,-122.468,69.479,22.979,45.958,0.000,450.24,701.18,0.196,0.174
0.000000000,156.289,1.423,0.275,0.000,-2.134,-122.282,69.547,22.979,45.958,0.000,450.24,701.18,0.196,0.174
0.000000000,156.387,1.424,0.275,0.000,-2.131,-122.099,69.603,22.979,45.958,0.000,450.24,701.18,0.196,0.174
0.000000000,156.488,1.424,0.275,0.000,-2.126,-121.831,69.671,22.979,45.958,0.000,450.24,701.18,0.196,0.174
0.000000000,156.587,1.425,0.275,0.000,-2.122,-121.555,69.728,22.979,45.958,0.000,450.24,701.18,0.196,0.174
0.000000000,156.687,1.425,0.275,0.000,-2.116,-121.220,69.785,22.979,45.958,0.000,450.24,701.18,0.196,0.174
0.000000000,156.788,1.425,0.276,0.000,-2.107,-120.725,69.853,22.979,45.958,0.000,450.24,701.18,0.196,0.174
0.000000000,156.887,1.425,0.276,0.000,-2.096,-120.113,69.921,22.979,45.958,0.000,450.24,701.18,0.196,0.174
0.000000000,156.987,1.425,0.276,0.000,-2.081,-119.236,70.001,22.979,45.958,0.000,450.24,701.18,0.196,0.174
0.000000000,157.088,1.424,0.276,0.000,-2.065,-118.335,70.069,22.979,45.958,0.000,450.24,701.18,0.196,0.174
0.000000000,157.188,1.424,0.276,0.000,-2.050,-117.471,70.125,23.171,46.342,0.000,454.00,702.50,0.192,0.176
0.000000000,157.290,1.423,0.276,0.000,-2.026,-116.081,70.204,23.171,46.342,0.000,454.00,702.50,0.192,0.176
0.000000000,157.388,1.422,0.277,0.000,-2.002,-114.718,70.271,23.171,46.342,0.000,454.00,702.50,0.192,0.176
0.000000000,157.488,1.421,0.277,0.000,-1.985,-113.722,70.316,23.171,46.342,0.000,454.00,702.50,0.192,0.176
0.000000000,157.588,1.421,0.277,0.000,-1.951,-111.805,70.394,23.171,46.342,0.000,454.00,702.50,0.192,0.176
0.000000000,157.695,1.420,0.277,0.000,-1.925,-110.300,70.450,23.171,46.342,0.000,454.00,702.50,0.192,0.176
0.000000000,157.788,1.419,0.277,0.000,-1.903,-109.012,70.495,23.171,46.342,0.000,454.00,702.50,0.192,0.176
0.000000000,157.888,1.419,0.277,0.000,-1.866,-106.938,70.562,23.171,46.342,0.000,454.00,702.50,0.192,0.176
0.000000000,157.988,1.419,0.277,0.000,-1.834,-105.078,70.618,23.171,46.342,0.000,454.00,702.50,0.192,0.176
0.000000000,158.088,1.419,0.278,0.000,-1.785,-102.268,70.697,23.171,46.342,0.000,454.00,702.50,0.192,0.176
0.000000000,158.191,1.419,0.278,0.000,-1.747,-100.116,70.753,23.457,46.913,0.000,459.60,711.71,0.286,0.187
0.000000000,158.288,1.419,0.278,0.000,-1.700,-97.380,70.820,23.457,46.913,0.000,459.60,711.71,0.286,0.187
0.000000000,158.388,1.418,0.278,0.000,-1.649,-94.480,70.887,23.457,46.913,0.000,459.60,711.71,0.286,0.187
0.000000000,158.488,1.417,0.278,0.000,-1.596,-91.421,70.954,23.457,46.913,0.000,459.60,711.71,0.286,0.187
0.000000000,158.588,1.416,0.278,0.000,-1.549,-88.759,71.010,23.457,46.913,0.000,459.60,711.71,0.286,0.187
0.000000000,158.690,1.415,0.278,0.000,-1.491,-85.447,71.077,23.457,46.913,0.000,459.60,711.71,0.286,0.187
0.000000000,158.788,1.412,0.279,0.000,-1.422,-81.457,71.156,23.457,46.913,0.000,459.60,711.71,0.286,0.187
0.000000000,158.888,1.408,0.279,0.000,-1.361,-77.957,71.222,23.457,46.913,0.000,459.60,711.71,0.286,0.187
0.000000000,158.989,1.404,0.279,0.000,-1.299,-74.413,71.289,23.457,46.913,0.000,459.60,711.71,0.286,0.187
0.000000000,159.093,1.399,0.279,0.000,-1.247,-71.440,71.345,23.457,46.913,0.000,459.60,711.71,0.286,0.187
0.000000000,159.210,1.394,0.279,0.000,-1.195,-68.463,71.400,23.734,47.469,0.000,465.04,715.78,0.277,0.196
0.000000000,159.289,1.387,0.279,0.000,-1.143,-65.493,71.456,23.734,47.469,0.000,465.04,715.78,0.277,0.196
0.000000000,159.389,1.378,0.279,0.000,-1.081,-61.958,71.522,23.734,47.469,0.000,465.04,715.78,0.277,0.196
0.000000000,159.489,1.369,0.279,0.000,-1.031,-59.051,71.576,23.734,47.469,0.000,465.04,715.78,0.277,0.196
0.000000000,159.589,1.356,0.280,0.000,-0.971,-55.629,71.641,23.734,47.469,0.000,465.04,715.78,0.277,0.196
0.000000000,159.706,1.347,0.280,0.000,-0.932,-53.394,71.684,23.734,47.469,0.000,465.04,715.78,0.277,0.196
0.000000000,159.790,1.337,0.280,0.000,-0.894,-51.198,71.726,23.734,47.469,0.000,465.04,715.78,0.277,0.196
0.000000000,159.890,1.322,0.280,0.000,-0.838,-47.992,71.789,23.734,47.469,0.000,465.04,715.78,0.277,0.196
0.000000000,159.989,1.313,0.280,0.000,-0.801,-45.912,71.831,23.734,47.469,0.000,465.04,715.78,0.277,0.196
0.000000000,160.090,1.303,0.280,0.000,-0.766,-43.882,71.872,23.734,47.469,0.000,465.04,715.78,0.277,0.196
0.000000000,160.189,1.290,0.280,0.000,-0.723,-41.415,71.923,23.894,47.787,0.000,468.16,727.47,0.159,0.192
0.000000000,160.290,1.274,0.280,0.000,-0.665,-38.092,71.993,23.894,47.787,0.000,468.16,727.47,0.159,0.192
0.000000000,160.390,1.262,0.280,0.000,-0.617,-35.367,72.053,23.894,47.787,0.000,468.16,727.47,0.159,0.192
0.000000000,160.490,1.251,0.280,0.000,-0.572,-32.753,72.112,23.894,47.787,0.000,468.16,727.47,0.159,0.192
0.000000000,160.590,1.243,0.280,0.000,-0.535,-30.651,72.162,23.894,47.787,0.000,468.16,727.47,0.159,0.192
0.000000000,160.690,1.236,0.281,0.000,-0.499,-28.610,72.211,23.894,47.787,0.000,468.16,727.47,0.159,0.192
0.000000000,160.790,1.228,0.281,0.000,-0.458,-26.229,72.269,23.894,47.787,0.000,468.16,727.47,0.159,0.192
0.000000000,160.907,1.223,0.281,0.000,-0.424,-24.296,72.318,23.894,47.787,0.000,468.16,727.47,0.159,0.192
0.000000000,160.994,1.219,0.281,0.000,-0.391,-22.402,72.366,23.894,47.787,0.000,468.16,727.47,0.159,0.192
0.000000000,161.090,1.214,0.281,0.000,-0.346,-19.811,72.434,23.894,47.787,0.000,468.16,727.47,0.159,0.192
0.000000000,161.204,1.212,0.281,0.000,-0.320,-18.362,72.473,23.951,47.901,0.000,469.28,733.70,0.056,0.179
0.000000000,161.290,1.210,0.281,0.000,-0.283,-16.224,72.531,23.951,47.901,0.000,469.28,733.70,0.056,0.179
0.000000000,161.401,1.208,0.281,0.000,-0.247,-14.139,72.588,23.951,47.901,0.000,469.28,733.70,0.056,0.179
0.000000000,161.491,1.206,0.281,0.000,-0.223,-12.780,72.627,23.951,47.901,0.000,469.28,733.70,0.056,0.179
0.000000000,161.591,1.203,0.281,0.000,-0.183,-10.466,72.694,23.951,47.901,0.000,469.28,733.70,0.056,0.179
0.000000000,161.690,1.200,0.282,0.000,-0.155,-8.869,72.742,23.951,47.901,0.000,469.28,733.70,0.056,0.179
0.000000000,161.791,1.195,0.282,0.000,-0.122,-7.017,72.800,23.951,47.901,0.000,469.28,733.70,0.056,0.179
0.000000000,161.890,1.189,0.282,0.000,-0.097,-5.529,72.847,23.951,47.901,0.000,469.28,733.70,0.056,0.179
0.000000000,161.990,1.180,0.282,0.000,-0.067,-3.821,72.904,23.951,47.901,0.000,469.28,733.70,0.056,0.179
0.000000000,162.091,1.171,0.282,0.000,-0.043,-2.461,72.951,23.951,47.901,0.000,469.28,733.70,0.056,0.179
0.000000000,162.191,1.157,0.282,0.000,-0.016,-0.905,73.007,23.977,47.954,0.000,469.80,734.24,0.027,0.164
0.000000000,162.291,1.140,0.282,0.000,0.010,0.567,73.062,23.977,47.954,0.000,469.80,734.24,0.027,0.164
0.000000000,162.391,1.124,0.282,0.000,0.030,1.730,73.107,23.977,47.954,0.000,469.80,734.24,0.027,0.164
0.000000000,162.493,1.098,0.282,0.000,0.057,3.254,73.168,23.977,47.954,0.000,469.80,734.24,0.027,0.164
0.000000000,162.591,1.078,0.282,0.000,0.074,4.265,73.211,23.977,47.954,0.000,469.80,734.24,0.027,0.164
0.000000000,162.718,1.052,0.282,0.000,0.094,5.404,73.261,23.977,47.954,0.000,469.80,734.24,0.027,0.164
0.000000000,162.791,1.030,0.283,0.000,0.110,6.304,73.302,23.977,47.954,0.000,469.80,734.24,0.027,0.164
0.000000000,162.891,1.002,0.283,0.000,0.128,7.352,73.349,23.977,47.954,0.000,469.80,734.24,0.027,0.164
0.000000000,162.991,0.970,0.283,0.000,0.150,8.567,73.402,23.977,47.954,0.000,469.80,734.24,0.027,0.164
0.000000000,163.091,0.947,0.283,0.000,0.165,9.449,73.438,23.977,47.954,0.000,469.80,734.24,0.027,0.164
0.000000000,163.191,0.916,0.283,0.000,0.187,10.711,73.488,24.047,48.093,0.000,471.16,737.12,0.069,0.154
0.000000000,163.291,0.892,0.283,0.000,0.206,11.807,73.529,24.047,48.093,0.000,471.16,737.12,0.069,0.154
0.000000000,163.392,0.870,0.283,0.000,0.225,12.899,73.569,24.047,48.093,0.000,471.16,737.12,0.069,0.154
0.000000000,163.492,0.855,0.283,0.000,0.241,13.792,73.602,24.047,48.093,0.000,471.16,737.12,0.069,0.154
0.000000000,163.591,0.842,0.283,0.000,0.256,14.658,73.634,24.047,48.093,0.000,471.16,737.12,0.069,0.154
0.000000000,163.692,0.828,0.283,0.000,0.276,15.810,73.678,24.047,48.093,0.000,471.16,737.12,0.069,0.154
0.000000000,163.792,0.823,0.283,0.000,0.289,16.571,73.709,24.047,48.093,0.000,471.16,737.12,0.069,0.154
0.000000000,163.891,0.820,0.283,0.000,0.304,17.399,73.747,24.047,48.093,0.000,471.16,737.12,0.069,0.154
0.000000000,163.991,0.821,0.283,0.000,0.316,18.117,73.784,24.047,48.093,0.000,471.16,737.12,0.069,0.154
0.000000000,164.092,0.826,0.283,0.000,0.325,18.624,73.815,24.047,48.093,0.000,471.16,737.12,0.069,0.154
0.000000000,164.192,0.836,0.283,0.000,0.333,19.107,73.854,24.059,48.118,0.000,471.40,737.14,0.012,0.140
0.000000000,164.304,0.850,0.283,0.000,0.339,19.450,73.894,24.059,48.118,0.000,471.40,737.14,0.012,0.140
0.000000000,164.392,0.860,0.283,0.000,0.342,19.594,73.920,24.059,48.118,0.000,471.40,737.14,0.012,0.140
0.000000000,164.492,0.872,0.283,0.000,0.343,19.669,73.948,24.059,48.118,0.000,471.40,737.14,0.012,0.140
0.000000000,164.592,0.888,0.283,0.000,0.343,19.663,73.983,24.059,48.118,0.000,471.40,737.14,0.012,0.140
0.000000000,164.711,0.906,0.283,0.000,0.341,19.543,74.019,24.059,48.118,0.000,471.40,737.14,0.012,0.140
0.000000000,164.792,0.934,0.283,0.000,0.335,19.172,74.071,24.059,48.118,0.000,471.40,737.14,0.012,0.140
0.000000000,164.892,0.960,0.283,0.000,0.326,18.657,74.118,24.059,48.118,0.000,471.40,737.14,0.012,0.140
0.000000000,164.993,0.987,0.283,0.000,0.313,17.956,74.166,24.059,48.118,0.000,471.40,737.14,0.012,0.140
0.000000000,165.092,1.011,0.284,0.000,0.301,17.229,74.207,24.059,48.118,0.000,471.40,737.14,0.012,0.140
0.000000000,165.192,1.035,0.284,0.000,0.286,16.371,74.249,24.124,48.248,0.000,472.68,740.20,0.065,0.133
0.000000000,165.292,1.064,0.284,0.000,0.265,15.172,74.302,24.124,48.248,0.000,472.68,740.20,0.065,0.133
0.000000000,165.393,1.087,0.284,0.000,0.245,14.029,74.346,24.124,48.248,0.000,472.68,740.20,0.065,0.133
0.000000000,165.493,1.110,0.284,0.000,0.223,12.756,74.392,24.124,48.248,0.000,472.68,740.20,0.065,0.133
0.000000000,165.592,1.141,0.284,0.000,0.188,10.769,74.457,24.124,48.248,0.000,472.68,740.20,0.065,0.133
0.000000000,165.692,1.157,0.284,0.000,0.166,9.530,74.495,24.124,48.248,0.000,472.68,740.20,0.065,0.133
0.000000000,165.792,1.186,0.284,0.000,0.120,6.867,74.573,24.124,48.248,0.000,472.68,740.20,0.065,0.133
0.000000000,165.892,1.196,0.284,0.000,0.102,5.818,74.602,24.124,48.248,0.000,472.68,740.20,0.065,0.133
0.000000000,165.993,1.217,0.284,0.000,0.051,2.937,74.682,24.124,48.248,0.000,472.68,740.20,0.065,0.133
0.000000000,166.093,1.229,0.284,0.000,0.013,0.736,74.743,24.124,48.248,0.000,472.68,740.20,0.065,0.133
0.000000000,166.200,1.236,0.285,0.000,-0.032,-1.839,74.814,24.365,48.730,0.000,477.40,751.14,0.241,0.143
0.000000000,166.293,1.238,0.285,0.000,-0.071,-4.063,74.875,24.365,48.730,0.000,477.40,751.14,0.241,0.143
0.000000000,166.392,1.237,0.285,0.000,-0.117,-6.683,74.947,24.365,48.730,0.000,477.40,751.14,0.241,0.143
0.000000000,166.493,1.233,0.285,0.000,-0.157,-8.968,75.007,24.365,48.730,0.000,477.40,751.14,0.241,0.143
0.000000000,166.593,1.229,0.285,0.000,-0.184,-10.521,75.047,24.365,48.730,0.000,477.40,751.14,0.241,0.143
0.000000000,166.693,1.222,0.285,0.000,-0.225,-12.908,75.107,24.365,48.730,0.000,477.40,751.14,0.241,0.143
0.000000000,166.793,1.214,0.285,0.000,-0.268,-15.379,75.165,24.365,48.730,0.000,477.40,751.14,0.241,0.143
0.000000000,166.893,1.204,0.285,0.000,-0.313,-17.944,75.223,24.365,48.730,0.000,477.40,751.14,0.241,0.143
0.000000000,166.993,1.193,0.286,0.000,-0.360,-20.602,75.280,24.365,48.730,0.000,477.40,751.14,0.241,0.143
0.000000000,167.094,1.183,0.286,0.000,-0.399,-22.880,75.328,24.365,48.730,0.000,477.40,751.14,0.241,0.143
0.000000000,167.220,1.169,0.286,0.000,-0.456,-26.148,75.393,24.514,49.028,0.000,480.32,757.08,0.149,0.144
0.000000000,167.293,1.160,0.286,0.000,-0.490,-28.047,75.430,24.514,49.028,0.000,480.32,757.08,0.149,0.144
0.000000000,167.393,1.146,0.286,0.000,-0.540,-30.927,75.484,24.514,49.028,0.000,480.32,757.08,0.149,0.144
0.000000000,167.493,1.134,0.286,0.000,-0.582,-33.340,75.529,24.514,49.028,0.000,480.32,757.08,0.149,0.144
0.000000000,167.593,1.117,0.286,0.000,-0.632,-36.228,75.583,24.514,49.028,0.000,480.32,757.08,0.149,0.144
0.000000000,167.693,1.098,0.286,0.000,-0.682,-39.092,75.635,24.514,49.028,0.000,480.32,757.08,0.149,0.144
0.000000000,167.794,1.081,0.286,0.000,-0.723,-41.444,75.678,24.514,49.028,0.000,480.32,757.08,0.149,0.144
0.000000000,167.893,1.062,0.286,0.000,-0.764,-43.754,75.719,24.514,49.028,0.000,480.32,757.08,0.149,0.144
0.000000000,167.994,1.040,0.286,0.000,-0.803,-46.017,75.760,24.514,49.028,0.000,480.32,757.08,0.149,0.144
0.000000000,168.094,1.012,0.286,0.000,-0.849,-48.658,75.808,24.514,49.028,0.000,480.32,757.08,0.149,0.144
0.000000000,168.217,0.981,0.286,0.000,-0.894,-51.207,75.855,24.549,49.098,0.000,481.00,750.62,0.035,0.133
0.000000000,168.294,0.953,0.286,0.000,-0.929,-53.253,75.892,24.549,49.098,0.000,481.00,750.62,0.035,0.133
0.000000000,168.416,0.916,0.287,0.000,-0.971,-55.607,75.936,24.549,49.098,0.000,481.00,750.62,0.035,0.133
0.000000000,168.493,0.885,0.286,0.000,-1.003,-57.481,75.970,24.549,49.098,0.000,481.00,750.62,0.035,0.133
0.000000000,168.594,0.844,0.287,0.000,-1.041,-59.624,76.010,24.549,49.098,0.000,481.00,750.62,0.035,0.133
0.000000000,168.694,0.816,0.287,0.000,-1.065,-60.994,76.036,24.549,49.098,0.000,481.00,750.62,0.035,0.133
0.000000000,168.794,0.787,0.287,0.000,-1.088,-62.323,76.060,24.549,49.098,0.000,481.00,750.62,0.035,0.133
0.000000000,168.896,0.751,0.287,0.000,-1.116,-63.946,76.089,24.549,49.098,0.000,481.00,750.62,0.035,0.133
0.000000000,168.994,0.699,0.287,0.000,-1.155,-66.179,76.128,24.549,49.098,0.000,481.00,750.62,0.035,0.133
0.000000000,169.094,0.655,0.287,0.000,-1.188,-68.090,76.158,24.549,49.098,0.000,481.00,750.62,0.035,0.133
0.000000000,169.194,0.618,0.287,0.000,-1.216,-69.698,76.182,25.096,50.192,0.000,491.72,767.54,0.547,0.174
0.000000000,169.294,0.583,0.287,0.000,-1.245,-71.334,76.204,25.096,50.192,0.000,491.72,767.54,0.547,0.174
0.000000000,169.394,0.544,0.287,0.000,-1.280,-73.356,76.229,25.096,50.192,0.000,491.72,767.54,0.547,0.174
0.000000000,169.496,0.515,0.286,0.000,-1.311,-75.110,76.249,25.096,50.192,0.000,491.72,767.54,0.547,0.174
0.000000000,169.594,0.475,0.286,0.000,-1.363,-78.076,76.278,25.096,50.192,0.000,491.72,767.54,0.547,0.174
0.000000000,169.695,0.458,0.286,0.000,-1.390,-79.636,76.292,25.096,50.192,0.000,491.72,767.54,0.547,0.174
0.000000000,169.794,0.431,0.286,0.000,-1.447,-82.892,76.318,25.096,50.192,0.000,491.72,767.54,0.547,0.174
0.000000000,169.896,0.416,0.286,0.000,-1.491,-85.418,76.338,25.096,50.192,0.000,491.72,767.54,0.547,0.174
0.000000000,169.994,0.406,0.286,0.000,-1.528,-87.554,76.353,25.096,50.192,0.000,491.72,767.54,0.547,0.174
0.000000000,170.095,0.396,0.286,0.000,-1.581,-90.558,76.375,25.096,50.192,0.000,491.72,767.54,0.547,0.174
0.000000000,170.196,0.392,0.286,0.000,-1.603,-91.842,76.384,25.674,51.347,0.000,503.04,785.06,0.577,0.215
0.000000000,170.304,0.388,0.286,0.000,-1.655,-94.803,76.406,25.674,51.347,0.000,503.04,785.06,0.577,0.215
0.000000000,170.395,0.389,0.286,0.000,-1.698,-97.282,76.424,25.674,51.347,0.000,503.04,785.06,0.577,0.215
0.000000000,170.495,0.393,0.286,0.000,-1.740,-99.685,76.444,25.674,51.347,0.000,503.04,785.06,0.577,0.215
0.000000000,170.595,0.400,0.286,0.000,-1.774,-101.622,76.460,25.674,51.347,0.000,503.04,785.06,0.577,0.215
0.000000000,170.695,0.408,0.286,0.000,-1.806,-103.490,76.477,25.674,51.347,0.000,503.04,785.06,0.577,0.215
0.000000000,170.794,0.420,0.286,0.000,-1.844,-105.631,76.499,25.674,51.347,0.000,503.04,785.06,0.577,0.215
0.000000000,170.895,0.433,0.286,0.000,-1.879,-107.652,76.521,25.674,51.347,0.000,503.04,785.06,0.577,0.215
0.000000000,170.995,0.446,0.286,0.000,-1.912,-109.543,76.544,25.674,51.347,0.000,503.04,785.06,0.577,0.215
0.000000000,171.095,0.458,0.286,0.000,-1.942,-111.294,76.568,25.674,51.347,0.000,503.04,785.06,0.577,0.215
0.000000000,171.195,0.469,0.286,0.000,-1.971,-112.902,76.593,25.845,51.690,0.000,506.40,795.45,0.171,0.210
0.000000000,171.296,0.478,0.286,0.000,-1.992,-114.131,76.614,25.845,51.690,0.000,506.40,795.45,0.171,0.210
0.000000000,171.395,0.488,0.286,0.000,-2.019,-115.674,76.643,25.845,51.690,0.000,506.40,795.45,0.171,0.210
0.000000000,171.495,0.495,0.286,0.000,-2.036,-116.646,76.665,25.845,51.690,0.000,506.40,795.45,0.171,0.210
0.000000000,171.598,0.503,0.286,0.000,-2.054,-117.672,76.691,25.845,51.690,0.000,506.40,795.45,0.171,0.210
0.000000000,171.695,0.508,0.286,0.000,-2.064,-118.279,76.709,25.845,51.690,0.000,506.40,795.45,0.171,0.210
0.000000000,171.795,0.520,0.286,0.000,-2.081,-119.224,76.740,25.845,51.690,0.000,506.40,795.45,0.171,0.210
0.000000000,171.895,0.531,0.286,0.000,-2.094,-119.950,76.768,25.845,51.690,0.000,506.40,795.45,0.171,0.210
0.000000000,171.995,0.541,0.286,0.000,-2.104,-120.525,76.791,25.845,51.690,0.000,506.40,795.45,0.171,0.210
0.000000000,172.095,0.552,0.286,0.000,-2.113,-121.092,76.814,25.845,51.690,0.000,506.40,795.45,0.171,0.210
0.000000000,172.227,0.568,0.286,0.000,-2.128,-121.900,76.848,26.137,52.274,0.000,512.12,799.84,0.292,0.218
0.000000000,172.295,0.580,0.286,0.000,-2.138,-122.503,76.873,26.137,52.274,0.000,512.12,799.84,0.292,0.218
0.000000000,172.395,0.599,0.286,0.000,-2.153,-123.385,76.908,26.137,52.274,0.000,512.12,799.84,0.292,0.218
0.000000000,172.495,0.614,0.286,0.000,-2.165,-124.045,76.934,26.137,52.274,0.000,512.12,799.84,0.292,0.218
0.000000000,172.595,0.633,0.286,0.000,-2.179,-124.861,76.966,26.137,52.274,0.000,512.12,799.84,0.292,0.218
0.000000000,172.696,0.653,0.286,0.000,-2.194,-125.699,76.998,26.137,52.274,0.000,512.12,799.84,0.292,0.218
0.000000000,172.795,0.677,0.286,0.000,-2.211,-126.703,77.037,26.137,52.274,0.000,512.12,799.84,0.292,0.218
0.000000000,172.896,0.698,0.286,0.000,-2.227,-127.599,77.071,26.137,52.274,0.000,512.12,799.84,0.292,0.218
0.000000000,172.996,0.718,0.286,0.000,-2.243,-128.539,77.106,26.137,52.274,0.000,512.12,799.84,0.292,0.218
0.000000000,173.096,0.735,0.286,0.000,-2.258,-129.369,77.136,26.137,52.274,0.000,512.12,799.84,0.292,0.218
0.000000000,173.197,0.752,0.286,0.000,-2.273,-130.247,77.167,26.327,52.654,0.000,515.84,803.62,0.190,0.216
0.000000000,173.296,0.774,0.286,0.000,-2.296,-131.543,77.211,26.327,52.654,0.000,515.84,803.62,0.190,0.216
0.000000000,173.396,0.792,0.286,0.000,-2.316,-132.692,77.250,26.327,52.654,0.000,515.84,803.62,0.190,0.216
0.000000000,173.496,0.805,0.286,0.000,-2.333,-133.660,77.283,26.327,52.654,0.000,515.84,803.62,0.190,0.216
0.000000000,173.596,0.817,0.286,0.000,-2.353,-134.825,77.324,26.327,52.654,0.000,515.84,803.62,0.190,0.216
0.000000000,173.696,0.823,0.286,0.000,-2.367,-135.597,77.351,26.327,52.654,0.000,515.84,803.62,0.190,0.216
0.000000000,173.797,0.831,0.286,0.000,-2.387,-136.740,77.392,26.327,52.654,0.000,515.84,803.62,0.190,0.216
0.000000000,173.909,0.836,0.286,0.000,-2.403,-137.672,77.427,26.327,52.654,0.000,515.84,803.62,0.190,0.216
0.000000000,173.996,0.842,0.286,0.000,-2.422,-138.762,77.468,26.327,52.654,0.000,515.84,803.62,0.190,0.216
0.000000000,174.096,0.847,0.286,0.000,-2.437,-139.641,77.503,26.327,52.654,0.000,515.84,803.62,0.190,0.216
0.000000000,174.228,0.853,0.286,0.000,-2.455,-140.653,77.544,26.400,52.801,0.000,517.28,802.70,0.073,0.201
0.000000000,174.296,0.859,0.286,0.000,-2.469,-141.455,77.579,26.400,52.801,0.000,517.28,802.70,0.073,0.201
0.000000000,174.396,0.865,0.286,0.000,-2.482,-142.209,77.614,26.400,52.801,0.000,517.28,802.70,0.073,0.201
0.000000000,174.496,0.872,0.286,0.000,-2.494,-142.907,77.650,26.400,52.801,0.000,517.28,802.70,0.073,0.201
0.000000000,174.597,0.880,0.286,0.000,-2.507,-143.657,77.692,26.400,52.801,0.000,517.28,802.70,0.073,0.201
0.000000000,174.697,0.889,0.286,0.000,-2.519,-144.315,77.735,26.400,52.801,0.000,517.28,802.70,0.073,0.201
0.000000000,174.798,0.899,0.287,0.000,-2.529,-144.898,77.778,26.400,52.801,0.000,517.28,802.70,0.073,0.201
0.000000000,174.897,0.909,0.287,0.000,-2.538,-145.428,77.822,26.400,52.801,0.000,517.28,802.70,0.073,0.201
0.000000000,174.997,0.922,0.287,0.000,-2.547,-145.918,77.866,26.400,52.801,0.000,517.28,802.70,0.073,0.201
0.000000000,175.097,0.933,0.287,0.000,-2.553,-146.300,77.903,26.400,52.801,0.000,517.28,802.70,0.073,0.201
0.000000000,175.197,0.945,0.287,0.000,-2.560,-146.660,77.941,26.437,52.874,0.000,518.00,800.77,0.037,0.185
0.000000000,175.297,0.962,0.287,0.000,-2.567,-147.055,77.986,26.437,52.874,0.000,518.00,800.77,0.037,0.185
0.000000000,175.397,0.979,0.287,0.000,-2.573,-147.399,78.033,26.437,52.874,0.000,518.00,800.77,0.037,0.185
0.000000000,175.497,1.002,0.287,0.000,-2.578,-147.723,78.089,26.437,52.874,0.000,518.00,800.77,0.037,0.185
0.000000000,175.598,1.021,0.287,0.000,-2.582,-147.930,78.139,26.437,52.874,0.000,518.00,800.77,0.037,0.185
0.000000000,175.700,1.038,0.287,0.000,-2.584,-148.050,78.180,26.437,52.874,0.000,518.00,800.77,0.037,0.185
0.000000000,175.797,1.059,0.287,0.000,-2.585,-148.137,78.231,26.437,52.874,0.000,518.00,800.77,0.037,0.185
0.000000000,175.897,1.079,0.287,0.000,-2.586,-148.165,78.284,26.437,52.874,0.000,518.00,800.77,0.037,0.185
0.000000000,175.997,1.098,0.287,0.000,-2.586,-148.143,78.337,26.437,52.874,0.000,518.00,800.77,0.037,0.185
0.000000000,176.097,1.122,0.287,0.000,-2.584,-148.055,78.405,26.437,52.874,0.000,518.00,800.77,0.037,0.185
0.000000000,176.197,1.143,0.288,0.000,-2.582,-147.933,78.470,26.464,52.927,0.000,518.52,802.58,0.027,0.169
0.000000000,176.297,1.162,0.288,0.000,-2.579,-147.781,78.536,26.464,52.927,0.000,518.52,802.58,0.027,0.169
0.000000000,176.398,1.178,0.288,0.000,-2.576,-147.613,78.603,26.464,52.927,0.000,518.52,802.58,0.027,0.169
0.000000000,176.498,1.193,0.288,0.000,-2.573,-147.440,78.671,26.464,52.927,0.000,518.52,802.58,0.027,0.169
0.000000000,176.598,1.202,0.288,0.000,-2.571,-147.315,78.720,26.464,52.927,0.000,518.52,802.58,0.027,0.169
0.000000000,176.697,1.213,0.288,0.000,-2.568,-147.161,78.779,26.464,52.927,0.000,518.52,802.58,0.027,0.169
0.000000000,176.797,1.220,0.288,0.000,-2.566,-147.030,78.829,26.464,52.927,0.000,518.52,802.58,0.027,0.169
0.000000000,176.898,1.227,0.288,0.000,-2.564,-146.899,78.879,26.464,52.927,0.000,518.52,802.58,0.027,0.169
0.000000000,177.023,1.234,0.288,0.000,-2.561,-146.746,78.939,26.464,52.927,0.000,518.52,802.58,0.027,0.169
0.000000000,177.098,1.242,0.289,0.000,-2.558,-146.576,79.009,26.464,52.927,0.000,518.52,802.58,0.027,0.169
0.000000000,177.198,1.246,0.289,0.000,-2.557,-146.485,79.050,26.492,52.985,0.000,519.08,805.02,0.029,0.155
0.000000000,177.297,1.251,0.289,0.000,-2.555,-146.380,79.101,26.492,52.985,0.000,519.08,805.02,0.029,0.155
0.000000000,177.398,1.257,0.289,0.000,-2.553,-146.253,79.172,26.492,52.985,0.000,519.08,805.02,0.029,0.155
0.000000000,177.497,1.261,0.289,0.000,-2.551,-146.183,79.223,26.492,52.985,0.000,519.08,805.02,0.029,0.155
0.000000000,177.599,1.264,0.289,0.000,-2.551,-146.133,79.275,26.492,52.985,0.000,519.08,805.02,0.029,0.155
0.000000000,177.698,1.266,0.289,0.000,-2.550,-146.110,79.326,26.492,52.985,0.000,519.08,805.02,0.029,0.155
0.000000000,177.825,1.268,0.289,0.000,-2.550,-146.128,79.387,26.492,52.985,0.000,519.08,805.02,0.029,0.155
0.000000000,177.898,1.267,0.289,0.000,-2.552,-146.195,79.438,26.492,52.985,0.000,519.08,805.02,0.029,0.155
0.000000000,177.998,1.265,0.289,0.000,-2.554,-146.353,79.498,26.492,52.985,0.000,519.08,805.02,0.029,0.155
0.000000000,178.098,1.259,0.290,0.000,-2.560,-146.666,79.569,26.492,52.985,0.000,519.08,805.02,0.029,0.155
0.000000000,178.215,1.254,0.290,0.000,-2.565,-146.985,79.618,26.545,53.091,0.000,520.12,804.82,0.052,0.145
0.000000000,178.298,1.247,0.290,0.000,-2.574,-147.486,79.678,26.545,53.091,0.000,520.12,804.82,0.052,0.145
0.000000000,178.400,1.240,0.290,0.000,-2.585,-148.121,79.736,26.545,53.091,0.000,520.12,804.82,0.052,0.145
0.000000000,178.499,1.234,0.290,0.000,-2.596,-148.760,79.785,26.545,53.091,0.000,520.12,804.82,0.052,0.145
0.000000000,178.623,1.229,0.290,0.000,-2.609,-149.501,79.833,26.545,53.091,0.000,520.12,804.82,0.052,0.145
0.000000000,178.698,1.225,0.290,0.000,-2.624,-150.350,79.881,26.545,53.091,0.000,520.12,804.82,0.052,0.145
0.000000000,178.798,1.222,0.290,0.000,-2.644,-151.516,79.938,26.545,53.091,0.000,520.12,804.82,0.052,0.145
0.000000000,178.899,1.221,0.290,0.000,-2.664,-152.612,79.986,26.545,53.091,0.000,520.12,804.82,0.052,0.145
0.000000000,178.999,1.222,0.290,0.000,-2.689,-154.071,80.042,26.545,53.091,0.000,520.12,804.82,0.052,0.145
0.000000000,179.098,1.225,0.290,0.000,-2.722,-155.949,80.109,26.545,53.091,0.000,520.12,804.82,0.052,0.145
0.000000000,179.204,1.229,0.291,0.000,-2.747,-157.391,80.157,26.590,53.181,0.000,521.00,804.23,0.046,0.135
0.000000000,179.298,1.233,0.291,0.000,-2.773,-158.898,80.205,26.590,53.181,0.000,521.00,804.23,0.046,0.135
0.000000000,179.399,1.237,0.291,0.000,-2.800,-160.454,80.253,26.590,53.181,0.000,521.00,804.23,0.046,0.135
0.000000000,179.505,1.241,0.291,0.000,-2.828,-162.044,80.301,26.590,53.181,0.000,521.00,804.23,0.046,0.135
0.000000000,179.600,1.245,0.291,0.000,-2.856,-163.653,80.349,26.590,53.181,0.000,521.00,804.23,0.046,0.135
0.000000000,179.699,1.247,0.291,0.000,-2.890,-165.594,80.407,26.590,53.181,0.000,521.00,804.23,0.046,0.135
0.000000000,179.799,1.248,0.291,0.000,-2.913,-166.882,80.446,26.590,53.181,0.000,521.00,804.23,0.046,0.135
0.000000000,179.899,1.249,0.291,0.000,-2.952,-169.115,80.513,26.590,53.181,0.000,521.00,804.23,0.046,0.135
0.000000000,180.028,1.247,0.291,0.000,-2.984,-170.990,80.571,26.590,53.181,0.000,521.00,804.23,0.046,0.135
0.000000000,180.099,1.244,0.291,0.000,-3.011,-172.514,80.620,26.590,53.181,0.000,521.00,804.23,0.046,0.135
0.000000000,180.207,1.240,0.291,0.000,-3.037,-173.995,80.667,26.919,53.838,0.000,527.44,813.73,0.329,0.154
0.000000000,180.300,1.235,0.291,0.000,-3.062,-175.430,80.715,26.919,53.838,0.000,527.44,813.73,0.329,0.154
0.000000000,180.400,1.226,0.292,0.000,-3.091,-177.086,80.772,26.919,53.838,0.000,527.44,813.73,0.329,0.154
0.000000000,180.519,1.213,0.292,0.000,-3.123,-178.919,80.837,26.919,53.838,0.000,527.44,813.73,0.329,0.154
0.000000000,180.599,1.202,0.292,0.000,3.139,179.840,80.884,26.919,53.838,0.000,527.44,813.73,0.329,0.154
0.000000000,180.699,1.189,0.292,0.000,3.118,178.650,80.930,26.919,53.838,0.000,527.44,813.73,0.329,0.154
0.000000000,180.800,1.172,0.292,0.000,3.094,177.270,80.984,26.919,53.838,0.000,527.44,813.73,0.329,0.154
0.000000000,180.901,1.157,0.292,0.000,3.074,176.150,81.028,26.919,53.838,0.000,527.44,813.73,0.329,0.154
0.000000000,180.999,1.141,0.292,0.000,3.055,175.041,81.072,26.919,53.838,0.000,527.44,813.73,0.329,0.154
0.000000000,181.099,1.121,0.292,0.000,3.028,173.477,81.133,26.919,53.838,0.000,527.44,813.73,0.329,0.154
0.000000000,181.201,1.107,0.292,0.000,3.008,172.339,81.175,27.405,54.810,0.000,536.96,824.95,0.486,0.187
0.000000000,181.299,1.092,0.292,0.000,2.984,170.945,81.226,27.405,54.810,0.000,536.96,824.95,0.486,0.187
0.000000000,181.399,1.080,0.292,0.000,2.963,169.759,81.268,27.405,54.810,0.000,536.96,824.95,0.486,0.187
0.000000000,181.499,1.066,0.292,0.000,2.938,168.310,81.318,27.405,54.810,0.000,536.96,824.95,0.486,0.187
0.000000000,181.599,1.052,0.292,0.000,2.912,166.841,81.367,27.405,54.810,0.000,536.96,824.95,0.486,0.187
0.000000000,181.700,1.041,0.292,0.000,2.890,165.609,81.409,27.405,54.810,0.000,536.96,824.95,0.486,0.187
0.000000000,181.799,1.029,0.292,0.000,2.869,164.378,81.450,27.405,54.810,0.000,536.96,824.95,0.486,0.187
0.000000000,181.900,1.011,0.293,0.000,2.839,162.671,81.506,27.405,54.810,0.000,536.96,824.95,0.486,0.187
0.000000000,182.000,0.994,0.293,0.000,2.814,161.236,81.554,27.405,54.810,0.000,536.96,824.95,0.486,0.187
0.000000000,182.100,0.978,0.293,0.000,2.794,160.069,81.593,27.405,54.810,0.000,536.96,824.95,0.486,0.187
0.000000000,182.200,0.958,0.293,0.000,2.770,158.701,81.639,27.725,55.451,0.000,543.24,833.42,0.320,0.201
0.000000000,182.301,0.932,0.293,0.000,2.743,157.137,81.692,27.725,55.451,0.000,543.24,833.42,0.320,0.201
0.000000000,182.400,0.920,0.293,0.000,2.731,156.470,81.713,27.725,55.451,0.000,543.24,833.42,0.320,0.201
0.000000000,182.500,0.890,0.293,0.000,2.704,154.899,81.763,27.725,55.451,0.000,543.24,833.42,0.320,0.201
0.000000000,182.600,0.872,0.293,0.000,2.688,153.985,81.791,27.725,55.451,0.000,543.24,833.42,0.320,0.201
0.000000000,182.700,0.841,0.293,0.000,2.661,152.460,81.835,27.725,55.451,0.000,543.24,833.42,0.320,0.201
0.000000000,182.800,0.809,0.293,0.000,2.636,151.005,81.873,27.725,55.451,0.000,543.24,833.42,0.320,0.201
0.000000000,182.900,0.771,0.293,0.000,2.605,149.254,81.916,27.725,55.451,0.000,543.24,833.42,0.320,0.201
0.000000000,183.000,0.736,0.293,0.000,2.578,147.719,81.951,27.725,55.451,0.000,543.24,833.42,0.320,0.201
0.000000000,183.100,0.700,0.293,0.000,2.551,146.160,81.984,27.725,55.451,0.000,543.24,833.42,0.320,0.201
0.000000000,183.214,0.675,0.293,0.000,2.533,145.115,82.005,27.844,55.688,0.000,545.56,837.88,0.118,0.192
0.000000000,183.303,0.639,0.293,0.000,2.505,143.547,82.035,27.844,55.688,0.000,545.56,837.88,0.118,0.192
0.000000000,183.434,0.602,0.293,0.000,2.478,141.992,82.064,27.844,55.688,0.000,545.56,837.88,0.118,0.192
0.000000000,183.500,0.565,0.293,0.000,2.452,140.465,82.091,27.844,55.688,0.000,545.56,837.88,0.118,0.192
0.000000000,183.601,0.528,0.293,0.000,2.426,138.975,82.116,27.844,55.688,0.000,545.56,837.88,0.118,0.192
0.000000000,183.710,0.504,0.293,0.000,2.409,138.002,82.132,27.844,55.688,0.000,545.56,837.88,0.118,0.192
0.000000000,183.801,0.469,0.293,0.000,2.384,136.582,82.154,27.844,55.688,0.000,545.56,837.88,0.118,0.192
0.000000000,183.901,0.433,0.293,0.000,2.356,134.979,82.178,27.844,55.688,0.000,545.56,837.88,0.118,0.192
0.000000000,184.002,0.410,0.293,0.000,2.336,133.861,82.193,27.844,55.688,0.000,545.56,837.88,0.118,0.192
0.000000000,184.100,0.386,0.293,0.000,2.313,132.552,82.211,27.844,55.688,0.000,545.56,837.88,0.118,0.192
0.000000000,184.206,0.365,0.293,0.000,2.287,131.059,82.230,27.876,55.753,0.000,546.20,837.54,0.033,0.176
0.000000000,184.301,0.354,0.293,0.000,2.269,130.008,82.243,27.876,55.753,0.000,546.20,837.54,0.033,0.176
0.000000000,184.401,0.346,0.293,0.000,2.247,128.755,82.258,27.876,55.753,0.000,546.20,837.54,0.033,0.176
0.000000000,184.501,0.344,0.293,0.000,2.221,127.277,82.276,27.876,55.753,0.000,546.20,837.54,0.033,0.176
0.000000000,184.601,0.347,0.293,0.000,2.202,126.191,82.289,27.876,55.753,0.000,546.20,837.54,0.033,0.176
0.000000000,184.701,0.356,0.293,0.000,2.175,124.605,82.307,27.876,55.753,0.000,546.20,837.54,0.033,0.176
0.000000000,184.801,0.368,0.292,0.000,2.150,123.165,82.324,27.876,55.753,0.000,546.20,837.54,0.033,0.176
0.000000000,184.901,0.382,0.292,0.000,2.127,121.894,82.339,27.876,55.753,0.000,546.20,837.54,0.033,0.176
0.000000000,185.001,0.405,0.292,0.000,2.094,119.990,82.362,27.876,55.753,0.000,546.20,837.54,0.033,0.176
0.000000000,185.101,0.424,0.292,0.000,2.069,118.531,82.379,27.876,55.753,0.000,546.20,837.54,0.033,0.176
0.000000000,185.237,0.450,0.292,0.000,2.036,116.672,82.401,27.936,55.871,0.000,547.36,838.97,0.059,0.165
0.000000000,185.302,0.472,0.292,0.000,2.008,115.041,82.420,27.936,55.871,0.000,547.36,838.97,0.059,0.165
0.000000000,185.401,0.501,0.292,0.000,1.966,112.666,82.449,27.936,55.871,0.000,547.36,838.97,0.059,0.165
0.000000000,185.504,0.521,0.292,0.000,1.936,110.929,82.471,27.936,55.871,0.000,547.36,838.97,0.059,0.165
0.000000000,185.601,0.538,0.292,0.000,1.905,109.175,82.494,27.936,55.871,0.000,547.36,838.97,0.059,0.165
0.000000000,185.707,0.553,0.292,0.000,1.875,107.417,82.518,27.936,55.871,0.000,547.36,838.97,0.059,0.165
0.000000000,185.801,0.568,0.292,0.000,1.838,105.323,82.547,27.936,55.871,0.000,547.36,838.97,0.059,0.165
0.000000000,185.901,0.577,0.292,0.000,1.808,103.602,82.571,27.936,55.871,0.000,547.36,838.97,0.059,0.165
0.000000000,186.001,0.583,0.292,0.000,1.773,101.583,82.601,27.936,55.871,0.000,547.36,838.97,0.059,0.165
0.000000000,186.101,0.585,0.292,0.000,1.733,99.304,82.636,27.936,55.871,0.000,547.36,838.97,0.059,0.165
0.000000000,186.238,0.584,0.292,0.000,1.711,98.037,82.657,27.962,55.924,0.000,547.88,841.74,0.027,0.151
0.000000000,186.301,0.578,0.292,0.000,1.673,95.867,82.691,27.962,55.924,0.000,547.88,841.74,0.027,0.151
0.000000000,186.405,0.572,0.292,0.000,1.641,94.028,82.721,27.962,55.924,0.000,547.88,841.74,0.027,0.151
0.000000000,186.501,0.567,0.292,0.000,1.614,92.494,82.745,27.962,55.924,0.000,547.88,841.74,0.027,0.151
0.000000000,186.601,0.561,0.292,0.000,1.587,90.952,82.768,27.962,55.924,0.000,547.88,841.74,0.027,0.151
0.000000000,186.705,0.555,0.292,0.000,1.560,89.396,82.792,27.962,55.924,0.000,547.88,841.74,0.027,0.151
0.000000000,186.801,0.551,0.292,0.000,1.533,87.815,82.815,27.962,55.924,0.000,547.88,841.74,0.027,0.151
0.000000000,186.919,0.547,0.292,0.000,1.487,85.207,82.850,27.962,55.924,0.000,547.88,841.74,0.027,0.151
0.000000000,187.002,0.546,0.292,0.000,1.458,83.513,82.873,27.962,55.924,0.000,547.88,841.74,0.027,0.151
0.000000000,187.102,0.549,0.292,0.000,1.421,81.413,82.899,27.962,55.924,0.000,547.88,841.74,0.027,0.151
0.000000000,187.211,0.554,0.292,0.000,1.389,79.612,82.921,27.995,55.990,0.000,548.52,841.22,0.033,0.139
0.000000000,187.302,0.561,0.292,0.000,1.358,77.780,82.943,27.995,55.990,0.000,548.52,841.22,0.033,0.139
0.000000000,187.402,0.572,0.292,0.000,1.319,75.559,82.970,27.995,55.990,0.000,548.52,841.22,0.033,0.139
0.000000000,187.503,0.584,0.292,0.000,1.287,73.712,82.993,27.995,55.990,0.000,548.52,841.22,0.033,0.139
0.000000000,187.603,0.601,0.292,0.000,1.248,71.521,83.022,27.995,55.990,0.000,548.52,841.22,0.033,0.139
0.000000000,187.702,0.614,0.292,0.000,1.223,70.088,83.042,27.995,55.990,0.000,548.52,841.22,0.033,0.139
0.000000000,187.804,0.635,0.292,0.000,1.187,67.997,83.072,27.995,55.990,0.000,548.52,841.22,0.033,0.139
0.000000000,187.903,0.650,0.292,0.000,1.163,66.653,83.094,27.995,55.990,0.000,548.52,841.22,0.033,0.139
0.000000000,188.005,0.679,0.292,0.000,1.124,64.414,83.132,27.995,55.990,0.000,548.52,841.22,0.033,0.139
0.000000000,188.103,0.705,0.292,0.000,1.093,62.629,83.167,27.995,55.990,0.000,548.52,841.22,0.033,0.139
0.000000000,188.203,0.723,0.292,0.000,1.074,61.515,83.190,27.999,55.998,0.000,548.60,840.93,0.004,0.126
0.000000000,188.302,0.757,0.292,0.000,1.042,59.723,83.234,27.999,55.998,0.000,548.60,840.93,0.004,0.126
0.000000000,188.402,0.782,0.292,0.000,1.022,58.574,83.266,27.999,55.998,0.000,548.60,840.93,0.004,0.126
0.000000000,188.502,0.813,0.292,0.000,1.001,57.344,83.307,27.999,55.998,0.000,548.60,840.93,0.004,0.126
0.000000000,188.602,0.838,0.292,0.000,0.985,56.445,83.341,27.999,55.998,0.000,548.60,840.93,0.004,0.126
0.000000000,188.702,0.870,0.292,0.000,0.969,55.522,83.385,27.999,55.998,0.000,548.60,840.93,0.004,0.126
0.000000000,188.803,0.891,0.292,0.000,0.960,55.003,83.414,27.999,55.998,0.000,548.60,840.93,0.004,0.126
0.000000000,188.903,0.923,0.292,0.000,0.949,54.370,83.460,27.999,55.998,0.000,548.60,840.93,0.004,0.126
0.000000000,189.002,0.951,0.292,0.000,0.942,53.979,83.499,27.999,55.998,0.000,548.60,840.93,0.004,0.126
0.000000000,189.103,0.984,0.292,0.000,0.937,53.675,83.548,27.999,55.998,0.000,548.60,840.93,0.004,0.126
0.000000000,189.206,1.011,0.292,0.000,0.935,53.562,83.590,27.999,55.998,0.000,548.60,842.24,0.000,0.113
0.000000000,189.303,1.038,0.292,0.000,0.935,53.577,83.633,27.999,55.998,0.000,548.60,842.24,0.000,0.113
0.000000000,189.402,1.071,0.293,0.000,0.938,53.765,83.686,27.999,55.998,0.000,548.60,842.24,0.000,0.113
0.000000000,189.503,1.102,0.293,0.000,0.945,54.141,83.740,27.999,55.998,0.000,548.60,842.24,0.000,0.113
0.000000000,189.603,1.128,0.293,0.000,0.953,54.596,83.786,27.999,55.998,0.000,548.60,842.24,0.000,0.113
0.000000000,189.703,1.158,0.293,0.000,0.965,55.313,83.843,27.999,55.998,0.000,548.60,842.24,0.000,0.113
0.000000000,189.803,1.182,0.293,0.000,0.978,56.058,83.891,27.999,55.998,0.000,548.60,842.24,0.000,0.113
0.000000000,189.903,1.213,0.293,0.000,1.000,57.318,83.960,27.999,55.998,0.000,548.60,842.24,0.000,0.113
0.000000000,190.004,1.230,0.293,0.000,1.015,58.149,84.000,27.999,55.998,0.000,548.60,842.24,0.000,0.113
0.000000000,190.103,1.259,0.293,0.000,1.048,60.044,84.082,27.999,55.998,0.000,548.60,842.24,0.000,0.113
0.000000000,190.204,1.275,0.293,0.000,1.071,61.383,84.133,27.999,55.998,0.000,548.60,842.31,0.000,0.102
0.000000000,190.303,1.288,0.293,0.000,1.097,62.839,84.186,27.999,55.998,0.000,548.60,842.31,0.000,0.102
0.000000000,190.403,1.303,0.293,0.000,1.130,64.739,84.249,27.999,55.998,0.000,548.60,842.31,0.000,0.102
0.000000000,190.503,1.317,0.294,0.000,1.178,67.518,84.335,27.999,55.998,0.000,548.60,842.31,0.000,0.102
0.000000000,190.605,1.326,0.294,0.000,1.218,69.781,84.399,27.999,55.998,0.000,548.60,842.31,0.000,0.102
0.000000000,190.716,1.331,0.294,0.000,1.253,71.783,84.453,27.999,55.998,0.000,548.60,842.31,0.000,0.102
0.000000000,190.803,1.335,0.294,0.000,1.290,73.889,84.507,27.999,55.998,0.000,548.60,842.31,0.000,0.102
0.000000000,190.929,1.337,0.294,0.000,1.336,76.545,84.572,27.999,55.998,0.000,548.60,842.31,0.000,0.102
0.000000000,191.003,1.338,0.294,0.000,1.376,78.859,84.626,27.999,55.998,0.000,548.60,842.31,0.000,0.102
0.000000000,191.103,1.338,0.294,0.000,1.444,82.716,84.712,27.999,55.998,0.000,548.60,842.31,0.000,0.102
0.000000000,191.249,1.337,0.294,0.000,1.478,84.703,84.755,27.999,55.998,0.000,548.60,842.31,0.000,0.092
0.000000000,191.307,1.334,0.295,0.000,1.522,87.232,84.808,27.999,55.998,0.000,548.60,842.31,0.000,0.092
0.000000000,191.403,1.331,0.295,0.000,1.576,90.311,84.872,27.999,55.998,0.000,548.60,842.31,0.000,0.092
0.000000000,191.503,1.325,0.295,0.000,1.630,93.413,84.935,27.999,55.998,0.000,548.60,842.31,0.000,0.092
0.000000000,191.603,1.319,0.295,0.000,1.675,95.995,84.987,27.999,55.998,0.000,548.60,842.31,0.000,0.092
0.000000000,191.703,1.311,0.295,0.000,1.729,99.071,85.048,27.999,55.998,0.000,548.60,842.31,0.000,0.092
0.000000000,191.805,1.303,0.295,0.000,1.773,101.599,85.100,27.999,55.998,0.000,548.60,842.31,0.000,0.092
0.000000000,191.904,1.290,0.295,0.000,1.834,105.059,85.171,27.999,55.998,0.000,548.60,842.31,0.000,0.092
0.000000000,192.004,1.277,0.295,0.000,1.884,107.930,85.231,27.999,55.998,0.000,548.60,842.31,0.000,0.092
0.000000000,192.104,1.260,0.295,0.000,1.940,111.149,85.300,27.999,55.998,0.000,548.60,842.31,0.000,0.092
0.000000000,192.204,1.248,0.295,0.000,1.978,113.357,85.349,27.999,55.998,0.000,548.60,842.54,0.000,0.082
0.000000000,192.304,1.235,0.296,0.000,2.016,115.486,85.397,27.999,55.998,0.000,548.60,842.54,0.000,0.082
0.000000000,192.405,1.216,0.296,0.000,2.065,118.322,85.463,27.999,55.998,0.000,548.60,842.54,0.000,0.082
0.000000000,192.504,1.202,0.296,0.000,2.099,120.240,85.510,27.999,55.998,0.000,548.60,842.54,0.000,0.082
0.000000000,192.604,1.183,0.296,0.000,2.143,122.761,85.574,27.999,55.998,0.000,548.60,842.54,0.000,0.082
0.000000000,192.704,1.169,0.296,0.000,2.172,124.441,85.619,27.999,55.998,0.000,548.60,842.54,0.000,0.082
0.000000000,192.804,1.152,0.296,0.000,2.205,126.318,85.673,27.999,55.998,0.000,548.60,842.54,0.000,0.082
0.000000000,192.904,1.136,0.296,0.000,2.235,128.040,85.725,27.999,55.998,0.000,548.60,842.54,0.000,0.082
0.000000000,193.027,1.120,0.296,0.000,2.262,129.606,85.776,27.999,55.998,0.000,548.60,842.54,0.000,0.082
0.000000000,193.106,1.107,0.296,0.000,2.283,130.787,85.819,27.999,55.998,0.000,548.60,842.54,0.000,0.082
0.000000000,193.207,1.095,0.296,0.000,2.301,131.859,85.860,28.138,56.276,0.000,551.32,849.06,0.139,0.088
0.000000000,193.305,1.083,0.296,0.000,2.318,132.820,85.901,28.138,56.276,0.000,551.32,849.06,0.139,0.088
0.000000000,193.404,1.066,0.296,0.000,2.341,134.126,85.966,28.138,56.276,0.000,551.32,849.06,0.139,0.088
0.000000000,193.505,1.057,0.296,0.000,2.353,134.792,86.007,28.138,56.276,0.000,551.32,849.06,0.139,0.088
0.000000000,193.604,1.048,0.296,0.000,2.362,135.343,86.047,28.138,56.276,0.000,551.32,849.06,0.139,0.088
0.000000000,193.705,1.039,0.297,0.000,2.371,135.849,86.094,28.138,56.276,0.000,551.32,849.06,0.139,0.088
0.000000000,193.804,1.032,0.297,0.000,2.377,136.185,86.142,28.138,56.276,0.000,551.32,849.06,0.139,0.088
0.000000000,193.905,1.027,0.297,0.000,2.379,136.333,86.181,28.138,56.276,0.000,551.32,849.06,0.139,0.088
0.000000000,194.004,1.022,0.297,0.000,2.380,136.354,86.228,28.138,56.276,0.000,551.32,849.06,0.139,0.088
0.000000000,194.105,1.019,0.297,0.000,2.376,136.122,86.292,28.138,56.276,0.000,551.32,849.06,0.139,0.088
0.000000000,194.205,1.018,0.297,0.000,2.371,135.839,86.331,28.181,56.361,0.000,552.16,848.56,0.043,0.084
0.000000000,194.304,1.020,0.297,0.000,2.361,135.298,86.387,28.181,56.361,0.000,552.16,848.56,0.043,0.084
0.000000000,194.428,1.022,0.297,0.000,2.351,134.724,86.435,28.181,56.361,0.000,552.16,848.56,0.043,0.084
0.000000000,194.505,1.025,0.297,0.000,2.344,134.297,86.467,28.181,56.361,0.000,552.16,848.56,0.043,0.084
0.000000000,194.607,1.030,0.297,0.000,2.334,133.720,86.508,28.181,56.361,0.000,552.16,848.56,0.043,0.084
0.000000000,194.705,1.035,0.297,0.000,2.323,133.096,86.548,28.181,56.361,0.000,552.16,848.56,0.043,0.084
0.000000000,194.805,1.044,0.297,0.000,2.309,132.290,86.598,28.181,56.361,0.000,552.16,848.56,0.043,0.084
0.000000000,194.905,1.055,0.297,0.000,2.291,131.276,86.656,28.181,56.361,0.000,552.16,848.56,0.043,0.084
0.000000000,195.005,1.062,0.297,0.000,2.281,130.669,86.690,28.181,56.361,0.000,552.16,848.56,0.043,0.084
0.000000000,195.105,1.074,0.297,0.000,2.264,129.728,86.742,28.181,56.361,0.000,552.16,848.56,0.043,0.084
0.000000000,195.244,1.084,0.297,0.000,2.250,128.920,86.786,28.185,56.369,0.000,552.24,849.11,0.004,0.076
0.000000000,195.306,1.094,0.297,0.000,2.236,128.098,86.831,28.185,56.369,0.000,552.24,849.11,0.004,0.076
0.000000000,195.405,1.106,0.297,0.000,2.218,127.088,86.885,28.185,56.369,0.000,552.24,849.11,0.004,0.076
0.000000000,195.505,1.115,0.298,0.000,2.203,126.229,86.931,28.185,56.369,0.000,552.24,849.11,0.004,0.076
0.000000000,195.606,1.126,0.298,0.000,2.185,125.176,86.987,28.185,56.369,0.000,552.24,849.11,0.004,0.076
0.000000000,195.720,1.135,0.298,0.000,2.169,124.283,87.034,28.185,56.369,0.000,552.24,849.11,0.004,0.076
0.000000000,195.805,1.144,0.298,0.000,2.153,123.375,87.082,28.185,56.369,0.000,552.24,849.11,0.004,0.076
0.000000000,195.906,1.156,0.298,0.000,2.131,122.089,87.149,28.185,56.369,0.000,552.24,849.11,0.004,0.076
0.000000000,196.005,1.163,0.298,0.000,2.118,121.350,87.188,28.185,56.369,0.000,552.24,849.11,0.004,0.076
0.000000000,196.105,1.176,0.298,0.000,2.095,120.050,87.257,28.185,56.369,0.000,552.24,849.11,0.004,0.076
0.000000000,196.229,1.188,0.298,0.000,2.076,118.930,87.317,28.185,56.369,0.000,552.24,848.70,0.000,0.068
0.000000000,196.305,1.196,0.298,0.000,2.063,118.184,87.357,28.185,56.369,0.000,552.24,848.70,0.000,0.068
0.000000000,196.405,1.209,0.298,0.000,2.043,117.069,87.418,28.185,56.369,0.000,552.24,848.70,0.000,0.068
0.000000000,196.506,1.220,0.298,0.000,2.027,116.154,87.470,28.185,56.369,0.000,552.24,848.70,0.000,0.068
0.000000000,196.605,1.232,0.298,0.000,2.012,115.251,87.521,28.185,56.369,0.000,552.24,848.70,0.000,0.068
0.000000000,196.706,1.248,0.299,0.000,1.990,114.012,87.595,28.185,56.369,0.000,552.24,848.70,0.000,0.068
0.000000000,196.805,1.262,0.299,0.000,1.972,112.976,87.658,28.185,56.369,0.000,552.24,848.70,0.000,0.068
0.000000000,196.905,1.275,0.299,0.000,1.954,111.964,87.721,28.185,56.369,0.000,552.24,848.70,0.000,0.068
0.000000000,197.005,1.287,0.299,0.000,1.940,111.134,87.775,28.185,56.369,0.000,552.24,848.70,0.000,0.068
0.000000000,197.106,1.300,0.299,0.000,1.923,110.164,87.839,28.185,56.369,0.000,552.24,848.70,0.000,0.068
0.000000000,197.232,1.309,0.299,0.000,1.912,109.534,87.883,28.187,56.374,0.000,552.28,846.90,0.002,0.061
0.000000000,197.310,1.319,0.299,0.000,1.898,108.767,87.937,28.187,56.374,0.000,552.28,846.90,0.002,0.061
0.000000000,197.406,1.332,0.299,0.000,1.880,107.725,88.013,28.187,56.374,0.000,552.28,846.90,0.002,0.061
0.000000000,197.506,1.338,0.299,0.000,1.870,107.146,88.057,28.187,56.374,0.000,552.28,846.90,0.002,0.061
0.000000000,197.606,1.348,0.299,0.000,1.855,106.299,88.123,28.187,56.374,0.000,552.28,846.90,0.002,0.061
0.000000000,197.708,1.355,0.300,0.000,1.843,105.609,88.178,28.187,56.374,0.000,552.28,846.90,0.002,0.061
0.000000000,197.806,1.361,0.300,0.000,1.831,104.933,88.233,28.187,56.374,0.000,552.28,846.90,0.002,0.061
0.000000000,197.906,1.368,0.300,0.000,1.818,104.144,88.299,28.187,56.374,0.000,552.28,846.90,0.002,0.061
0.000000000,198.006,1.373,0.300,0.000,1.807,103.508,88.354,28.187,56.374,0.000,552.28,846.90,0.002,0.061
0.000000000,198.107,1.377,0.300,0.000,1.796,102.891,88.409,28.187,56.374,0.000,552.28,846.90,0.002,0.061
0.000000000,198.240,1.382,0.300,0.000,1.783,102.178,88.476,28.187,56.374,0.000,552.28,846.26,0.000,0.055
0.000000000,198.306,1.386,0.300,0.000,1.773,101.604,88.531,28.187,56.374,0.000,552.28,846.26,0.000,0.055
0.000000000,198.406,1.390,0.300,0.000,1.764,101.053,88.587,28.187,56.374,0.000,552.28,846.26,0.000,0.055
0.000000000,198.506,1.394,0.300,0.000,1.753,100.419,88.653,28.187,56.374,0.000,552.28,846.26,0.000,0.055
0.000000000,198.608,1.397,0.301,0.000,1.740,99.715,88.731,28.187,56.374,0.000,552.28,846.26,0.000,0.055
0.000000000,198.706,1.400,0.301,0.000,1.730,99.145,88.798,28.187,56.374,0.000,552.28,846.26,0.000,0.055
0.000000000,198.823,1.401,0.301,0.000,1.723,98.693,88.853,28.187,56.374,0.000,552.28,846.26,0.000,0.055
0.000000000,198.908,1.402,0.301,0.000,1.714,98.181,88.920,28.187,56.374,0.000,552.28,846.26,0.000,0.055
0.000000000,199.007,1.402,0.301,0.000,1.705,97.701,88.986,28.187,56.374,0.000,552.28,846.26,0.000,0.055
0.000000000,199.106,1.400,0.301,0.000,1.697,97.248,89.052,28.187,56.374,0.000,552.28,846.26,0.000,0.055
0.000000000,199.212,1.399,0.301,0.000,1.691,96.883,89.107,28.187,56.374,0.000,552.28,846.41,0.000,0.050
0.000000000,199.307,1.396,0.301,0.000,1.683,96.446,89.172,28.187,56.374,0.000,552.28,846.41,0.000,0.050
0.000000000,199.407,1.392,0.301,0.000,1.675,95.989,89.237,28.187,56.374,0.000,552.28,846.41,0.000,0.050
0.000000000,199.507,1.387,0.302,0.000,1.667,95.490,89.301,28.187,56.374,0.000,552.28,846.41,0.000,0.050
0.000000000,199.608,1.381,0.302,0.000,1.655,94.825,89.376,28.187,56.374,0.000,552.28,846.41,0.000,0.050
0.000000000,199.707,1.376,0.302,0.000,1.643,94.162,89.440,28.187,56.374,0.000,552.28,846.41,0.000,0.050
0.000000000,199.807,1.370,0.302,0.000,1.630,93.399,89.503,28.187,56.374,0.000,552.28,846.41,0.000,0.050
0.000000000,199.907,1.366,0.302,0.000,1.618,92.677,89.556,28.187,56.374,0.000,552.28,846.41,0.000,0.050
0.000000000,200.009,1.361,0.302,0.000,1.603,91.871,89.608,28.187,56.374,0.000,552.28,846.41,0.000,0.050
0.000000000,200.138,1.354,0.302,0.000,1.584,90.784,89.671,28.187,56.374,0.000,552.28,846.41,0.000,0.050
0.000000000,200.208,1.347,0.302,0.000,1.559,89.339,89.743,28.187,56.374,0.000,552.28,845.73,0.000,0.045
0.000000000,200.307,1.341,0.302,0.000,1.535,87.942,89.805,28.187,56.374,0.000,552.28,845.73,0.000,0.045
0.000000000,200.409,1.336,0.303,0.000,1.508,86.391,89.867,28.187,56.374,0.000,552.28,845.73,0.000,0.045
0.000000000,200.529,1.331,0.303,0.000,1.483,84.975,89.918,28.187,56.374,0.000,552.28,845.73,0.000,0.045
0.000000000,200.607,1.327,0.303,0.000,1.456,83.447,89.969,28.187,56.374,0.000,552.28,845.73,0.000,0.045
0.000000000,200.708,1.322,0.303,0.000,1.416,81.117,90.040,28.187,56.374,0.000,552.28,845.73,0.000,0.045
0.000000000,200.807,1.320,0.303,0.000,1.391,79.685,90.081,28.187,56.374,0.000,552.28,845.73,0.000,0.045
0.000000000,200.907,1.316,0.303,0.000,1.337,76.594,90.162,28.187,56.374,0.000,552.28,845.73,0.000,0.045
0.000000000,201.007,1.313,0.303,0.000,1.293,74.083,90.222,28.187,56.374,0.000,552.28,845.73,0.000,0.045
0.000000000,201.107,1.311,0.303,0.000,1.254,71.866,90.273,28.187,56.374,0.000,552.28,845.73,0.000,0.045
0.000000000,201.208,1.310,0.303,0.000,1.205,69.059,90.333,28.187,56.374,0.000,552.28,845.66,0.000,0.040
0.000000000,201.309,1.308,0.303,0.000,1.162,66.599,90.384,28.187,56.374,0.000,552.28,845.66,0.000,0.040
0.000000000,201.408,1.305,0.303,0.000,1.108,63.503,90.444,28.187,56.374,0.000,552.28,845.66,0.000,0.040
0.000000000,201.538,1.302,0.304,0.000,1.052,60.249,90.505,28.187,56.374,0.000,552.28,845.66,0.000,0.040
0.000000000,201.608,1.298,0.304,0.000,1.012,57.995,90.545,28.187,56.374,0.000,552.28,845.66,0.000,0.040
0.000000000,201.709,1.292,0.304,0.000,0.951,54.497,90.605,28.187,56.374,0.000,552.28,845.66,0.000,0.040
0.000000000,201.807,1.286,0.304,0.000,0.899,51.485,90.655,28.187,56.374,0.000,552.28,845.66,0.000,0.040
0.000000000,201.907,1.275,0.304,0.000,0.823,47.138,90.724,28.187,56.374,0.000,552.28,845.66,0.000,0.040
0.000000000,202.008,1.265,0.304,0.000,0.756,43.312,90.782,28.187,56.374,0.000,552.28,845.66,0.000,0.040
0.000000000,202.107,1.255,0.304,0.000,0.699,40.064,90.830,28.187,56.374,0.000,552.28,845.66,0.000,0.040
0.000000000,202.215,1.243,0.304,0.000,0.630,36.105,90.887,28.187,56.374,0.000,552.28,844.79,0.000,0.036
0.000000000,202.308,1.233,0.304,0.000,0.572,32.766,90.934,28.187,56.374,0.000,552.28,844.79,0.000,0.036
0.000000000,202.408,1.220,0.304,0.000,0.501,28.722,90.990,28.187,56.374,0.000,552.28,844.79,0.000,0.036
0.000000000,202.508,1.206,0.304,0.000,0.430,24.652,91.046,28.187,56.374,0.000,552.28,844.79,0.000,0.036
0.000000000,202.610,1.196,0.304,0.000,0.383,21.931,91.082,28.187,56.374,0.000,552.28,844.79,0.000,0.036
0.000000000,202.725,1.179,0.304,0.000,0.312,17.851,91.137,28.187,56.374,0.000,552.28,844.79,0.000,0.036
0.000000000,202.808,1.161,0.304,0.000,0.241,13.783,91.190,28.187,56.374,0.000,552.28,844.79,0.000,0.036
0.000000000,202.909,1.139,0.305,0.000,0.170,9.739,91.243,28.187,56.374,0.000,552.28,844.79,0.000,0.036
0.000000000,203.026,1.119,0.305,0.000,0.112,6.396,91.286,28.187,56.374,0.000,552.28,844.79,0.000,0.036
0.000000000,203.108,1.091,0.305,0.000,0.042,2.429,91.337,28.187,56.374,0.000,552.28,844.79,0.000,0.036
0.000000000,203.220,1.065,0.305,0.000,-0.015,-0.831,91.378,28.187,56.374,0.000,552.28,847.08,0.000,0.033
0.000000000,203.326,1.037,0.305,0.000,-0.071,-4.045,91.418,28.187,56.374,0.000,552.28,847.08,0.000,0.033
0.000000000,203.408,1.007,0.305,0.000,-0.126,-7.200,91.456,28.187,56.374,0.000,552.28,847.08,0.000,0.033
0.000000000,203.511,0.955,0.305,0.000,-0.211,-12.109,91.515,28.187,56.374,0.000,552.28,847.08,0.000,0.033
0.000000000,203.624,0.920,0.305,0.000,-0.263,-15.074,91.550,28.187,56.374,0.000,552.28,847.08,0.000,0.033
0.000000000,203.708,0.892,0.305,0.000,-0.303,-17.383,91.577,28.187,56.374,0.000,552.28,847.08,0.000,0.033
0.000000000,203.808,0.841,0.305,0.000,-0.371,-21.270,91.621,28.187,56.374,0.000,552.28,847.08,0.000,0.033
0.000000000,203.918,0.793,0.305,0.000,-0.435,-24.950,91.663,28.187,56.374,0.000,552.28,847.08,0.000,0.033
0.000000000,204.008,0.754,0.305,0.000,-0.487,-27.931,91.697,28.187,56.374,0.000,552.28,847.08,0.000,0.033
0.000000000,204.108,0.719,0.305,0.000,-0.537,-30.747,91.728,28.187,56.374,0.000,552.28,847.08,0.000,0.033
0.000000000,204.250,0.703,0.305,0.000,-0.560,-32.093,91.743,28.187,56.374,0.000,552.28,849.25,0.000,0.029
0.000000000,204.308,0.675,0.305,0.000,-0.605,-34.658,91.772,28.187,56.374,0.000,552.28,849.25,0.000,0.029
0.000000000,204.409,0.653,0.305,0.000,-0.647,-37.054,91.800,28.187,56.374,0.000,552.28,849.25,0.000,0.029
0.000000000,204.509,0.638,0.305,0.000,-0.679,-38.920,91.823,28.187,56.374,0.000,552.28,849.25,0.000,0.029
0.000000000,204.609,0.626,0.305,0.000,-0.716,-41.002,91.850,28.187,56.374,0.000,552.28,849.25,0.000,0.029
0.000000000,204.709,0.618,0.305,0.000,-0.749,-42.933,91.876,28.187,56.374,0.000,552.28,849.25,0.000,0.029
0.000000000,204.809,0.616,0.305,0.000,-0.760,-43.547,91.885,28.187,56.374,0.000,552.28,849.25,0.000,0.029
0.000000000,204.909,0.611,0.305,0.000,-0.796,-45.611,91.916,28.187,56.374,0.000,552.28,849.25,0.000,0.029
0.000000000,205.009,0.607,0.305,0.000,-0.831,-47.585,91.947,28.187,56.374,0.000,552.28,849.25,0.000,0.029
0.000000000,205.109,0.604,0.305,0.000,-0.850,-48.691,91.965,28.187,56.374,0.000,552.28,849.25,0.000,0.029
0.000000000,205.213,0.599,0.305,0.000,-0.879,-50.336,91.991,28.187,56.374,0.000,552.28,850.21,0.000,0.026
0.000000000,205.310,0.592,0.305,0.000,-0.907,-51.972,92.018,28.187,56.374,0.000,552.28,850.21,0.000,0.026
0.000000000,205.409,0.584,0.305,0.000,-0.931,-53.333,92.041,28.187,56.374,0.000,552.28,850.21,0.000,0.026
0.000000000,205.511,0.571,0.305,0.000,-0.964,-55.228,92.072,28.187,56.374,0.000,552.28,850.21,0.000,0.026
0.000000000,205.609,0.564,0.305,0.000,-0.978,-56.033,92.085,28.187,56.374,0.000,552.28,850.21,0.000,0.026
0.000000000,205.709,0.552,0.305,0.000,-1.001,-57.360,92.107,28.187,56.374,0.000,552.28,850.21,0.000,0.026
0.000000000,205.817,0.536,0.305,0.000,-1.028,-58.912,92.132,28.187,56.374,0.000,552.28,850.21,0.000,0.026
0.000000000,205.912,0.526,0.305,0.000,-1.046,-59.914,92.149,28.187,56.374,0.000,552.28,850.21,0.000,0.026
0.000000000,206.009,0.512,0.305,0.000,-1.071,-61.355,92.172,28.187,56.374,0.000,552.28,850.21,0.000,0.026
0.000000000,206.109,0.504,0.304,0.000,-1.087,-62.265,92.188,28.187,56.374,0.000,552.28,850.21,0.000,0.026
0.000000000,206.220,0.493,0.304,0.000,-1.109,-63.543,92.211,28.189,56.378,0.000,552.32,851.90,0.002,0.024
0.000000000,206.309,0.485,0.304,0.000,-1.126,-64.516,92.229,28.189,56.378,0.000,552.32,851.90,0.002,0.024
0.000000000,206.409,0.479,0.304,0.000,-1.144,-65.562,92.251,28.189,56.378,0.000,552.32,851.90,0.002,0.024
0.000000000,206.509,0.475,0.304,0.000,-1.160,-66.465,92.272,28.189,56.378,0.000,552.32,851.90,0.002,0.024
0.000000000,206.610,0.472,0.304,0.000,-1.173,-67.215,92.293,28.189,56.378,0.000,552.32,851.90,0.002,0.024
0.000000000,206.709,0.470,0.304,0.000,-1.185,-67.890,92.318,28.189,56.378,0.000,552.32,851.90,0.002,0.024
0.000000000,206.809,0.470,0.304,0.000,-1.193,-68.340,92.343,28.189,56.378,0.000,552.32,851.90,0.002,0.024
0.000000000,206.910,0.469,0.304,0.000,-1.197,-68.564,92.368,28.189,56.378,0.000,552.32,851.90,0.002,0.024
0.000000000,207.010,0.468,0.304,0.000,-1.197,-68.583,92.386,28.189,56.378,0.000,552.32,851.90,0.002,0.024
0.000000000,207.110,0.466,0.304,0.000,-1.195,-68.452,92.408,28.189,56.378,0.000,552.32,851.90,0.002,0.024
0.000000000,207.232,0.464,0.304,0.000,-1.191,-68.217,92.425,28.189,56.378,0.000,552.32,849.90,0.000,0.022
0.000000000,207.311,0.462,0.304,0.000,-1.184,-67.866,92.443,28.189,56.378,0.000,552.32,849.90,0.000,0.022
0.000000000,207.414,0.459,0.304,0.000,-1.176,-67.401,92.461,28.189,56.378,0.000,552.32,849.90,0.000,0.022
0.000000000,207.510,0.456,0.304,0.000,-1.164,-66.691,92.483,28.189,56.378,0.000,552.32,849.90,0.000,0.022
0.000000000,207.610,0.455,0.304,0.000,-1.151,-65.969,92.501,28.189,56.378,0.000,552.32,849.90,0.000,0.022
0.000000000,207.710,0.455,0.304,0.000,-1.134,-64.946,92.523,28.189,56.378,0.000,552.32,849.90,0.000,0.022
0.000000000,207.810,0.457,0.304,0.000,-1.116,-63.964,92.541,28.189,56.378,0.000,552.32,849.90,0.000,0.022
0.000000000,207.910,0.461,0.304,0.000,-1.097,-62.864,92.560,28.189,56.378,0.000,552.32,849.90,0.000,0.022
0.000000000,208.010,0.470,0.304,0.000,-1.071,-61.385,92.583,28.189,56.378,0.000,552.32,849.90,0.000,0.022
0.000000000,208.110,0.478,0.304,0.000,-1.052,-60.301,92.599,28.189,56.378,0.000,552.32,849.90,0.000,0.022
0.000000000,208.224,0.493,0.304,0.000,-1.022,-58.529,92.624,28.189,56.378,0.000,552.32,850.14,0.000,0.019
0.000000000,208.312,0.505,0.304,0.000,-0.999,-57.246,92.642,28.189,56.378,0.000,552.32,850.14,0.000,0.019
0.000000000,208.411,0.522,0.304,0.000,-0.969,-55.527,92.664,28.189,56.378,0.000,552.32,850.14,0.000,0.019
0.000000000,208.510,0.546,0.304,0.000,-0.930,-53.295,92.693,28.189,56.378,0.000,552.32,850.14,0.000,0.019
0.000000000,208.610,0.583,0.304,0.000,-0.873,-50.030,92.734,28.189,56.378,0.000,552.32,850.14,0.000,0.019
0.000000000,208.710,0.603,0.304,0.000,-0.843,-48.276,92.755,28.189,56.378,0.000,552.32,850.14,0.000,0.019
0.000000000,208.810,0.647,0.304,0.000,-0.777,-44.517,92.800,28.189,56.378,0.000,552.32,850.14,0.000,0.019
0.000000000,208.910,0.676,0.304,0.000,-0.733,-41.999,92.830,28.189,56.378,0.000,552.32,850.14,0.000,0.019
0.000000000,209.011,0.719,0.304,0.000,-0.668,-38.264,92.873,28.189,56.378,0.000,552.32,850.14,0.000,0.019
0.000000000,209.110,0.762,0.304,0.000,-0.598,-34.291,92.919,28.189,56.378,0.000,552.32,850.14,0.000,0.019
0.000000000,209.211,0.793,0.304,0.000,-0.547,-31.325,92.953,28.189,56.378,0.000,552.32,850.11,0.000,0.017
0.000000000,209.313,0.823,0.304,0.000,-0.493,-28.264,92.989,28.189,56.378,0.000,552.32,850.11,0.000,0.017
0.000000000,209.411,0.869,0.304,0.000,-0.405,-23.200,93.048,28.189,56.378,0.000,552.32,850.11,0.000,0.017
0.000000000,209.510,0.891,0.304,0.000,-0.360,-20.604,93.078,28.189,56.378,0.000,552.32,850.11,0.000,0.017
0.000000000,209.610,0.922,0.304,0.000,-0.290,-16.641,93.125,28.189,56.378,0.000,552.32,850.11,0.000,0.017
0.000000000,209.711,0.951,0.304,0.000,-0.220,-12.613,93.174,28.189,56.378,0.000,552.32,850.11,0.000,0.017
0.000000000,209.811,0.977,0.304,0.000,-0.149,-8.534,93.223,28.189,56.378,0.000,552.32,850.11,0.000,0.017
0.000000000,209.913,1.002,0.304,0.000,-0.077,-4.417,93.274,28.189,56.378,0.000,552.32,850.11,0.000,0.017
0.000000000,210.011,1.028,0.304,0.000,0.007,0.423,93.334,28.189,56.378,0.000,552.32,850.11,0.000,0.017
0.000000000,210.112,1.045,0.304,0.000,0.068,3.898,93.378,28.189,56.378,0.000,552.32,850.11,0.000,0.017
0.000000000,210.220,1.064,0.304,0.000,0.141,8.082,93.430,28.189,56.378,0.000,552.32,851.72,0.000,0.016
0.000000000,210.313,1.084,0.305,0.000,0.226,12.976,93.493,28.189,56.378,0.000,552.32,851.72,0.000,0.016
0.000000000,210.411,1.096,0.305,0.000,0.287,16.472,93.538,28.189,56.378,0.000,552.32,851.72,0.000,0.016
0.000000000,210.511,1.115,0.305,0.000,0.385,22.055,93.612,28.189,56.378,0.000,552.32,851.72,0.000,0.016
0.000000000,210.612,1.119,0.305,0.000,0.409,23.448,93.630,28.189,56.378,0.000,552.32,851.72,0.000,0.016
0.000000000,210.711,1.132,0.305,0.000,0.494,28.304,93.695,28.189,56.378,0.000,552.32,851.72,0.000,0.016
0.000000000,210.811,1.143,0.305,0.000,0.578,33.122,93.760,28.189,56.378,0.000,552.32,851.72,0.000,0.016
0.000000000,210.912,1.149,0.305,0.000,0.638,36.530,93.807,28.189,56.378,0.000,552.32,851.72,0.000,0.016
0.000000000,211.011,1.153,0.305,0.000,0.708,40.578,93.864,28.189,56.378,0.000,552.32,851.72,0.000,0.016
0.000000000,211.126,1.155,0.305,0.000,0.766,43.910,93.911,28.189,56.378,0.000,552.32,851.72,0.000,0.016
0.000000000,211.212,1.154,0.305,0.000,0.824,47.203,93.957,28.189,56.378,0.000,552.32,849.22,0.000,0.014
0.000000000,211.311,1.151,0.305,0.000,0.892,51.099,94.013,28.189,56.378,0.000,552.32,849.22,0.000,0.014
0.000000000,211.412,1.144,0.305,0.000,0.970,55.575,94.077,28.189,56.378,0.000,552.32,849.22,0.000,0.014
0.000000000,211.511,1.136,0.305,0.000,1.025,58.725,94.122,28.189,56.378,0.000,552.32,849.22,0.000,0.014
0.000000000,211.610,1.124,0.306,0.000,1.090,62.453,94.176,28.189,56.378,0.000,552.32,849.22,0.000,0.014
0.000000000,211.710,1.114,0.306,0.000,1.133,64.902,94.211,28.189,56.378,0.000,552.32,849.22,0.000,0.014
0.000000000,211.809,1.096,0.306,0.000,1.206,69.114,94.271,28.189,56.378,0.000,552.32,849.22,0.000,0.014
0.000000000,211.909,1.078,0.306,0.000,1.268,72.653,94.321,28.189,56.378,0.000,552.32,849.22,0.000,0.014
0.000000000,212.008,1.062,0.306,0.000,1.319,75.547,94.362,28.189,56.378,0.000,552.32,849.22,0.000,0.014
0.000000000,212.108,1.039,0.306,0.000,1.388,79.506,94.418,28.189,56.378,0.000,552.32,849.22,0.000,0.014
0.000000000,212.236,1.018,0.306,0.000,1.445,82.806,94.465,28.189,56.378,0.000,552.32,851.21,0.000,0.013
0.000000000,212.306,1.001,0.306,0.000,1.492,85.481,94.503,28.189,56.378,0.000,552.32,851.21,0.000,0.013
0.000000000,212.406,0.983,0.306,0.000,1.537,88.084,94.540,28.189,56.378,0.000,552.32,851.21,0.000,0.013
0.000000000,212.512,0.964,0.306,0.000,1.581,90.605,94.576,28.189,56.378,0.000,552.32,851.21,0.000,0.013
0.000000000,212.606,0.942,0.306,0.000,1.632,93.514,94.618,28.189,56.378,0.000,552.32,851.21,0.000,0.013
0.000000000,212.705,0.919,0.306,0.000,1.681,96.289,94.659,28.189,56.378,0.000,552.32,851.21,0.000,0.013
0.000000000,212.804,0.900,0.306,0.000,1.719,98.490,94.692,28.189,56.378,0.000,552.32,851.21,0.000,0.013
0.000000000,212.904,0.878,0.306,0.000,1.763,100.993,94.731,28.189,56.378,0.000,552.32,851.21,0.000,0.013
0.000000000,213.035,0.853,0.306,0.000,1.810,103.714,94.774,28.189,56.378,0.000,552.32,851.21,0.000,0.013
0.000000000,213.103,0.836,0.306,0.000,1.842,105.521,94.803,28.189,56.378,0.000,552.32,851.21,0.000,0.013
0.000000000,213.214,0.816,0.306,0.000,1.877,107.536,94.838,28.189,56.378,0.000,552.32,854.72,0.000,0.011
0.000000000,213.305,0.803,0.306,0.000,1.899,108.786,94.861,28.189,56.378,0.000,552.32,854.72,0.000,0.011
0.000000000,213.402,0.835,0.306,0.000,2.583,147.970,94.895,28.189,56.378,0.000,552.32,854.72,0.000,0.011
0.000000000,213.501,0.761,0.306,0.000,-2.880,-165.028,94.934,28.189,56.378,0.000,552.32,854.72,0.000,0.011
0.000000000,213.601,0.680,0.306,0.000,-2.372,-135.917,94.961,28.189,56.378,0.000,552.32,854.72,0.000,0.011
0.000000000,213.700,0.631,0.306,0.000,-2.048,-117.323,94.976,28.189,56.378,0.000,552.32,854.72,0.000,0.011
0.000000000,213.800,0.557,0.306,0.000,-1.578,-90.433,94.998,28.189,56.378,0.000,552.32,854.72,0.000,0.011
0.000000000,213.899,0.488,0.306,0.000,-1.204,-68.967,95.019,28.189,56.378,0.000,552.32,854.72,0.000,0.011
0.000000000,213.999,0.380,0.306,0.000,-0.702,-40.232,95.056,28.189,56.378,0.000,552.32,854.72,0.000,0.011
0.000000000,214.099,0.316,0.306,0.000,-0.426,-24.429,95.083,28.189,56.378,0.000,552.32,854.72,0.000,0.011
0.000000000,214.198,0.254,0.306,0.000,-0.157,-9.015,95.115,28.189,56.378,0.000,552.32,854.24,0.000,0.010
0.000000000,214.298,0.188,0.306,0.000,0.170,9.752,95.159,28.189,56.378,0.000,552.32,854.24,0.000,0.010
0.000000000,214.397,0.139,0.306,0.000,0.550,31.491,95.217,28.189,56.378,0.000,552.32,854.24,0.000,0.010
0.000000000,214.497,0.138,0.306,0.000,0.912,52.258,95.282,28.189,56.378,0.000,552.32,854.24,0.000,0.010
0.000000000,214.597,0.155,0.306,0.000,1.144,65.572,95.327,28.189,56.378,0.000,552.32,854.24,0.000,0.010
0.000000000,214.696,0.191,0.306,0.000,1.534,87.870,95.410,28.189,56.378,0.000,552.32,854.24,0.000,0.010
0.000000000,214.795,0.218,0.307,0.000,1.851,106.026,95.488,28.189,56.378,0.000,552.32,854.24,0.000,0.010
0.000000000,214.901,0.229,0.307,0.000,2.103,120.508,95.550,28.189,56.378,0.000,552.32,854.24,0.000,0.010
0.000000000,214.995,0.235,0.307,0.000,2.393,137.102,95.625,28.189,56.378,0.000,552.32,854.24,0.000,0.010
0.000000000,215.095,0.236,0.307,0.000,2.667,152.825,95.698,28.189,56.378,0.000,552.32,854.24,0.000,0.010
0.000000000,215.237,0.238,0.307,0.000,2.884,165.268,95.757,28.193,56.386,0.000,552.40,880.51,0.004,0.010
0.000000000,215.294,0.250,0.307,0.000,3.132,179.463,95.827,28.193,56.386,0.000,552.40,880.51,0.004,0.010
0.000000000,215.393,0.267,0.307,0.000,-2.954,-169.274,95.885,28.193,56.386,0.000,552.40,880.51,0.004,0.010
0.000000000,215.493,0.300,0.307,0.000,-2.693,-154.303,95.964,28.193,56.386,0.000,552.40,880.51,0.004,0.010
0.000000000,215.593,0.327,0.307,0.000,-2.516,-144.155,96.019,28.193,56.386,0.000,552.40,880.51,0.004,0.010
0.000000000,215.692,0.347,0.308,0.000,-2.380,-136.365,96.062,28.193,56.386,0.000,552.40,880.51,0.004,0.010
0.000000000,215.792,0.382,0.308,0.000,-2.124,-121.668,96.148,28.193,56.386,0.000,552.40,880.51,0.004,0.010
0.000000000,215.896,0.397,0.308,0.000,-2.003,-114.774,96.190,28.193,56.386,0.000,552.40,880.51,0.004,0.010
0.000000000,215.991,0.413,0.308,0.000,-1.833,-105.020,96.253,28.193,56.386,0.000,552.40,880.51,0.004,0.010
0.000000000,216.090,0.423,0.308,0.000,-1.700,-97.429,96.304,28.193,56.386,0.000,552.40,880.51,0.004,0.010
0.000000000,216.240,0.428,0.308,0.000,-1.601,-91.705,96.345,28.193,56.386,0.000,552.40,882.17,0.000,0.009
0.000000000,216.290,0.430,0.308,0.000,-1.506,-86.288,96.385,28.193,56.386,0.000,552.40,882.17,0.000,0.009
0.000000000,216.390,0.429,0.308,0.000,-1.395,-79.941,96.434,28.193,56.386,0.000,552.40,882.17,0.000,0.009
0.000000000,216.492,0.424,0.308,0.000,-1.293,-74.058,96.482,28.193,56.386,0.000,552.40,882.17,0.000,0.009
0.000000000,216.589,0.414,0.308,0.000,-1.198,-68.633,96.529,28.193,56.386,0.000,552.40,882.17,0.000,0.009
0.000000000,216.688,0.397,0.308,0.000,-1.095,-62.720,96.584,28.193,56.386,0.000,552.40,882.17,0.000,0.009
0.000000000,216.797,0.378,0.308,0.000,-1.017,-58.286,96.628,28.193,56.386,0.000,552.40,882.17,0.000,0.009
0.000000000,216.888,0.354,0.308,0.000,-0.948,-54.297,96.671,28.193,56.386,0.000,552.40,882.17,0.000,0.009
0.000000000,216.987,0.310,0.308,0.000,-0.852,-48.840,96.736,28.193,56.386,0.000,552.40,882.17,0.000,0.009
0.000000000,217.093,0.291,0.308,0.000,-0.822,-47.087,96.759,28.193,56.386,0.000,552.40,882.17,0.000,0.009
0.000000000,217.207,0.259,0.308,0.000,-0.777,-44.519,96.796,28.238,56.476,0.000,553.28,884.42,0.045,0.012
0.000000000,217.286,0.204,0.308,0.000,-0.721,-41.324,96.851,28.238,56.476,0.000,553.28,884.42,0.045,0.012
0.000000000,217.387,0.181,0.308,0.000,-0.705,-40.406,96.870,28.238,56.476,0.000,553.28,884.42,0.045,0.012
0.000000000,217.486,0.132,0.308,0.000,-0.680,-38.968,96.906,28.238,56.476,0.000,553.28,884.42,0.045,0.012
0.000000000,217.624,0.077,0.308,0.000,-0.663,-37.990,96.938,28.238,56.476,0.000,553.28,884.42,0.045,0.012
0.000000000,217.686,0.035,0.308,0.000,-0.654,-37.457,96.961,28.238,56.476,0.000,553.28,884.42,0.045,0.012
0.000000000,217.784,0.047,0.308,0.000,-0.647,-37.074,96.986,28.238,56.476,0.000,553.28,884.42,0.045,0.012
0.000000000,217.884,0.089,0.308,0.000,-0.644,-36.897,97.002,28.238,56.476,0.000,553.28,884.42,0.045,0.012
0.000000000,217.984,0.143,0.308,0.000,-0.642,-36.784,97.019,28.238,56.476,0.000,553.28,884.42,0.045,0.012
0.000000000,218.083,0.190,0.308,0.000,-0.641,-36.725,97.029,28.238,56.476,0.000,553.28,884.42,0.045,0.012
0.000000000,218.208,0.247,0.308,0.000,-0.640,-36.650,97.038,28.238,56.476,0.000,553.28,886.54,0.000,0.011
0.000000000,218.284,0.296,0.308,0.000,-0.638,-36.554,97.042,28.238,56.476,0.000,553.28,886.54,0.000,0.011
0.000000000,218.384,0.366,0.308,0.000,-0.634,-36.323,97.043,28.238,56.476,0.000,553.28,886.54,0.000,0.011
0.000000000,218.484,0.407,0.308,0.000,-0.631,-36.128,97.046,28.238,56.476,0.000,553.28,886.54,0.000,0.011
0.000000000,218.582,0.479,0.308,0.000,-0.622,-35.651,97.055,28.238,56.476,0.000,553.28,886.54,0.000,0.011
0.000000000,218.684,0.520,0.308,0.000,-0.616,-35.295,97.064,28.238,56.476,0.000,553.28,886.54,0.000,0.011
0.000000000,218.782,0.581,0.308,0.000,-0.605,-34.636,97.080,28.238,56.476,0.000,553.28,886.54,0.000,0.011
0.000000000,218.881,0.642,0.308,0.000,-0.590,-33.815,97.100,28.238,56.476,0.000,553.28,886.54,0.000,0.011
0.000000000,218.981,0.703,0.308,0.000,-0.573,-32.827,97.124,28.238,56.476,0.000,553.28,886.54,0.000,0.011
0.000000000,219.080,0.773,0.308,0.000,-0.549,-31.455,97.157,28.238,56.476,0.000,553.28,886.54,0.000,0.011
0.000000000,219.209,0.823,0.308,0.000,-0.529,-30.323,97.184,28.238,56.476,0.000,553.28,885.00,0.000,0.010
0.000000000,219.279,0.862,0.308,0.000,-0.512,-29.325,97.207,28.238,56.476,0.000,553.28,885.00,0.000,0.010
0.000000000,219.380,0.910,0.308,0.000,-0.488,-27.959,97.239,28.238,56.476,0.000,553.28,885.00,0.000,0.010
0.000000000,219.479,0.975,0.308,0.000,-0.451,-25.824,97.287,28.238,56.476,0.000,553.28,885.00,0.000,0.010
0.000000000,219.578,1.028,0.308,0.000,-0.415,-23.787,97.333,28.238,56.476,0.000,553.28,885.00,0.000,0.010
0.000000000,219.678,1.070,0.308,0.000,-0.383,-21.942,97.373,28.238,56.476,0.000,553.28,885.00,0.000,0.010
0.000000000,219.778,1.111,0.308,0.000,-0.348,-19.963,97.415,28.238,56.476,0.000,553.28,885.00,0.000,0.010
0.000000000,219.877,1.157,0.308,0.000,-0.304,-17.417,97.468,28.238,56.476,0.000,553.28,885.00,0.000,0.010
0.000000000,219.980,1.194,0.308,0.000,-0.264,-15.154,97.515,28.238,56.476,0.000,553.28,885.00,0.000,0.010
0.000000000,220.077,1.229,0.308,0.000,-0.223,-12.761,97.564,28.238,56.476,0.000,553.28,885.00,0.000,0.010
0.000000000,220.194,1.280,0.308,0.000,-0.151,-8.673,97.645,28.238,56.476,0.000,553.28,887.90,0.000,0.009
0.000000000,220.278,1.304,0.308,0.000,-0.114,-6.516,97.687,28.238,56.476,0.000,553.28,887.90,0.000,0.009
0.000000000,220.376,1.338,0.308,0.000,-0.055,-3.148,97.751,28.238,56.476,0.000,553.28,887.90,0.000,0.009
0.000000000,220.477,1.374,0.308,0.000,0.016,0.945,97.829,28.238,56.476,0.000,553.28,887.90,0.000,0.009
0.000000000,220.575,1.384,0.308,0.000,0.037,2.141,97.851,28.238,56.476,0.000,553.28,887.90,0.000,0.009
0.000000000,220.675,1.401,0.308,0.000,0.080,4.563,97.897,28.238,56.476,0.000,553.28,887.90,0.000,0.009
0.000000000,220.804,1.421,0.309,0.000,0.133,7.641,97.955,28.238,56.476,0.000,553.28,887.90,0.000,0.009
0.000000000,220.875,1.431,0.309,0.000,0.166,9.513,97.990,28.238,56.476,0.000,553.28,887.90,0.000,0.009
0.000000000,220.974,1.449,0.309,0.000,0.232,13.307,98.062,28.238,56.476,0.000,553.28,887.90,0.000,0.009
0.000000000,221.094,1.465,0.309,0.000,0.311,17.813,98.147,28.238,56.476,0.000,553.28,887.90,0.000,0.009
0.000000000,221.186,1.473,0.309,0.000,0.368,21.068,98.208,28.238,56.476,0.000,553.28,891.71,0.000,0.008
0.000000000,221.273,1.479,0.309,0.000,0.425,24.340,98.270,28.238,56.476,0.000,553.28,891.71,0.000,0.008
0.000000000,221.389,1.481,0.309,0.000,0.493,28.274,98.345,28.238,56.476,0.000,553.28,891.71,0.000,0.008
0.000000000,221.473,1.480,0.309,0.000,0.539,30.889,98.396,28.238,56.476,0.000,553.28,891.71,0.000,0.008
0.000000000,221.573,1.476,0.309,0.000,0.607,34.789,98.471,28.238,56.476,0.000,553.28,891.71,0.000,0.008
0.000000000,221.672,1.469,0.310,0.000,0.675,38.649,98.546,28.238,56.476,0.000,553.28,891.71,0.000,0.008
0.000000000,221.773,1.458,0.310,0.000,0.741,42.459,98.622,28.238,56.476,0.000,553.28,891.71,0.000,0.008
0.000000000,221.872,1.448,0.310,0.000,0.796,45.583,98.684,28.238,56.476,0.000,553.28,891.71,0.000,0.008
0.000000000,221.971,1.432,0.310,0.000,0.860,49.257,98.758,28.238,56.476,0.000,553.28,891.71,0.000,0.008
0.000000000,222.075,1.426,0.310,0.000,1.101,63.096,98.844,28.238,56.476,0.000,553.28,891.71,0.000,0.008
0.000000000,222.177,1.416,0.310,0.000,1.631,93.457,98.906,28.238,56.476,0.000,553.28,885.34,0.000,0.007
0.000000000,222.271,1.399,0.310,0.000,2.146,122.945,98.966,28.238,56.476,0.000,553.28,885.34,0.000,0.007
0.000000000,222.371,1.376,0.310,0.000,2.843,162.919,99.047,28.238,56.476,0.000,553.28,885.34,0.000,0.007
0.000000000,222.471,1.342,0.311,0.000,-2.857,-163.672,99.112,28.238,56.476,0.000,553.28,885.34,0.000,0.007
0.000000000,222.570,1.274,0.311,0.000,-2.199,-125.980,99.182,28.238,56.476,0.000,553.28,885.34,0.000,0.007
0.000000000,222.670,1.193,0.311,0.000,-1.660,-95.107,99.233,28.238,56.476,0.000,553.28,885.34,0.000,0.007
0.000000000,222.772,1.133,0.311,0.000,-1.313,-75.251,99.262,28.238,56.476,0.000,553.28,885.34,0.000,0.007
0.000000000,222.869,1.073,0.311,0.000,-0.975,-55.887,99.287,28.238,56.476,0.000,553.28,885.34,0.000,0.007
0.000000000,222.969,0.964,0.311,0.000,-0.320,-18.323,99.325,28.238,56.476,0.000,553.28,885.34,0.000,0.007
0.000000000,223.081,0.921,0.311,0.000,-0.001,-0.066,99.338,28.238,56.476,0.000,553.28,885.34,0.000,0.007
0.000000000,223.180,0.881,0.311,0.000,0.387,22.202,99.348,28.248,56.496,0.000,553.48,900.75,0.010,0.008
0.000000000,223.269,0.851,0.311,0.000,0.910,52.141,99.354,28.248,56.496,0.000,553.48,900.75,0.010,0.008
0.000000000,223.385,0.844,0.310,0.000,1.196,68.540,99.358,28.248,56.496,0.000,553.48,900.75,0.010,0.008
0.000000000,223.468,0.839,0.310,0.000,1.609,92.186,99.370,28.248,56.496,0.000,553.48,900.75,0.010,0.008
0.000000000,223.568,0.836,0.310,0.000,2.004,114.793,99.385,28.248,56.496,0.000,553.48,900.75,0.010,0.008
0.000000000,223.691,0.828,0.310,0.000,2.320,132.925,99.405,28.248,56.496,0.000,553.48,900.75,0.010,0.008
0.000000000,223.767,0.813,0.310,0.000,2.686,153.898,99.426,28.248,56.496,0.000,553.48,900.75,0.010,0.008
0.000000000,223.867,0.777,0.310,0.000,3.094,177.300,99.469,28.248,56.496,0.000,553.48,900.75,0.010,0.008
0.000000000,223.967,0.740,0.310,0.000,-2.910,-166.710,99.508,28.248,56.496,0.000,553.48,900.75,0.010,0.008
0.000000000,224.066,0.683,0.310,0.000,-2.589,-148.342,99.569,28.248,56.496,0.000,553.48,900.75,0.010,0.008
0.000000000,224.172,0.615,0.311,0.000,-2.284,-130.876,99.644,28.281,56.561,0.000,554.12,929.66,0.033,0.010
0.000000000,224.267,0.568,0.311,0.000,-2.090,-119.721,99.695,28.281,56.561,0.000,554.12,929.66,0.033,0.010
0.000000000,224.366,0.465,0.311,0.000,-1.283,-73.483,99.779,28.281,56.561,0.000,554.12,929.66,0.033,0.010
0.000000000,224.491,0.380,0.311,0.000,-0.460,-26.359,99.862,28.281,56.561,0.000,554.12,929.66,0.033,0.010
0.000000000,224.565,0.849,0.311,0.000,-0.035,-1.977,99.916,28.281,56.561,0.000,554.12,929.66,0.033,0.010
0.000000000,224.665,1.524,0.311,0.000,0.524,30.033,100.024,28.281,56.561,0.000,554.12,929.66,0.033,0.010
0.000000000,224.766,1.493,0.311,0.000,0.892,51.108,100.090,28.281,56.561,0.000,554.12,929.66,0.033,0.010
0.000000000,224.864,1.466,0.311,0.000,1.195,68.448,100.143,28.281,56.561,0.000,554.12,929.66,0.033,0.010
0.000000000,224.985,1.455,0.312,0.000,1.574,90.209,100.211,28.281,56.561,0.000,554.12,929.66,0.033,0.010
0.000000000,225.067,1.391,0.312,0.000,2.095,120.040,100.331,28.281,56.561,0.000,554.12,929.66,0.033,0.010
0.000000000,225.183,1.340,0.312,0.000,2.304,132.035,100.394,28.313,56.627,0.000,554.76,951.32,0.033,0.012
0.000000000,225.264,1.293,0.312,0.000,2.543,145.716,100.475,28.313,56.627,0.000,554.76,951.32,0.033,0.012
0.000000000,225.363,1.306,0.312,0.000,2.701,154.734,100.541,28.313,56.627,0.000,554.76,951.32,0.033,0.012
0.000000000,225.463,1.351,0.312,0.000,2.906,166.498,100.638,28.313,56.627,0.000,554.76,951.32,0.033,0.012
0.000000000,225.564,1.314,0.313,0.000,2.991,171.383,100.717,28.313,56.627,0.000,554.76,951.32,0.033,0.012
0.000000000,225.663,1.260,0.313,0.000,3.078,176.337,100.815,28.313,56.627,0.000,554.76,951.32,0.033,0.012
0.000000000,225.762,1.287,0.313,0.000,3.130,179.361,100.923,28.313,56.627,0.000,554.76,951.32,0.033,0.012
0.000000000,225.863,1.334,0.313,0.000,-3.135,-179.639,101.018,28.313,56.627,0.000,554.76,951.32,0.033,0.012
0.000000000,225.963,1.388,0.313,0.000,-3.136,-179.692,101.135,28.313,56.627,0.000,554.76,951.32,0.033,0.012
0.000000000,226.062,1.353,0.314,0.000,-3.140,-179.881,101.256,28.313,56.627,0.000,554.76,951.32,0.033,0.012
0.000000000,226.174,1.314,0.314,0.000,3.141,179.963,101.355,28.313,56.627,0.000,554.76,963.87,0.000,0.011
0.000000000,226.261,1.294,0.314,0.000,3.139,179.824,101.452,28.313,56.627,0.000,554.76,963.87,0.000,0.011
0.000000000,226.361,1.278,0.314,0.000,3.137,179.716,101.529,28.313,56.627,0.000,554.76,963.87,0.000,0.011
0.000000000,226.464,1.257,0.315,0.000,3.134,179.587,101.622,28.313,56.627,0.000,554.76,963.87,0.000,0.011
0.000000000,226.561,1.238,0.315,0.000,3.132,179.467,101.712,28.313,56.627,0.000,554.76,963.87,0.000,0.011
0.000000000,226.661,1.213,0.315,0.000,3.130,179.319,101.834,28.313,56.627,0.000,554.76,963.87,0.000,0.011
0.000000000,226.760,1.192,0.315,0.000,3.128,179.212,101.935,28.313,56.627,0.000,554.76,963.87,0.000,0.011
0.000000000,226.860,1.176,0.315,0.000,3.126,179.135,102.016,28.313,56.627,0.000,554.76,963.87,0.000,0.011
0.000000000,226.960,1.161,0.315,0.000,3.125,179.068,102.094,28.313,56.627,0.000,554.76,963.87,0.000,0.011
0.000000000,227.067,1.147,0.316,0.000,3.124,179.012,102.170,28.313,56.627,0.000,554.76,963.87,0.000,0.011
0.000000000,227.168,1.135,0.316,0.000,3.124,178.965,102.243,28.313,56.627,0.000,554.76,966.51,0.000,0.010
0.000000000,227.292,1.123,0.316,0.000,3.123,178.925,102.314,28.313,56.627,0.000,554.76,966.51,0.000,0.010
0.000000000,227.359,1.113,0.316,0.000,3.122,178.889,102.383,28.313,56.627,0.000,554.76,966.51,0.000,0.010
0.000000000,227.459,1.102,0.316,0.000,3.122,178.853,102.463,28.313,56.627,0.000,554.76,966.51,0.000,0.010
0.000000000,227.559,1.095,0.316,0.000,3.121,178.832,102.514,28.313,56.627,0.000,554.76,966.51,0.000,0.010
0.000000000,227.659,1.087,0.316,0.000,3.121,178.807,102.577,28.313,56.627,0.000,554.76,966.51,0.000,0.010
0.000000000,227.762,1.080,0.316,0.000,3.120,178.785,102.638,28.313,56.627,0.000,554.76,966.51,0.000,0.010
0.000000000,227.859,1.073,0.316,0.000,3.120,178.761,102.708,28.313,56.627,0.000,554.76,966.51,0.000,0.010
0.000000000,227.958,1.065,0.317,0.000,3.120,178.736,102.787,28.313,56.627,0.000,554.76,966.51,0.000,0.010
0.000000000,228.058,1.061,0.317,0.000,3.119,178.722,102.831,28.313,56.627,0.000,554.76,966.51,0.000,0.010
0.000000000,228.162,1.056,0.317,0.000,3.119,178.702,102.895,28.313,56.627,0.000,554.76,967.04,0.000,0.009
0.000000000,228.259,1.053,0.317,0.000,3.119,178.689,102.936,28.313,56.627,0.000,554.76,967.04,0.000,0.009
0.000000000,228.357,1.049,0.317,0.000,3.118,178.672,102.987,28.313,56.627,0.000,554.76,967.04,0.000,0.009
0.000000000,228.457,1.045,0.317,0.000,3.118,178.653,103.045,28.313,56.627,0.000,554.76,967.04,0.000,0.009
0.000000000,228.557,1.041,0.317,0.000,3.118,178.636,103.092,28.313,56.627,0.000,554.76,967.04,0.000,0.009
0.000000000,228.663,1.038,0.317,0.000,3.118,178.620,103.138,28.313,56.627,0.000,554.76,967.04,0.000,0.009
0.000000000,228.757,1.034,0.317,0.000,3.117,178.604,103.182,28.313,56.627,0.000,554.76,967.04,0.000,0.009
0.000000000,228.881,1.031,0.317,0.000,3.117,178.588,103.225,28.313,56.627,0.000,554.76,967.04,0.000,0.009
0.000000000,228.956,1.027,0.317,0.000,3.117,178.573,103.267,28.313,56.627,0.000,554.76,967.04,0.000,0.009
0.000000000,229.057,1.023,0.317,0.000,3.116,178.555,103.315,28.313,56.627,0.000,554.76,967.04,0.000,0.009
0.000000000,229.166,1.021,0.317,0.000,3.116,178.546,103.338,28.313,56.627,0.000,554.76,966.56,0.000,0.008
0.000000000,229.256,1.017,0.317,0.000,3.116,178.528,103.384,28.313,56.627,0.000,554.76,966.56,0.000,0.008
0.000000000,229.356,1.013,0.317,0.000,3.116,178.513,103.420,28.313,56.627,0.000,554.76,966.56,0.000,0.008
0.000000000,229.455,1.009,0.317,0.000,3.115,178.499,103.455,28.313,56.627,0.000,554.76,966.56,0.000,0.008
0.000000000,229.557,1.004,0.317,0.000,3.115,178.483,103.490,28.313,56.627,0.000,554.76,966.56,0.000,0.008
0.000000000,229.655,1.002,0.317,0.000,3.115,178.474,103.510,28.313,56.627,0.000,554.76,966.56,0.000,0.008
0.000000000,229.772,0.998,0.317,0.000,3.115,178.461,103.536,28.313,56.627,0.000,554.76,966.56,0.000,0.008
0.000000000,229.855,0.995,0.317,0.000,3.115,178.452,103.555,28.313,56.627,0.000,554.76,966.56,0.000,0.008
0.000000000,229.955,0.990,0.317,0.000,3.114,178.432,103.593,28.313,56.627,0.000,554.76,966.56,0.000,0.008
0.000000000,230.055,0.978,0.317,0.000,3.114,178.395,103.623,28.313,56.627,0.000,554.76,966.56,0.000,0.008
0.000000000,230.158,0.959,0.317,0.000,3.110,178.207,103.652,28.313,56.627,0.000,554.76,966.90,0.000,0.007
0.000000000,230.259,0.946,0.317,0.000,3.103,177.817,103.679,28.313,56.627,0.000,554.76,966.90,0.000,0.007
0.000000000,230.355,0.932,0.317,0.000,3.091,177.089,103.711,28.313,56.627,0.000,554.76,966.90,0.000,0.007
0.000000000,230.455,0.926,0.317,0.000,3.077,176.325,103.737,28.313,56.627,0.000,554.76,966.90,0.000,0.007
0.000000000,230.554,0.909,0.317,0.000,3.063,175.483,103.761,28.313,56.627,0.000,554.76,966.90,0.000,0.007
0.000000000,230.653,0.879,0.317,0.000,3.039,174.099,103.793,28.313,56.627,0.000,554.76,966.90,0.000,0.007
0.000000000,230.754,0.858,0.317,0.000,3.023,173.210,103.810,28.313,56.627,0.000,554.76,966.90,0.000,0.007
0.000000000,230.892,0.824,0.317,0.000,3.002,172.025,103.829,28.313,56.627,0.000,554.76,966.90,0.000,0.007
0.000000000,230.953,0.781,0.317,0.000,2.981,170.791,103.846,28.313,56.627,0.000,554.76,966.90,0.000,0.007
0.000000000,231.053,0.686,0.317,0.000,2.946,168.816,103.868,28.313,56.627,0.000,554.76,966.90,0.000,0.007
0.000000000,231.194,0.656,0.317,0.000,2.938,168.335,103.872,28.313,56.627,0.000,554.76,967.50,0.000,0.007
0.000000000,231.254,0.575,0.317,0.000,2.918,167.178,103.879,28.313,56.627,0.000,554.76,967.50,0.000,0.007
0.000000000,231.352,0.486,0.317,0.000,2.899,166.097,103.882,28.313,56.627,0.000,554.76,967.50,0.000,0.007
0.000000000,231.452,0.392,0.317,0.000,2.882,165.118,103.885,28.313,56.627,0.000,554.76,967.50,0.000,0.007
0.000000000,231.552,0.290,0.317,0.000,2.864,164.107,103.894,28.313,56.627,0.000,554.76,967.50,0.000,0.007
0.000000000,231.652,0.191,0.316,0.000,2.852,163.421,103.907,28.313,56.627,0.000,554.76,967.50,0.000,0.007
0.000000000,231.752,0.168,0.316,0.000,2.845,162.984,103.921,28.313,56.627,0.000,554.76,967.50,0.000,0.007
0.000000000,231.851,0.187,0.316,0.000,2.838,162.591,103.949,28.313,56.627,0.000,554.76,967.50,0.000,0.007
0.000000000,231.951,0.218,0.316,0.000,2.838,162.620,103.971,28.313,56.627,0.000,554.76,967.50,0.000,0.007
0.000000000,232.051,0.319,0.316,0.000,2.766,158.495,104.008,28.313,56.627,0.000,554.76,967.50,0.000,0.007
0.000000000,232.186,0.518,0.316,0.000,2.405,137.785,104.048,28.328,56.655,0.000,555.04,968.03,0.015,0.007
0.000000000,232.251,0.357,0.316,0.000,1.717,98.359,104.092,28.328,56.655,0.000,555.04,968.03,0.015,0.007
0.000000000,232.351,0.277,0.316,0.000,-0.202,-11.590,104.129,28.328,56.655,0.000,555.04,968.03,0.015,0.007
0.000000000,232.451,0.467,0.316,0.000,-0.769,-44.084,104.154,28.328,56.655,0.000,555.04,968.03,0.015,0.007
0.000000000,232.552,0.794,0.317,0.000,-1.204,-68.981,104.202,28.328,56.655,0.000,555.04,968.03,0.015,0.007
0.000000000,232.650,1.057,0.317,0.000,-1.355,-77.654,104.239,28.328,56.655,0.000,555.04,968.03,0.015,0.007
0.000000000,232.750,1.508,0.317,0.000,-1.532,-87.763,104.297,28.328,56.655,0.000,555.04,968.03,0.015,0.007
0.000000000,232.850,1.834,0.317,0.000,-1.752,-100.354,104.359,28.328,56.655,0.000,555.04,968.03,0.015,0.007
0.000000000,232.950,2.128,0.317,0.000,-2.046,-117.210,104.430,28.328,56.655,0.000,555.04,968.03,0.015,0.007
0.000000000,233.050,2.442,0.317,0.000,-2.429,-139.192,104.526,28.328,56.655,0.000,555.04,968.03,0.015,0.007
0.000000000,233.191,2.669,0.317,0.000,-2.693,-154.290,104.614,28.328,56.655,0.000,555.04,968.90,0.000,0.007
0.000000000,233.249,2.860,0.317,0.000,-2.891,-165.642,104.707,28.328,56.655,0.000,555.04,968.90,0.000,0.007
0.000000000,233.351,3.071,0.318,0.000,-3.078,-176.350,104.825,28.328,56.655,0.000,555.04,968.90,0.000,0.007
0.000000000,233.450,3.289,0.318,0.000,3.005,172.192,104.970,28.328,56.655,0.000,555.04,968.90,0.000,0.007
0.000000000,233.550,3.383,0.318,0.000,2.883,165.200,105.057,28.328,56.655,0.000,555.04,968.90,0.000,0.007
0.000000000,233.659,3.465,0.318,0.000,2.719,155.788,105.167,28.328,56.655,0.000,555.04,968.90,0.000,0.007
0.000000000,233.749,3.512,0.319,0.000,2.447,140.205,105.344,28.328,56.655,0.000,555.04,968.90,0.000,0.007
0.000000000,233.849,3.497,0.319,0.000,2.285,130.918,105.451,28.328,56.655,0.000,555.04,968.90,0.000,0.007
0.000000000,233.948,3.433,0.319,0.000,2.079,119.110,105.597,28.328,56.655,0.000,555.04,968.90,0.000,0.007
0.000000000,234.051,3.326,0.320,0.000,1.896,108.635,105.735,28.328,56.655,0.000,555.04,968.90,0.000,0.007
0.000000000,234.161,3.204,0.320,0.000,1.752,100.387,105.847,28.373,56.745,0.000,555.92,978.83,0.045,0.010
0.000000000,234.249,0.743,0.320,0.000,2.112,121.031,105.916,28.373,56.745,0.000,555.92,978.83,0.045,0.010
0.000000000,234.348,0.628,0.320,0.000,2.001,114.644,105.953,28.373,56.745,0.000,555.92,978.83,0.045,0.010
0.000000000,234.448,0.516,0.320,0.000,1.896,108.628,106.000,28.373,56.745,0.000,555.92,978.83,0.045,0.010
0.000000000,234.548,0.395,0.320,0.000,1.797,102.960,106.056,28.373,56.745,0.000,555.92,978.83,0.045,0.010
0.000000000,234.648,0.266,0.320,0.000,1.705,97.675,106.119,28.373,56.745,0.000,555.92,978.83,0.045,0.010
0.000000000,234.748,0.143,0.320,0.000,1.604,91.906,106.189,28.373,56.745,0.000,555.92,978.83,0.045,0.010
0.000000000,234.848,0.155,0.320,0.000,1.529,87.618,106.241,28.373,56.745,0.000,555.92,978.83,0.045,0.010
0.000000000,234.947,0.284,0.321,0.000,1.451,83.121,106.298,28.373,56.745,0.000,555.92,978.83,0.045,0.010
0.000000000,235.047,0.436,0.321,0.000,1.385,79.340,106.353,28.373,56.745,0.000,555.92,978.83,0.045,0.010
0.000000000,235.177,0.561,0.321,0.000,1.338,76.685,106.398,28.373,56.745,0.000,555.92,1031.00,0.000,0.009
0.000000000,235.247,0.680,0.321,0.000,1.299,74.425,106.445,28.373,56.745,0.000,555.92,1031.00,0.000,0.009
0.000000000,235.347,0.830,0.321,0.000,1.254,71.857,106.513,28.373,56.745,0.000,555.92,1031.00,0.000,0.009
0.000000000,235.447,0.906,0.321,0.000,1.233,70.639,106.553,28.373,56.745,0.000,555.92,1031.00,0.000,0.009
0.000000000,235.546,1.019,0.321,0.000,1.202,68.888,106.626,28.373,56.745,0.000,555.92,1031.00,0.000,0.009
0.000000000,235.674,1.073,0.321,0.000,1.188,68.071,106.669,28.373,56.745,0.000,555.92,1031.00,0.000,0.009
0.000000000,235.747,1.120,0.321,0.000,1.176,67.358,106.712,28.373,56.745,0.000,555.92,1031.00,0.000,0.009
0.000000000,235.846,1.187,0.321,0.000,1.158,66.345,106.790,28.373,56.745,0.000,555.92,1031.00,0.000,0.009
0.000000000,235.946,1.224,0.321,0.000,1.148,65.785,106.846,28.373,56.745,0.000,555.92,1031.00,0.000,0.009
0.000000000,236.046,1.260,0.321,0.000,1.139,65.276,106.914,28.373,56.745,0.000,555.92,1031.00,0.000,0.009
0.000000000,236.174,1.281,0.321,0.000,1.134,64.969,106.970,28.373,56.745,0.000,555.92,1055.85,0.000,0.008
0.000000000,236.247,1.297,0.321,0.000,1.131,64.778,107.026,28.373,56.745,0.000,555.92,1055.85,0.000,0.008
0.000000000,236.347,1.306,0.322,0.000,1.129,64.692,107.070,28.373,56.745,0.000,555.92,1055.85,0.000,0.008
0.000000000,236.445,1.313,0.322,0.000,1.129,64.702,107.136,28.373,56.745,0.000,555.92,1055.85,0.000,0.008
0.000000000,236.545,1.313,0.322,0.000,1.133,64.901,107.212,28.373,56.745,0.000,555.92,1055.85,0.000,0.008
0.000000000,236.646,1.311,0.322,0.000,1.135,65.035,107.244,28.373,56.745,0.000,555.92,1055.85,0.000,0.008
0.000000000,236.746,1.303,0.322,0.000,1.142,65.443,107.308,28.373,56.745,0.000,555.92,1055.85,0.000,0.008
0.000000000,236.845,1.291,0.322,0.000,1.152,65.980,107.370,28.373,56.745,0.000,555.92,1055.85,0.000,0.008
0.000000000,236.946,1.279,0.322,0.000,1.161,66.544,107.422,28.373,56.745,0.000,555.92,1055.85,0.000,0.008
0.000000000,237.045,1.264,0.322,0.000,1.173,67.220,107.472,28.373,56.745,0.000,555.92,1055.85,0.000,0.008
0.000000000,237.157,1.245,0.322,0.000,1.189,68.140,107.532,28.373,56.745,0.000,555.92,1052.56,0.000,0.008
0.000000000,237.245,1.231,0.322,0.000,1.202,68.842,107.571,28.373,56.745,0.000,555.92,1052.56,0.000,0.008
0.000000000,237.344,1.209,0.322,0.000,1.221,69.955,107.629,28.373,56.745,0.000,555.92,1052.56,0.000,0.008
0.000000000,237.444,1.186,0.322,0.000,1.242,71.177,107.686,28.373,56.745,0.000,555.92,1052.56,0.000,0.008
0.000000000,237.544,1.162,0.322,0.000,1.265,72.477,107.742,28.373,56.745,0.000,555.92,1052.56,0.000,0.008
0.000000000,237.644,1.129,0.323,0.000,1.297,74.298,107.816,28.373,56.745,0.000,555.92,1052.56,0.000,0.008
0.000000000,237.744,1.113,0.323,0.000,1.313,75.220,107.853,28.373,56.745,0.000,555.92,1052.56,0.000,0.008
0.000000000,237.845,1.101,0.323,0.000,1.325,75.929,107.880,28.373,56.745,0.000,555.92,1052.56,0.000,0.008
0.000000000,237.944,1.078,0.323,0.000,1.350,77.345,107.935,28.373,56.745,0.000,555.92,1052.56,0.000,0.008
0.000000000,238.047,1.064,0.323,0.000,1.367,78.303,107.972,28.373,56.745,0.000,555.92,1052.56,0.000,0.008
0.000000000,238.162,1.047,0.323,0.000,1.387,79.483,108.018,28.373,56.745,0.000,555.92,1050.67,0.000,0.007
0.000000000,238.243,1.028,0.323,0.000,1.412,80.894,108.073,28.373,56.745,0.000,555.92,1050.67,0.000,0.007
0.000000000,238.343,1.014,0.323,0.000,1.432,82.049,108.119,28.373,56.745,0.000,555.92,1050.67,0.000,0.007
0.000000000,238.444,1.001,0.323,0.000,1.452,83.178,108.167,28.373,56.745,0.000,555.92,1050.67,0.000,0.007
0.000000000,238.543,0.989,0.323,0.000,1.471,84.293,108.214,28.373,56.745,0.000,555.92,1050.67,0.000,0.007
0.000000000,238.643,0.975,0.323,0.000,1.498,85.807,108.282,28.373,56.745,0.000,555.92,1050.67,0.000,0.007
0.000000000,238.744,0.965,0.323,0.000,1.520,87.115,108.342,28.373,56.745,0.000,555.92,1050.67,0.000,0.007
0.000000000,238.843,0.959,0.323,0.000,1.536,87.999,108.383,28.373,56.745,0.000,555.92,1050.67,0.000,0.007
0.000000000,238.943,0.955,0.323,0.000,1.548,88.668,108.414,28.373,56.745,0.000,555.92,1050.67,0.000,0.007
0.000000000,239.043,0.949,0.323,0.000,1.567,89.786,108.467,28.373,56.745,0.000,555.92,1050.67,0.000,0.007
0.000000000,239.173,0.944,0.323,0.000,1.583,90.697,108.509,28.373,56.745,0.000,555.92,1054.00,0.000,0.006
0.000000000,239.242,0.941,0.323,0.000,1.595,91.386,108.541,28.373,56.745,0.000,555.92,1054.00,0.000,0.006
0.000000000,239.342,0.936,0.323,0.000,1.615,92.539,108.596,28.373,56.745,0.000,555.92,1054.00,0.000,0.006
0.000000000,239.442,0.934,0.323,0.000,1.643,94.156,108.676,28.373,56.745,0.000,555.92,1054.00,0.000,0.006
0.000000000,239.542,0.934,0.323,0.000,1.655,94.845,108.710,28.373,56.745,0.000,555.92,1054.00,0.000,0.006
0.000000000,239.643,0.937,0.323,0.000,1.675,95.985,108.768,28.373,56.745,0.000,555.92,1054.00,0.000,0.006
0.000000000,239.742,0.944,0.324,0.000,1.702,97.541,108.851,28.373,56.745,0.000,555.92,1054.00,0.000,0.006
0.000000000,239.842,0.953,0.324,0.000,1.721,98.615,108.912,28.373,56.745,0.000,555.92,1054.00,0.000,0.006
0.000000000,239.942,0.968,0.324,0.000,1.743,99.850,108.987,28.373,56.745,0.000,555.92,1054.00,0.000,0.006
0.000000000,240.042,0.982,0.324,0.000,1.760,100.834,109.051,28.373,56.745,0.000,555.92,1054.00,0.000,0.006
0.000000000,240.181,1.000,0.324,0.000,1.776,101.773,109.116,28.373,56.745,0.000,555.92,1054.02,0.000,0.006
0.000000000,240.242,1.020,0.324,0.000,1.792,102.661,109.182,28.373,56.745,0.000,555.92,1054.02,0.000,0.006
0.000000000,240.341,1.047,0.324,0.000,1.809,103.659,109.264,28.373,56.745,0.000,555.92,1054.02,0.000,0.006
0.000000000,240.459,1.071,0.324,0.000,1.823,104.437,109.333,28.373,56.745,0.000,555.92,1054.02,0.000,0.006
0.000000000,240.541,1.103,0.324,0.000,1.838,105.303,109.419,28.373,56.745,0.000,555.92,1054.02,0.000,0.006
0.000000000,240.641,1.139,0.325,0.000,1.854,106.230,109.520,28.373,56.745,0.000,555.92,1054.02,0.000,0.006
0.000000000,240.763,1.161,0.325,0.000,1.863,106.718,109.579,28.373,56.745,0.000,555.92,1054.02,0.000,0.006
0.000000000,240.841,1.194,0.325,0.000,1.874,107.396,109.670,28.373,56.745,0.000,555.92,1054.02,0.000,0.006
0.000000000,240.941,1.226,0.325,0.000,1.885,108.014,109.762,28.373,56.745,0.000,555.92,1054.02,0.000,0.006
0.000000000,241.073,1.251,0.325,0.000,1.893,108.489,109.840,28.373,56.745,0.000,555.92,1054.02,0.000,0.006
0.000000000,241.166,1.276,0.325,0.000,1.901,108.925,109.920,28.373,56.745,0.000,555.92,1054.71,0.000,0.005
0.000000000,241.240,1.303,0.326,0.000,1.910,109.416,110.016,28.373,56.745,0.000,555.92,1054.71,0.000,0.005
0.000000000,241.350,1.324,0.326,0.000,1.916,109.797,110.097,28.373,56.745,0.000,555.92,1054.71,0.000,0.005
0.000000000,241.440,1.347,0.326,0.000,1.924,110.223,110.197,28.373,56.745,0.000,555.92,1054.71,0.000,0.005
0.000000000,241.540,1.367,0.326,0.000,1.931,110.625,110.297,28.373,56.745,0.000,555.92,1054.71,0.000,0.005
0.000000000,241.641,1.383,0.326,0.000,1.936,110.949,110.381,28.373,56.745,0.000,555.92,1054.71,0.000,0.005
0.000000000,241.744,1.399,0.326,0.000,1.943,111.326,110.483,28.373,56.745,0.000,555.92,1054.71,0.000,0.005
0.000000000,241.840,1.412,0.327,0.000,1.950,111.710,110.585,28.373,56.745,0.000,555.92,1054.71,0.000,0.005
0.000000000,241.963,1.420,0.327,0.000,1.955,112.033,110.671,28.373,56.745,0.000,555.92,1054.71,0.000,0.005
0.000000000,242.040,1.427,0.327,0.000,1.961,112.360,110.757,28.373,56.745,0.000,555.92,1054.71,0.000,0.005
0.000000000,242.149,1.434,0.327,0.000,1.968,112.771,110.859,28.373,56.745,0.000,555.92,1054.88,0.000,0.005
0.000000000,242.240,1.438,0.327,0.000,1.975,113.138,110.946,28.373,56.745,0.000,555.92,1054.88,0.000,0.005
0.000000000,242.341,1.442,0.328,0.000,1.981,113.526,111.032,28.373,56.745,0.000,555.92,1054.88,0.000,0.005
0.000000000,242.440,1.445,0.328,0.000,1.990,114.029,111.134,28.373,56.745,0.000,555.92,1054.88,0.000,0.005
0.000000000,242.539,1.448,0.328,0.000,2.000,114.569,111.236,28.373,56.745,0.000,555.92,1054.88,0.000,0.005
0.000000000,242.639,1.450,0.328,0.000,2.008,115.047,111.321,28.373,56.745,0.000,555.92,1054.88,0.000,0.005
0.000000000,242.771,1.453,0.328,0.000,2.021,115.768,111.439,28.373,56.745,0.000,555.92,1054.88,0.000,0.005
0.000000000,242.839,1.454,0.328,0.000,2.030,116.318,111.524,28.373,56.745,0.000,555.92,1054.88,0.000,0.005
0.000000000,242.939,1.455,0.329,0.000,2.040,116.894,111.608,28.373,56.745,0.000,555.92,1054.88,0.000,0.005
0.000000000,243.039,1.455,0.329,0.000,2.051,117.498,111.691,28.373,56.745,0.000,555.92,1054.88,0.000,0.005
0.000000000,243.150,1.454,0.329,0.000,2.064,118.258,111.790,28.389,56.778,0.000,556.24,1052.06,0.016,0.006
0.000000000,243.259,1.453,0.329,0.000,2.076,118.920,111.872,28.389,56.778,0.000,556.24,1052.06,0.016,0.006
0.000000000,243.339,1.452,0.329,0.000,2.088,119.614,111.953,28.389,56.778,0.000,556.24,1052.06,0.016,0.006
0.000000000,243.438,1.451,0.329,0.000,2.098,120.191,112.018,28.389,56.778,0.000,556.24,1052.06,0.016,0.006
0.000000000,243.539,1.450,0.329,0.000,2.106,120.637,112.067,28.389,56.778,0.000,556.24,1052.06,0.016,0.006
0.000000000,243.638,1.449,0.330,0.000,2.119,121.403,112.147,28.389,56.778,0.000,556.24,1052.06,0.016,0.006
0.000000000,243.762,1.448,0.330,0.000,2.136,122.367,112.241,28.389,56.778,0.000,556.24,1052.06,0.016,0.006
0.000000000,243.839,1.448,0.330,0.000,2.153,123.375,112.336,28.389,56.778,0.000,556.24,1052.06,0.016,0.006
0.000000000,243.938,1.449,0.330,0.000,2.171,124.416,112.429,28.389,56.778,0.000,556.24,1052.06,0.016,0.006
0.000000000,244.038,1.452,0.330,0.000,2.190,125.478,112.523,28.389,56.778,0.000,556.24,1052.06,0.016,0.006
0.000000000,244.194,1.455,0.330,0.000,2.206,126.377,112.600,28.419,56.839,0.000,556.84,1051.98,0.031,0.008
0.000000000,244.238,1.459,0.331,0.000,2.228,127.664,112.708,28.419,56.839,0.000,556.84,1051.98,0.031,0.008
0.000000000,244.338,1.461,0.331,0.000,2.241,128.415,112.769,28.419,56.839,0.000,556.84,1051.98,0.031,0.008
0.000000000,244.438,1.464,0.331,0.000,2.258,129.371,112.846,28.419,56.839,0.000,556.84,1051.98,0.031,0.008
0.000000000,244.538,1.468,0.331,0.000,2.285,130.949,112.967,28.419,56.839,0.000,556.84,1051.98,0.031,0.008
0.000000000,244.642,1.471,0.331,0.000,2.303,131.967,113.043,28.419,56.839,0.000,556.84,1051.98,0.031,0.008
0.000000000,244.738,1.474,0.331,0.000,2.321,133.012,113.118,28.419,56.839,0.000,556.84,1051.98,0.031,0.008
0.000000000,244.840,1.477,0.332,0.000,2.344,134.296,113.209,28.419,56.839,0.000,556.84,1051.98,0.031,0.008
0.000000000,244.937,1.480,0.332,0.000,2.363,135.394,113.283,28.419,56.839,0.000,556.84,1051.98,0.031,0.008
0.000000000,245.037,1.482,0.332,0.000,2.394,137.190,113.402,28.419,56.839,0.000,556.84,1051.98,0.031,0.008
0.000000000,245.185,1.483,0.332,0.000,2.414,138.340,113.475,28.493,56.986,0.000,558.28,1052.50,0.074,0.015
0.000000000,245.238,1.483,0.332,0.000,2.439,139.753,113.563,28.493,56.986,0.000,558.28,1052.50,0.074,0.015
0.000000000,245.338,1.482,0.332,0.000,2.460,140.959,113.636,28.493,56.986,0.000,558.28,1052.50,0.074,0.015
0.000000000,245.459,1.481,0.332,0.000,2.486,142.449,113.722,28.493,56.986,0.000,558.28,1052.50,0.074,0.015
0.000000000,245.537,1.479,0.333,0.000,2.513,143.986,113.808,28.493,56.986,0.000,558.28,1052.50,0.074,0.015
0.000000000,245.637,1.477,0.333,0.000,2.536,145.296,113.878,28.493,56.986,0.000,558.28,1052.50,0.074,0.015
0.000000000,245.737,1.473,0.333,0.000,2.564,146.893,113.963,28.493,56.986,0.000,558.28,1052.50,0.074,0.015
0.000000000,245.837,1.470,0.333,0.000,2.592,148.496,114.046,28.493,56.986,0.000,558.28,1052.50,0.074,0.015
0.000000000,245.937,1.466,0.333,0.000,2.615,149.817,114.115,28.493,56.986,0.000,558.28,1052.50,0.074,0.015
0.000000000,246.036,1.462,0.333,0.000,2.642,151.364,114.197,28.493,56.986,0.000,558.28,1052.50,0.074,0.015
0.000000000,246.184,1.458,0.333,0.000,2.663,152.604,114.265,28.575,57.149,0.000,559.88,1057.18,0.082,0.021
0.000000000,246.236,1.455,0.333,0.000,2.684,153.788,114.332,28.575,57.149,0.000,559.88,1057.18,0.082,0.021
0.000000000,246.356,1.449,0.334,0.000,2.711,155.334,114.425,28.575,57.149,0.000,559.88,1057.18,0.082,0.021
0.000000000,246.437,1.445,0.334,0.000,2.729,156.343,114.491,28.575,57.149,0.000,559.88,1057.18,0.082,0.021
0.000000000,246.536,1.441,0.334,0.000,2.745,157.256,114.557,28.575,57.149,0.000,559.88,1057.18,0.082,0.021
0.000000000,246.636,1.436,0.334,0.000,2.762,158.236,114.635,28.575,57.149,0.000,559.88,1057.18,0.082,0.021
0.000000000,246.736,1.430,0.334,0.000,2.777,159.104,114.712,28.575,57.149,0.000,559.88,1057.18,0.082,0.021
0.000000000,246.855,1.426,0.334,0.000,2.788,159.768,114.775,28.575,57.149,0.000,559.88,1057.18,0.082,0.021
0.000000000,246.936,1.420,0.334,0.000,2.802,160.524,114.851,28.575,57.149,0.000,559.88,1057.18,0.082,0.021
0.000000000,247.036,1.415,0.334,0.000,2.815,161.267,114.927,28.575,57.149,0.000,559.88,1057.18,0.082,0.021
0.000000000,247.156,1.410,0.334,0.000,2.828,162.033,115.001,28.650,57.300,0.000,561.36,1058.22,0.076,0.027
0.000000000,247.236,1.408,0.335,0.000,2.837,162.573,115.051,28.650,57.300,0.000,561.36,1058.22,0.076,0.027
0.000000000,247.336,1.405,0.335,0.000,2.855,163.598,115.137,28.650,57.300,0.000,561.36,1058.22,0.076,0.027
0.000000000,247.435,1.402,0.335,0.000,2.872,164.581,115.210,28.650,57.300,0.000,561.36,1058.22,0.076,0.027
0.000000000,247.554,1.401,0.335,0.000,2.888,165.487,115.271,28.650,57.300,0.000,561.36,1058.22,0.076,0.027
0.000000000,247.635,1.400,0.335,0.000,2.909,166.687,115.344,28.650,57.300,0.000,561.36,1058.22,0.076,0.027
0.000000000,247.736,1.399,0.335,0.000,2.933,168.030,115.416,28.650,57.300,0.000,561.36,1058.22,0.076,0.027
0.000000000,247.849,1.398,0.335,0.000,2.954,169.265,115.476,28.650,57.300,0.000,561.36,1058.22,0.076,0.027
0.000000000,247.935,1.397,0.335,0.000,2.973,170.330,115.524,28.650,57.300,0.000,561.36,1058.22,0.076,0.027
0.000000000,248.038,1.394,0.335,0.000,3.003,172.063,115.596,28.650,57.300,0.000,561.36,1058.22,0.076,0.027
0.000000000,248.152,1.389,0.335,0.000,3.042,174.291,115.679,28.816,57.631,0.000,564.60,1063.98,0.165,0.041
0.000000000,248.235,1.386,0.336,0.000,3.066,175.664,115.726,28.816,57.631,0.000,564.60,1063.98,0.165,0.041
0.000000000,248.335,1.380,0.336,0.000,3.111,178.244,115.809,28.816,57.631,0.000,564.60,1063.98,0.165,0.041
0.000000000,248.435,1.375,0.336,0.000,-3.131,-179.379,115.879,28.816,57.631,0.000,564.60,1063.98,0.165,0.041
0.000000000,248.535,1.369,0.336,0.000,-3.094,-177.292,115.936,28.816,57.631,0.000,564.60,1063.98,0.165,0.041
0.000000000,248.635,1.363,0.336,0.000,-3.049,-174.680,116.005,28.816,57.631,0.000,564.60,1063.98,0.165,0.041
0.000000000,248.765,1.354,0.336,0.000,-2.994,-171.526,116.084,28.816,57.631,0.000,564.60,1063.98,0.165,0.041
0.000000000,248.835,1.346,0.336,0.000,-2.954,-169.229,116.141,28.816,57.631,0.000,564.60,1063.98,0.165,0.041
0.000000000,248.935,1.336,0.336,0.000,-2.905,-166.455,116.208,28.816,57.631,0.000,564.60,1063.98,0.165,0.041
0.000000000,249.035,1.324,0.336,0.000,-2.857,-163.687,116.274,28.816,57.631,0.000,564.60,1063.98,0.165,0.041
0.000000000,249.151,1.313,0.336,0.000,-2.817,-161.398,116.328,28.822,57.643,0.000,564.72,1064.73,0.006,0.037
0.000000000,249.234,1.298,0.336,0.000,-2.770,-158.692,116.393,28.822,57.643,0.000,564.72,1064.73,0.006,0.037
0.000000000,249.334,1.281,0.337,0.000,-2.724,-156.050,116.456,28.822,57.643,0.000,564.72,1064.73,0.006,0.037
0.000000000,249.434,1.259,0.337,0.000,-2.672,-153.069,116.530,28.822,57.643,0.000,564.72,1064.73,0.006,0.037
0.000000000,249.534,1.238,0.337,0.000,-2.629,-150.611,116.591,28.822,57.643,0.000,564.72,1064.73,0.006,0.037
0.000000000,249.635,1.223,0.337,0.000,-2.601,-149.022,116.631,28.822,57.643,0.000,564.72,1064.73,0.006,0.037
0.000000000,249.735,1.196,0.337,0.000,-2.554,-146.325,116.701,28.822,57.643,0.000,564.72,1064.73,0.006,0.037
0.000000000,249.834,1.178,0.337,0.000,-2.521,-144.451,116.749,28.822,57.643,0.000,564.72,1064.73,0.006,0.037
0.000000000,249.934,1.156,0.337,0.000,-2.483,-142.246,116.807,28.822,57.643,0.000,564.72,1064.73,0.006,0.037
0.000000000,250.034,1.136,0.337,0.000,-2.445,-140.076,116.863,28.822,57.643,0.000,564.72,1064.73,0.006,0.037
0.000000000,250.151,1.120,0.337,0.000,-2.414,-138.289,116.909,28.934,57.868,0.000,566.92,1068.94,0.112,0.045
0.000000000,250.234,1.104,0.337,0.000,-2.377,-136.165,116.963,28.934,57.868,0.000,566.92,1068.94,0.112,0.045
0.000000000,250.333,1.094,0.337,0.000,-2.352,-134.762,116.999,28.934,57.868,0.000,566.92,1068.94,0.112,0.045
0.000000000,250.434,1.079,0.337,0.000,-2.304,-131.987,117.069,28.934,57.868,0.000,566.92,1068.94,0.112,0.045
0.000000000,250.533,1.070,0.337,0.000,-2.268,-129.938,117.122,28.934,57.868,0.000,566.92,1068.94,0.112,0.045
0.000000000,250.633,1.063,0.337,0.000,-2.233,-127.925,117.175,28.934,57.868,0.000,566.92,1068.94,0.112,0.045
0.000000000,250.733,1.058,0.337,0.000,-2.204,-126.289,117.219,28.934,57.868,0.000,566.92,1068.94,0.112,0.045
0.000000000,250.833,1.051,0.337,0.000,-2.165,-124.074,117.280,28.934,57.868,0.000,566.92,1068.94,0.112,0.045
0.000000000,250.942,1.046,0.338,0.000,-2.139,-122.560,117.324,28.934,57.868,0.000,566.92,1068.94,0.112,0.045
0.000000000,251.033,1.038,0.338,0.000,-2.109,-120.834,117.376,28.934,57.868,0.000,566.92,1068.94,0.112,0.045
0.000000000,251.190,1.030,0.338,0.000,-2.081,-119.222,117.428,29.148,58.297,0.000,571.12,1073.90,0.215,0.062
0.000000000,251.233,1.023,0.338,0.000,-2.059,-117.971,117.472,29.148,58.297,0.000,571.12,1073.90,0.215,0.062
0.000000000,251.333,1.014,0.338,0.000,-2.039,-116.814,117.515,29.148,58.297,0.000,571.12,1073.90,0.215,0.062
0.000000000,251.433,1.003,0.338,0.000,-2.017,-115.557,117.566,29.148,58.297,0.000,571.12,1073.90,0.215,0.062
0.000000000,251.533,0.988,0.338,0.000,-1.995,-114.278,117.626,29.148,58.297,0.000,571.12,1073.90,0.215,0.062
0.000000000,251.633,0.975,0.338,0.000,-1.978,-113.349,117.676,29.148,58.297,0.000,571.12,1073.90,0.215,0.062
0.000000000,251.734,0.960,0.338,0.000,-1.965,-112.579,117.725,29.148,58.297,0.000,571.12,1073.90,0.215,0.062
0.000000000,251.833,0.948,0.338,0.000,-1.956,-112.060,117.766,29.148,58.297,0.000,571.12,1073.90,0.215,0.062
0.000000000,251.933,0.934,0.338,0.000,-1.949,-111.654,117.806,29.148,58.297,0.000,571.12,1073.90,0.215,0.062
0.000000000,252.033,0.918,0.338,0.000,-1.943,-111.319,117.854,29.148,58.297,0.000,571.12,1073.90,0.215,0.062
0.000000000,252.191,0.901,0.338,0.000,-1.940,-111.150,117.900,29.391,58.782,0.000,575.88,1080.38,0.243,0.080
0.000000000,252.233,0.884,0.338,0.000,-1.940,-111.148,117.946,29.391,58.782,0.000,575.88,1080.38,0.243,0.080
0.000000000,252.332,0.867,0.338,0.000,-1.943,-111.317,117.991,29.391,58.782,0.000,575.88,1080.38,0.243,0.080
0.000000000,252.433,0.853,0.338,0.000,-1.948,-111.586,118.028,29.391,58.782,0.000,575.88,1080.38,0.243,0.080
0.000000000,252.532,0.842,0.338,0.000,-1.953,-111.887,118.057,29.391,58.782,0.000,575.88,1080.38,0.243,0.080
0.000000000,252.664,0.825,0.338,0.000,-1.963,-112.483,118.100,29.391,58.782,0.000,575.88,1080.38,0.243,0.080
0.000000000,252.732,0.817,0.338,0.000,-1.970,-112.845,118.121,29.391,58.782,0.000,575.88,1080.38,0.243,0.080
0.000000000,252.833,0.804,0.338,0.000,-1.982,-113.552,118.156,29.391,58.782,0.000,575.88,1080.38,0.243,0.080
0.000000000,252.932,0.793,0.338,0.000,-1.993,-114.210,118.183,29.391,58.782,0.000,575.88,1080.38,0.243,0.080
0.000000000,253.032,0.774,0.338,0.000,-2.017,-115.569,118.229,29.391,58.782,0.000,575.88,1080.38,0.243,0.080
0.000000000,253.188,0.756,0.338,0.000,-2.041,-116.948,118.267,29.440,58.880,0.000,576.84,1082.40,0.049,0.077
0.000000000,253.232,0.741,0.338,0.000,-2.064,-118.251,118.298,29.440,58.880,0.000,576.84,1082.40,0.049,0.077
0.000000000,253.363,0.721,0.338,0.000,-2.094,-120.000,118.334,29.440,58.880,0.000,576.84,1082.40,0.049,0.077
0.000000000,253.432,0.703,0.338,0.000,-2.122,-121.610,118.362,29.440,58.880,0.000,576.84,1082.40,0.049,0.077
0.000000000,253.532,0.671,0.338,0.000,-2.172,-124.465,118.405,29.440,58.880,0.000,576.84,1082.40,0.049,0.077
0.000000000,253.632,0.645,0.338,0.000,-2.213,-126.821,118.436,29.440,58.880,0.000,576.84,1082.40,0.049,0.077
0.000000000,253.743,0.622,0.338,0.000,-2.250,-128.916,118.460,29.440,58.880,0.000,576.84,1082.40,0.049,0.077
0.000000000,253.833,0.600,0.338,0.000,-2.289,-131.128,118.482,29.440,58.880,0.000,576.84,1082.40,0.049,0.077
0.000000000,253.931,0.568,0.338,0.000,-2.346,-134.419,118.512,29.440,58.880,0.000,576.84,1082.40,0.049,0.077
0.000000000,254.063,0.543,0.338,0.000,-2.398,-137.420,118.536,29.440,58.880,0.000,576.84,1082.40,0.049,0.077
0.000000000,254.153,0.524,0.338,0.000,-2.444,-140.051,118.554,29.501,59.003,0.000,578.04,1081.42,0.061,0.075
0.000000000,254.271,0.503,0.338,0.000,-2.502,-143.360,118.574,29.501,59.003,0.000,578.04,1081.42,0.061,0.075
0.000000000,254.332,0.486,0.338,0.000,-2.563,-146.822,118.593,29.501,59.003,0.000,578.04,1081.42,0.061,0.075
0.000000000,254.431,0.474,0.338,0.000,-2.636,-151.038,118.614,29.501,59.003,0.000,578.04,1081.42,0.061,0.075
0.000000000,254.531,0.469,0.338,0.000,-2.701,-154.782,118.631,29.501,59.003,0.000,578.04,1081.42,0.061,0.075
0.000000000,254.631,0.472,0.338,0.000,-2.780,-159.281,118.651,29.501,59.003,0.000,578.04,1081.42,0.061,0.075
0.000000000,254.740,0.477,0.338,0.000,-2.826,-161.909,118.663,29.501,59.003,0.000,578.04,1081.42,0.061,0.075
0.000000000,254.831,0.491,0.338,0.000,-2.896,-165.913,118.681,29.501,59.003,0.000,578.04,1081.42,0.061,0.075
0.000000000,254.934,0.511,0.338,0.000,-2.967,-169.977,118.700,29.501,59.003,0.000,578.04,1081.42,0.061,0.075
0.000000000,255.031,0.537,0.338,0.000,-3.038,-174.089,118.722,29.501,59.003,0.000,578.04,1081.42,0.061,0.075
0.000000000,255.188,0.568,0.338,0.000,-3.111,-178.235,118.745,29.501,59.003,0.000,578.04,1081.34,0.000,0.068
0.000000000,255.231,0.598,0.338,0.000,3.112,178.294,118.767,29.501,59.003,0.000,578.04,1081.34,0.000,0.068
0.000000000,255.332,0.643,0.337,0.000,3.027,173.416,118.800,29.501,59.003,0.000,578.04,1081.34,0.000,0.068
0.000000000,255.431,0.684,0.338,0.000,2.954,169.239,118.831,29.501,59.003,0.000,578.04,1081.34,0.000,0.068
0.000000000,255.531,0.734,0.338,0.000,2.869,164.383,118.870,29.501,59.003,0.000,578.04,1081.34,0.000,0.068
0.000000000,255.631,0.778,0.338,0.000,2.797,160.250,118.907,29.501,59.003,0.000,578.04,1081.34,0.000,0.068
0.000000000,255.731,0.821,0.338,0.000,2.725,156.155,118.946,29.501,59.003,0.000,578.04,1081.34,0.000,0.068
0.000000000,255.830,0.863,0.338,0.000,2.655,152.118,118.987,29.501,59.003,0.000,578.04,1081.34,0.000,0.068
0.000000000,255.930,0.896,0.338,0.000,2.597,148.808,119.024,29.501,59.003,0.000,578.04,1081.34,0.000,0.068
0.000000000,256.030,0.933,0.338,0.000,2.529,144.915,119.069,29.501,59.003,0.000,578.04,1081.34,0.000,0.068
0.000000000,256.155,0.967,0.338,0.000,2.463,141.121,119.116,29.501,59.003,0.000,578.04,1081.62,0.000,0.061
0.000000000,256.241,0.991,0.338,0.000,2.409,138.031,119.157,29.501,59.003,0.000,578.04,1081.62,0.000,0.061
0.000000000,256.330,1.013,0.338,0.000,2.356,135.017,119.198,29.501,59.003,0.000,578.04,1081.62,0.000,0.061
0.000000000,256.430,1.031,0.338,0.000,2.305,132.083,119.241,29.501,59.003,0.000,578.04,1081.62,0.000,0.061
0.000000000,256.530,1.049,0.338,0.000,2.246,128.671,119.292,29.501,59.003,0.000,578.04,1081.62,0.000,0.061
0.000000000,256.630,1.061,0.338,0.000,2.188,125.385,119.345,29.501,59.003,0.000,578.04,1081.62,0.000,0.061
0.000000000,256.730,1.070,0.338,0.000,2.124,121.717,119.406,29.501,59.003,0.000,578.04,1081.62,0.000,0.061
0.000000000,256.830,1.073,0.338,0.000,2.081,119.208,119.449,29.501,59.003,0.000,578.04,1081.62,0.000,0.061
0.000000000,256.930,1.073,0.338,0.000,2.030,116.326,119.501,29.501,59.003,0.000,578.04,1081.62,0.000,0.061
0.000000000,257.032,1.069,0.338,0.000,1.990,114.032,119.544,29.501,59.003,0.000,578.04,1081.62,0.000,0.061
0.000000000,257.181,1.065,0.338,0.000,1.959,112.268,119.578,29.785,59.570,0.000,583.60,1088.40,0.284,0.083
0.000000000,257.231,1.059,0.338,0.000,1.930,110.569,119.612,29.785,59.570,0.000,583.60,1088.40,0.284,0.083
0.000000000,257.330,1.051,0.338,0.000,1.894,108.538,119.653,29.785,59.570,0.000,583.60,1088.40,0.284,0.083
0.000000000,257.430,1.043,0.338,0.000,1.867,106.989,119.686,29.785,59.570,0.000,583.60,1088.40,0.284,0.083
0.000000000,257.530,1.026,0.338,0.000,1.823,104.455,119.743,29.785,59.570,0.000,583.60,1088.40,0.284,0.083
0.000000000,257.635,1.013,0.338,0.000,1.794,102.786,119.782,29.785,59.570,0.000,583.60,1088.40,0.284,0.083
0.000000000,257.731,0.996,0.338,0.000,1.762,100.938,119.828,29.785,59.570,0.000,583.60,1088.40,0.284,0.083
0.000000000,257.830,0.980,0.338,0.000,1.737,99.520,119.865,29.785,59.570,0.000,583.60,1088.40,0.284,0.083
0.000000000,257.930,0.961,0.338,0.000,1.710,97.957,119.909,29.785,59.570,0.000,583.60,1088.40,0.284,0.083
0.000000000,258.030,0.942,0.338,0.000,1.685,96.533,119.951,29.785,59.570,0.000,583.60,1088.40,0.284,0.083
0.000000000,258.176,0.926,0.338,0.000,1.666,95.443,119.986,30.022,60.044,0.000,588.24,1094.66,0.237,0.099
0.000000000,258.230,0.904,0.338,0.000,1.642,94.054,120.033,30.022,60.044,0.000,588.24,1094.66,0.237,0.099
0.000000000,258.330,0.887,0.338,0.000,1.623,92.979,120.071,30.022,60.044,0.000,588.24,1094.66,0.237,0.099
0.000000000,258.430,0.873,0.338,0.000,1.608,92.156,120.103,30.022,60.044,0.000,588.24,1094.66,0.237,0.099
0.000000000,258.529,0.860,0.338,0.000,1.595,91.393,120.134,30.022,60.044,0.000,588.24,1094.66,0.237,0.099
0.000000000,258.629,0.848,0.338,0.000,1.583,90.693,120.164,30.022,60.044,0.000,588.24,1094.66,0.237,0.099
0.000000000,258.729,0.838,0.338,0.000,1.572,90.056,120.194,30.022,60.044,0.000,588.24,1094.66,0.237,0.099
0.000000000,258.829,0.826,0.338,0.000,1.560,89.383,120.229,30.022,60.044,0.000,588.24,1094.66,0.237,0.099
0.000000000,258.930,0.818,0.338,0.000,1.552,88.907,120.257,30.022,60.044,0.000,588.24,1094.66,0.237,0.099
0.000000000,259.029,0.809,0.338,0.000,1.543,88.379,120.296,30.022,60.044,0.000,588.24,1094.66,0.237,0.099
0.000000000,259.181,0.805,0.338,0.000,1.539,88.160,120.318,30.079,60.158,0.000,589.36,1099.14,0.057,0.094
0.000000000,259.229,0.800,0.338,0.000,1.535,87.926,120.356,30.079,60.158,0.000,589.36,1099.14,0.057,0.094
0.000000000,259.329,0.798,0.338,0.000,1.534,87.876,120.382,30.079,60.158,0.000,589.36,1099.14,0.057,0.094
0.000000000,259.429,0.798,0.338,0.000,1.535,87.922,120.409,30.079,60.158,0.000,589.36,1099.14,0.057,0.094
0.000000000,259.529,0.801,0.338,0.000,1.537,88.088,120.441,30.079,60.158,0.000,589.36,1099.14,0.057,0.094
0.000000000,259.629,0.808,0.338,0.000,1.543,88.429,120.479,30.079,60.158,0.000,589.36,1099.14,0.057,0.094
0.000000000,259.729,0.814,0.338,0.000,1.548,88.690,120.501,30.079,60.158,0.000,589.36,1099.14,0.057,0.094
0.000000000,259.829,0.824,0.338,0.000,1.555,89.071,120.529,30.079,60.158,0.000,589.36,1099.14,0.057,0.094
0.000000000,259.942,0.840,0.338,0.000,1.565,89.695,120.569,30.079,60.158,0.000,589.36,1099.14,0.057,0.094
0.000000000,260.029,0.856,0.338,0.000,1.576,90.288,120.604,30.079,60.158,0.000,589.36,1099.14,0.057,0.094
0.000000000,260.153,0.872,0.338,0.000,1.585,90.813,120.634,30.112,60.224,0.000,590.00,1108.00,0.033,0.088
0.000000000,260.229,0.886,0.338,0.000,1.593,91.249,120.659,30.112,60.224,0.000,590.00,1108.00,0.033,0.088
0.000000000,260.329,0.912,0.338,0.000,1.606,92.042,120.703,30.112,60.224,0.000,590.00,1108.00,0.033,0.088
0.000000000,260.431,0.946,0.338,0.000,1.623,92.982,120.758,30.112,60.224,0.000,590.00,1108.00,0.033,0.088
0.000000000,260.530,0.969,0.338,0.000,1.633,93.578,120.792,30.112,60.224,0.000,590.00,1108.00,0.033,0.088
0.000000000,260.629,0.992,0.338,0.000,1.644,94.170,120.827,30.112,60.224,0.000,590.00,1108.00,0.033,0.088
0.000000000,260.764,1.021,0.338,0.000,1.656,94.865,120.870,30.112,60.224,0.000,590.00,1108.00,0.033,0.088
0.000000000,260.829,1.040,0.338,0.000,1.663,95.308,120.899,30.112,60.224,0.000,590.00,1108.00,0.033,0.088
0.000000000,260.928,1.076,0.338,0.000,1.676,96.034,120.952,30.112,60.224,0.000,590.00,1108.00,0.033,0.088
0.000000000,261.032,1.106,0.338,0.000,1.686,96.606,121.001,30.112,60.224,0.000,590.00,1108.00,0.033,0.088
0.000000000,261.154,1.137,0.338,0.000,1.695,97.142,121.051,30.161,60.322,0.000,590.96,1108.01,0.049,0.084
0.000000000,261.228,1.168,0.338,0.000,1.704,97.653,121.103,30.161,60.322,0.000,590.96,1108.01,0.049,0.084
0.000000000,261.328,1.202,0.338,0.000,1.714,98.224,121.166,30.161,60.322,0.000,590.96,1108.01,0.049,0.084
0.000000000,261.428,1.230,0.339,0.000,1.723,98.699,121.221,30.161,60.322,0.000,590.96,1108.01,0.049,0.084
0.000000000,261.528,1.240,0.338,0.000,1.725,98.856,121.240,30.161,60.322,0.000,590.96,1108.01,0.049,0.084
0.000000000,261.628,1.266,0.339,0.000,1.733,99.312,121.297,30.161,60.322,0.000,590.96,1108.01,0.049,0.084
0.000000000,261.728,1.283,0.339,0.000,1.738,99.600,121.336,30.161,60.322,0.000,590.96,1108.01,0.049,0.084
0.000000000,261.828,1.299,0.339,0.000,1.743,99.872,121.375,30.161,60.322,0.000,590.96,1108.01,0.049,0.084
0.000000000,261.928,1.321,0.339,0.000,1.750,100.257,121.435,30.161,60.322,0.000,590.96,1108.01,0.049,0.084
0.000000000,262.028,1.342,0.339,0.000,1.756,100.605,121.496,30.161,60.322,0.000,590.96,1108.01,0.049,0.084
0.000000000,262.171,1.358,0.339,0.000,1.760,100.859,121.546,30.251,60.501,0.000,592.72,1111.37,0.089,0.085
0.000000000,262.228,1.373,0.339,0.000,1.764,101.074,121.598,30.251,60.501,0.000,592.72,1111.37,0.089,0.085
0.000000000,262.340,1.389,0.339,0.000,1.768,101.275,121.661,30.251,60.501,0.000,592.72,1111.37,0.089,0.085
0.000000000,262.428,1.403,0.339,0.000,1.770,101.412,121.724,30.251,60.501,0.000,592.72,1111.37,0.089,0.085
0.000000000,262.528,1.417,0.339,0.000,1.771,101.495,121.799,30.251,60.501,0.000,592.72,1111.37,0.089,0.085
0.000000000,262.628,1.423,0.339,0.000,1.772,101.507,121.842,30.251,60.501,0.000,592.72,1111.37,0.089,0.085
0.000000000,262.728,1.432,0.339,0.000,1.771,101.480,121.918,30.251,60.501,0.000,592.72,1111.37,0.089,0.085
0.000000000,262.828,1.437,0.339,0.000,1.770,101.419,121.983,30.251,60.501,0.000,592.72,1111.37,0.089,0.085
0.000000000,262.928,1.441,0.339,0.000,1.768,101.297,122.068,30.251,60.501,0.000,592.72,1111.37,0.089,0.085
0.000000000,263.033,1.441,0.339,0.000,1.767,101.226,122.111,30.251,60.501,0.000,592.72,1111.37,0.089,0.085
0.000000000,263.144,1.441,0.340,0.000,1.764,101.094,122.186,30.292,60.583,0.000,593.52,1112.66,0.041,0.080
0.000000000,263.227,1.439,0.340,0.000,1.763,100.999,122.239,30.292,60.583,0.000,593.52,1112.66,0.041,0.080
0.000000000,263.327,1.437,0.340,0.000,1.761,100.893,122.302,30.292,60.583,0.000,593.52,1112.66,0.041,0.080
0.000000000,263.427,1.434,0.340,0.000,1.759,100.798,122.365,30.292,60.583,0.000,593.52,1112.66,0.041,0.080
0.000000000,263.527,1.431,0.340,0.000,1.758,100.727,122.417,30.292,60.583,0.000,593.52,1112.66,0.041,0.080
0.000000000,263.627,1.428,0.340,0.000,1.757,100.660,122.469,30.292,60.583,0.000,593.52,1112.66,0.041,0.080
0.000000000,263.735,1.425,0.340,0.000,1.755,100.571,122.532,30.292,60.583,0.000,593.52,1112.66,0.041,0.080
0.000000000,263.827,1.422,0.340,0.000,1.754,100.483,122.583,30.292,60.583,0.000,593.52,1112.66,0.041,0.080
0.000000000,263.927,1.419,0.340,0.000,1.751,100.337,122.655,30.292,60.583,0.000,593.52,1112.66,0.041,0.080
0.000000000,264.028,1.416,0.340,0.000,1.749,100.183,122.717,30.292,60.583,0.000,593.52,1112.66,0.041,0.080
0.000000000,264.159,1.412,0.340,0.000,1.745,99.973,122.788,30.434,60.869,0.000,596.32,1115.91,0.143,0.087
0.000000000,264.227,1.409,0.340,0.000,1.742,99.806,122.839,30.434,60.869,0.000,596.32,1115.91,0.143,0.087
0.000000000,264.328,1.405,0.340,0.000,1.738,99.591,122.900,30.434,60.869,0.000,596.32,1115.91,0.143,0.087
0.000000000,264.427,1.402,0.341,0.000,1.735,99.404,122.950,30.434,60.869,0.000,596.32,1115.91,0.143,0.087
0.000000000,264.545,1.399,0.341,0.000,1.732,99.251,122.991,30.434,60.869,0.000,596.32,1115.91,0.143,0.087
0.000000000,264.627,1.393,0.341,0.000,1.727,98.938,123.071,30.434,60.869,0.000,596.32,1115.91,0.143,0.087
0.000000000,264.728,1.390,0.341,0.000,1.723,98.740,123.121,30.434,60.869,0.000,596.32,1115.91,0.143,0.087
0.000000000,264.827,1.388,0.341,0.000,1.720,98.541,123.171,30.434,60.869,0.000,596.32,1115.91,0.143,0.087
0.000000000,264.927,1.386,0.341,0.000,1.716,98.305,123.231,30.434,60.869,0.000,596.32,1115.91,0.143,0.087
0.000000000,265.027,1.384,0.341,0.000,1.711,98.032,123.301,30.434,60.869,0.000,596.32,1115.91,0.143,0.087
0.000000000,265.168,1.383,0.341,0.000,1.708,97.877,123.340,30.545,61.089,0.000,598.48,1117.22,0.109,0.089
0.000000000,265.227,1.382,0.341,0.000,1.704,97.607,123.410,30.545,61.089,0.000,598.48,1117.22,0.109,0.089
0.000000000,265.343,1.381,0.341,0.000,1.700,97.377,123.469,30.545,61.089,0.000,598.48,1117.22,0.109,0.089
0.000000000,265.429,1.380,0.341,0.000,1.696,97.183,123.518,30.545,61.089,0.000,598.48,1117.22,0.109,0.089
0.000000000,265.531,1.380,0.341,0.000,1.692,96.918,123.587,30.545,61.089,0.000,598.48,1117.22,0.109,0.089
0.000000000,265.627,1.379,0.341,0.000,1.688,96.731,123.636,30.545,61.089,0.000,598.48,1117.22,0.109,0.089
0.000000000,265.726,1.379,0.341,0.000,1.683,96.444,123.714,30.545,61.089,0.000,598.48,1117.22,0.109,0.089
0.000000000,265.827,1.378,0.341,0.000,1.680,96.275,123.763,30.545,61.089,0.000,598.48,1117.22,0.109,0.089
0.000000000,265.929,1.377,0.341,0.000,1.678,96.117,123.812,30.545,61.089,0.000,598.48,1117.22,0.109,0.089
0.000000000,266.066,1.376,0.341,0.000,1.675,95.998,123.851,30.545,61.089,0.000,598.48,1117.22,0.109,0.089
0.000000000,266.182,1.376,0.341,0.000,1.674,95.911,123.881,30.651,61.302,0.000,600.56,1119.99,0.108,0.091
0.000000000,266.226,1.375,0.342,0.000,1.672,95.772,123.930,30.651,61.302,0.000,600.56,1119.99,0.108,0.091
0.000000000,266.349,1.374,0.342,0.000,1.669,95.637,123.979,30.651,61.302,0.000,600.56,1119.99,0.108,0.091
0.000000000,266.426,1.374,0.342,0.000,1.667,95.530,124.019,30.651,61.302,0.000,600.56,1119.99,0.108,0.091
0.000000000,266.526,1.374,0.342,0.000,1.664,95.344,124.088,30.651,61.302,0.000,600.56,1119.99,0.108,0.091
0.000000000,266.626,1.375,0.342,0.000,1.662,95.239,124.127,30.651,61.302,0.000,600.56,1119.99,0.108,0.091
0.000000000,266.726,1.376,0.342,0.000,1.660,95.111,124.177,30.651,61.302,0.000,600.56,1119.99,0.108,0.091
0.000000000,266.827,1.377,0.342,0.000,1.657,94.915,124.256,30.651,61.302,0.000,600.56,1119.99,0.108,0.091
0.000000000,266.926,1.377,0.342,0.000,1.655,94.821,124.296,30.651,61.302,0.000,600.56,1119.99,0.108,0.091
0.000000000,267.026,1.378,0.342,0.000,1.653,94.689,124.356,30.651,61.302,0.000,600.56,1119.99,0.108,0.091
0.000000000,267.186,1.378,0.342,0.000,1.650,94.564,124.416,30.724,61.449,0.000,602.00,1120.67,0.073,0.089
0.000000000,267.226,1.379,0.342,0.000,1.648,94.449,124.476,30.724,61.449,0.000,602.00,1120.67,0.073,0.089
0.000000000,267.326,1.379,0.342,0.000,1.647,94.361,124.526,30.724,61.449,0.000,602.00,1120.67,0.073,0.089
0.000000000,267.427,1.378,0.342,0.000,1.645,94.237,124.606,30.724,61.449,0.000,602.00,1120.67,0.073,0.089
0.000000000,267.526,1.377,0.342,0.000,1.644,94.171,124.656,30.724,61.449,0.000,602.00,1120.67,0.073,0.089
0.000000000,267.626,1.376,0.342,0.000,1.642,94.098,124.716,30.724,61.449,0.000,602.00,1120.67,0.073,0.089
0.000000000,267.729,1.374,0.342,0.000,1.641,94.041,124.766,30.724,61.449,0.000,602.00,1120.67,0.073,0.089
0.000000000,267.826,1.372,0.342,0.000,1.640,93.988,124.815,30.724,61.449,0.000,602.00,1120.67,0.073,0.089
0.000000000,267.926,1.366,0.343,0.000,1.639,93.906,124.894,30.724,61.449,0.000,602.00,1120.67,0.073,0.089
0.000000000,268.026,1.363,0.343,0.000,1.638,93.865,124.933,30.724,61.449,0.000,602.00,1120.67,0.073,0.089
0.000000000,268.149,1.357,0.343,0.000,1.637,93.806,124.991,30.839,61.677,0.000,604.24,1124.43,0.114,0.092
0.000000000,268.226,1.352,0.343,0.000,1.636,93.757,125.039,30.839,61.677,0.000,604.24,1124.43,0.114,0.092
0.000000000,268.326,1.344,0.343,0.000,1.635,93.691,125.106,30.839,61.677,0.000,604.24,1124.43,0.114,0.092
0.000000000,268.426,1.337,0.343,0.000,1.634,93.637,125.163,30.839,61.677,0.000,604.24,1124.43,0.114,0.092
0.000000000,268.526,1.331,0.343,0.000,1.633,93.590,125.220,30.839,61.677,0.000,604.24,1124.43,0.114,0.092
0.000000000,268.668,1.325,0.343,0.000,1.632,93.533,125.286,30.839,61.677,0.000,604.24,1124.43,0.114,0.092
0.000000000,268.726,1.321,0.343,0.000,1.632,93.488,125.332,30.839,61.677,0.000,604.24,1124.43,0.114,0.092
0.000000000,268.827,1.317,0.343,0.000,1.631,93.427,125.388,30.839,61.677,0.000,604.24,1124.43,0.114,0.092
0.000000000,268.925,1.314,0.343,0.000,1.630,93.369,125.435,30.839,61.677,0.000,604.24,1124.43,0.114,0.092
0.000000000,269.027,1.311,0.343,0.000,1.628,93.289,125.491,30.839,61.677,0.000,604.24,1124.43,0.114,0.092
0.000000000,269.146,1.308,0.343,0.000,1.627,93.199,125.547,30.949,61.898,0.000,606.40,1128.34,0.110,0.093
0.000000000,269.225,1.307,0.343,0.000,1.625,93.119,125.594,30.949,61.898,0.000,606.40,1128.34,0.110,0.093
0.000000000,269.326,1.305,0.343,0.000,1.623,92.982,125.669,30.949,61.898,0.000,606.40,1128.34,0.110,0.093
0.000000000,269.426,1.303,0.343,0.000,1.621,92.857,125.734,30.949,61.898,0.000,606.40,1128.34,0.110,0.093
0.000000000,269.526,1.303,0.344,0.000,1.619,92.746,125.791,30.949,61.898,0.000,606.40,1128.34,0.110,0.093
0.000000000,269.625,1.304,0.344,0.000,1.617,92.634,125.847,30.949,61.898,0.000,606.40,1128.34,0.110,0.093
0.000000000,269.726,1.305,0.344,0.000,1.615,92.521,125.904,30.949,61.898,0.000,606.40,1128.34,0.110,0.093
0.000000000,269.825,1.306,0.344,0.000,1.612,92.369,125.979,30.949,61.898,0.000,606.40,1128.34,0.110,0.093
0.000000000,269.926,1.306,0.344,0.000,1.611,92.313,126.008,30.949,61.898,0.000,606.40,1128.34,0.110,0.093
0.000000000,270.025,1.307,0.344,0.000,1.609,92.171,126.084,30.949,61.898,0.000,606.40,1128.34,0.110,0.093
0.000000000,270.181,1.307,0.344,0.000,1.607,92.068,126.142,31.057,62.114,0.000,608.52,1131.37,0.108,0.095
0.000000000,270.225,1.307,0.344,0.000,1.606,92.003,126.180,31.057,62.114,0.000,608.52,1131.37,0.108,0.095
0.000000000,270.325,1.307,0.344,0.000,1.604,91.909,126.238,31.057,62.114,0.000,608.52,1131.37,0.108,0.095
0.000000000,270.438,1.307,0.344,0.000,1.603,91.836,126.286,31.057,62.114,0.000,608.52,1131.37,0.108,0.095
0.000000000,270.528,1.306,0.344,0.000,1.601,91.756,126.344,31.057,62.114,0.000,608.52,1131.37,0.108,0.095
0.000000000,270.625,1.305,0.344,0.000,1.600,91.694,126.393,31.057,62.114,0.000,608.52,1131.37,0.108,0.095
0.000000000,270.726,1.304,0.344,0.000,1.600,91.645,126.432,31.057,62.114,0.000,608.52,1131.37,0.108,0.095
0.000000000,270.825,1.303,0.344,0.000,1.599,91.598,126.470,31.057,62.114,0.000,608.52,1131.37,0.108,0.095
0.000000000,270.925,1.303,0.344,0.000,1.598,91.540,126.519,31.057,62.114,0.000,608.52,1131.37,0.108,0.095
0.000000000,271.025,1.302,0.344,0.000,1.597,91.473,126.577,31.057,62.114,0.000,608.52,1131.37,0.108,0.095
0.000000000,271.139,1.302,0.344,0.000,1.596,91.418,126.626,31.129,62.257,0.000,609.92,1131.86,0.071,0.093
0.000000000,271.238,1.303,0.344,0.000,1.594,91.352,126.684,31.129,62.257,0.000,609.92,1131.86,0.071,0.093
0.000000000,271.325,1.305,0.344,0.000,1.593,91.297,126.733,31.129,62.257,0.000,609.92,1131.86,0.071,0.093
0.000000000,271.425,1.308,0.344,0.000,1.592,91.233,126.792,31.129,62.257,0.000,609.92,1131.86,0.071,0.093
0.000000000,271.525,1.311,0.344,0.000,1.591,91.181,126.841,31.129,62.257,0.000,609.92,1131.86,0.071,0.093
0.000000000,271.627,1.315,0.345,0.000,1.590,91.119,126.900,31.129,62.257,0.000,609.92,1131.86,0.071,0.093
0.000000000,271.724,1.320,0.345,0.000,1.589,91.059,126.959,31.129,62.257,0.000,609.92,1131.86,0.071,0.093
0.000000000,271.825,1.324,0.345,0.000,1.588,91.010,127.009,31.129,62.257,0.000,609.92,1131.86,0.071,0.093
0.000000000,271.925,1.327,0.345,0.000,1.588,90.972,127.049,31.129,62.257,0.000,609.92,1131.86,0.071,0.093
0.000000000,272.037,1.332,0.345,0.000,1.587,90.907,127.119,31.129,62.257,0.000,609.92,1131.86,0.071,0.093
0.000000000,272.142,1.335,0.345,0.000,1.586,90.855,127.180,31.269,62.539,0.000,612.68,1135.99,0.141,0.097
0.000000000,272.224,1.338,0.345,0.000,1.585,90.810,127.240,31.269,62.539,0.000,612.68,1135.99,0.141,0.097
0.000000000,272.325,1.340,0.345,0.000,1.584,90.777,127.291,31.269,62.539,0.000,612.68,1135.99,0.141,0.097
0.000000000,272.425,1.342,0.345,0.000,1.584,90.748,127.342,31.269,62.539,0.000,612.68,1135.99,0.141,0.097
0.000000000,272.524,1.344,0.345,0.000,1.583,90.715,127.413,31.269,62.539,0.000,612.68,1135.99,0.141,0.097
0.000000000,272.624,1.345,0.345,0.000,1.583,90.694,127.464,31.269,62.539,0.000,612.68,1135.99,0.141,0.097
0.000000000,272.724,1.345,0.345,0.000,1.583,90.676,127.515,31.269,62.539,0.000,612.68,1135.99,0.141,0.097
0.000000000,272.846,1.346,0.345,0.000,1.582,90.655,127.577,31.269,62.539,0.000,612.68,1135.99,0.141,0.097
0.000000000,272.925,1.347,0.345,0.000,1.582,90.641,127.628,31.269,62.539,0.000,612.68,1135.99,0.141,0.097
0.000000000,273.025,1.349,0.345,0.000,1.582,90.624,127.700,31.269,62.539,0.000,612.68,1135.99,0.141,0.097
0.000000000,273.165,1.350,0.345,0.000,1.581,90.610,127.751,31.408,62.816,0.000,615.40,1139.80,0.139,0.102
0.000000000,273.224,1.352,0.346,0.000,1.581,90.588,127.824,31.408,62.816,0.000,615.40,1139.80,0.139,0.102
0.000000000,273.324,1.354,0.346,0.000,1.581,90.566,127.886,31.408,62.816,0.000,615.40,1139.80,0.139,0.102
0.000000000,273.424,1.356,0.346,0.000,1.580,90.539,127.959,31.408,62.816,0.000,615.40,1139.80,0.139,0.102
0.000000000,273.525,1.357,0.346,0.000,1.580,90.507,128.031,31.408,62.816,0.000,615.40,1139.80,0.139,0.102
0.000000000,273.624,1.358,0.346,0.000,1.579,90.474,128.104,31.408,62.816,0.000,615.40,1139.80,0.139,0.102
0.000000000,273.726,1.358,0.346,0.000,1.579,90.449,128.156,31.408,62.816,0.000,615.40,1139.80,0.139,0.102
0.000000000,273.824,1.358,0.346,0.000,1.578,90.426,128.209,31.408,62.816,0.000,615.40,1139.80,0.139,0.102
0.000000000,273.924,1.358,0.346,0.000,1.578,90.399,128.271,31.408,62.816,0.000,615.40,1139.80,0.139,0.102
0.000000000,274.024,1.358,0.346,0.000,1.577,90.377,128.323,31.408,62.816,0.000,615.40,1139.80,0.139,0.102
0.000000000,274.147,1.357,0.346,0.000,1.577,90.348,128.396,31.533,63.065,0.000,617.84,1143.42,0.125,0.104
0.000000000,274.224,1.356,0.346,0.000,1.576,90.326,128.458,31.533,63.065,0.000,617.84,1143.42,0.125,0.104
0.000000000,274.345,1.354,0.346,0.000,1.576,90.305,128.520,31.533,63.065,0.000,617.84,1143.42,0.125,0.104
0.000000000,274.424,1.352,0.346,0.000,1.576,90.283,128.581,31.533,63.065,0.000,617.84,1143.42,0.125,0.104
0.000000000,274.524,1.349,0.347,0.000,1.575,90.260,128.652,31.533,63.065,0.000,617.84,1143.42,0.125,0.104
0.000000000,274.626,1.346,0.347,0.000,1.575,90.242,128.713,31.533,63.065,0.000,617.84,1143.42,0.125,0.104
0.000000000,274.724,1.343,0.347,0.000,1.575,90.225,128.774,31.533,63.065,0.000,617.84,1143.42,0.125,0.104
0.000000000,274.824,1.340,0.347,0.000,1.574,90.211,128.825,31.533,63.065,0.000,617.84,1143.42,0.125,0.104
0.000000000,274.923,1.336,0.347,0.000,1.574,90.198,128.886,31.533,63.065,0.000,617.84,1143.42,0.125,0.104
0.000000000,275.026,1.330,0.347,0.000,1.574,90.181,128.966,31.533,63.065,0.000,617.84,1143.42,0.125,0.104
0.000000000,275.162,1.327,0.347,0.000,1.574,90.173,129.006,31.596,63.192,0.000,619.08,1144.42,0.063,0.100
0.000000000,275.223,1.324,0.347,0.000,1.574,90.166,129.046,31.596,63.192,0.000,619.08,1144.42,0.063,0.100
0.000000000,275.324,1.321,0.347,0.000,1.574,90.158,129.096,31.596,63.192,0.000,619.08,1144.42,0.063,0.100
0.000000000,275.423,1.317,0.347,0.000,1.573,90.148,129.165,31.596,63.192,0.000,619.08,1144.42,0.063,0.100
0.000000000,275.525,1.314,0.347,0.000,1.573,90.142,129.214,31.596,63.192,0.000,619.08,1144.42,0.063,0.100
0.000000000,275.623,1.311,0.347,0.000,1.573,90.135,129.273,31.596,63.192,0.000,619.08,1144.42,0.063,0.100
0.000000000,275.723,1.309,0.347,0.000,1.573,90.126,129.342,31.596,63.192,0.000,619.08,1144.42,0.063,0.100
0.000000000,275.823,1.308,0.347,0.000,1.573,90.120,129.381,31.596,63.192,0.000,619.08,1144.42,0.063,0.100
0.000000000,275.923,1.306,0.347,0.000,1.573,90.105,129.459,31.596,63.192,0.000,619.08,1144.42,0.063,0.100
0.000000000,276.022,1.306,0.348,0.000,1.572,90.091,129.517,31.596,63.192,0.000,619.08,1144.42,0.063,0.100
0.000000000,276.173,1.305,0.348,0.000,1.572,90.078,129.566,31.618,63.237,0.000,619.52,1145.06,0.023,0.092
0.000000000,276.222,1.305,0.348,0.000,1.572,90.061,129.624,31.618,63.237,0.000,619.52,1145.06,0.023,0.092
0.000000000,276.322,1.306,0.348,0.000,1.571,90.038,129.693,31.618,63.237,0.000,619.52,1145.06,0.023,0.092
0.000000000,276.421,1.305,0.348,0.000,1.571,90.018,129.751,31.618,63.237,0.000,619.52,1145.06,0.023,0.092
0.000000000,276.538,1.305,0.348,0.000,1.571,89.997,129.800,31.618,63.237,0.000,619.52,1145.06,0.023,0.092
0.000000000,276.627,1.304,0.348,0.000,1.570,89.970,129.849,31.618,63.237,0.000,619.52,1145.06,0.023,0.092
0.000000000,276.721,1.303,0.348,0.000,1.569,89.911,129.907,31.618,63.237,0.000,619.52,1145.06,0.023,0.092
0.000000000,276.821,1.302,0.348,0.000,1.568,89.829,129.956,31.618,63.237,0.000,619.52,1145.06,0.023,0.092
0.000000000,276.921,1.300,0.348,0.000,1.565,89.677,130.014,31.618,63.237,0.000,619.52,1145.06,0.023,0.092
0.000000000,277.020,1.298,0.348,0.000,1.561,89.448,130.072,31.618,63.237,0.000,619.52,1145.06,0.023,0.092
0.000000000,277.156,1.296,0.348,0.000,1.556,89.144,130.130,31.625,63.249,0.000,619.64,1142.58,0.006,0.083
0.000000000,277.220,1.295,0.348,0.000,1.550,88.780,130.188,31.625,63.249,0.000,619.64,1142.58,0.006,0.083
0.000000000,277.350,1.294,0.348,0.000,1.544,88.447,130.236,31.625,63.249,0.000,619.64,1142.58,0.006,0.083
0.000000000,277.420,1.293,0.348,0.000,1.536,88.032,130.294,31.625,63.249,0.000,619.64,1142.58,0.006,0.083
0.000000000,277.520,1.291,0.348,0.000,1.528,87.562,130.362,31.625,63.249,0.000,619.64,1142.58,0.006,0.083
0.000000000,277.620,1.290,0.348,0.000,1.524,87.311,130.400,31.625,63.249,0.000,619.64,1142.58,0.006,0.083
0.000000000,277.719,1.288,0.348,0.000,1.518,86.968,130.458,31.625,63.249,0.000,619.64,1142.58,0.006,0.083
0.000000000,277.819,1.286,0.349,0.000,1.511,86.583,130.535,31.625,63.249,0.000,619.64,1142.58,0.006,0.083
0.000000000,277.919,1.284,0.349,0.000,1.506,86.269,130.612,31.625,63.249,0.000,619.64,1142.58,0.006,0.083
0.000000000,278.019,1.282,0.349,0.000,1.502,86.068,130.669,31.625,63.249,0.000,619.64,1142.58,0.006,0.083
0.000000000,278.155,1.281,0.349,0.000,1.499,85.894,130.726,31.633,63.266,0.000,619.80,1142.00,0.008,0.076
0.000000000,278.218,1.280,0.349,0.000,1.497,85.774,130.774,31.633,63.266,0.000,619.80,1142.00,0.008,0.076
0.000000000,278.318,1.278,0.349,0.000,1.495,85.646,130.841,31.633,63.266,0.000,619.80,1142.00,0.008,0.076
0.000000000,278.418,1.277,0.349,0.000,1.494,85.582,130.898,31.633,63.266,0.000,619.80,1142.00,0.008,0.076
0.000000000,278.518,1.277,0.349,0.000,1.493,85.558,130.965,31.633,63.266,0.000,619.80,1142.00,0.008,0.076
0.000000000,278.617,1.277,0.349,0.000,1.494,85.583,131.032,31.633,63.266,0.000,619.80,1142.00,0.008,0.076
0.000000000,278.717,1.278,0.349,0.000,1.494,85.625,131.080,31.633,63.266,0.000,619.80,1142.00,0.008,0.076
0.000000000,278.830,1.279,0.349,0.000,1.496,85.711,131.148,31.633,63.266,0.000,619.80,1142.00,0.008,0.076
0.000000000,278.917,1.279,0.349,0.000,1.497,85.783,131.196,31.633,63.266,0.000,619.80,1142.00,0.008,0.076
0.000000000,279.017,1.280,0.349,0.000,1.499,85.880,131.254,31.633,63.266,0.000,619.80,1142.00,0.008,0.076
0.000000000,279.156,1.280,0.349,0.000,1.500,85.967,131.303,31.633,63.266,0.000,619.80,1141.64,0.000,0.068
0.000000000,279.216,1.281,0.349,0.000,1.503,86.088,131.372,31.633,63.266,0.000,619.80,1141.64,0.000,0.068
0.000000000,279.335,1.282,0.350,0.000,1.504,86.186,131.431,31.633,63.266,0.000,619.80,1141.64,0.000,0.068
0.000000000,279.416,1.283,0.350,0.000,1.506,86.259,131.480,31.633,63.266,0.000,619.80,1141.64,0.000,0.068
0.000000000,279.516,1.285,0.350,0.000,1.507,86.343,131.549,31.633,63.266,0.000,619.80,1141.64,0.000,0.068
0.000000000,279.616,1.286,0.350,0.000,1.508,86.381,131.599,31.633,63.266,0.000,619.80,1141.64,0.000,0.068
0.000000000,279.716,1.287,0.350,0.000,1.508,86.390,131.618,31.633,63.266,0.000,619.80,1141.64,0.000,0.068
0.000000000,279.816,1.289,0.350,0.000,1.508,86.391,131.668,31.633,63.266,0.000,619.80,1141.64,0.000,0.068
0.000000000,279.916,1.290,0.350,0.000,1.507,86.350,131.718,31.633,63.266,0.000,619.80,1141.64,0.000,0.068
0.000000000,280.015,1.292,0.350,0.000,1.505,86.233,131.777,31.633,63.266,0.000,619.80,1141.64,0.000,0.068
0.000000000,280.142,1.294,0.350,0.000,1.503,86.105,131.817,31.633,63.266,0.000,619.80,1141.64,0.000,0.062
0.000000000,280.216,1.298,0.350,0.000,1.497,85.761,131.888,31.633,63.266,0.000,619.80,1141.64,0.000,0.062
0.000000000,280.315,1.301,0.350,0.000,1.491,85.412,131.938,31.633,63.266,0.000,619.80,1141.64,0.000,0.062
0.000000000,280.414,1.306,0.350,0.000,1.481,84.866,131.998,31.633,63.266,0.000,619.80,1141.64,0.000,0.062
0.000000000,280.514,1.310,0.350,0.000,1.471,84.298,132.049,31.633,63.266,0.000,619.80,1141.64,0.000,0.062
0.000000000,280.615,1.315,0.350,0.000,1.457,83.476,132.110,31.633,63.266,0.000,619.80,1141.64,0.000,0.062
0.000000000,280.720,1.319,0.350,0.000,1.443,82.669,132.161,31.633,63.266,0.000,619.80,1141.64,0.000,0.062
0.000000000,280.814,1.324,0.350,0.000,1.420,81.348,132.234,31.633,63.266,0.000,619.80,1141.64,0.000,0.062
0.000000000,280.914,1.328,0.350,0.000,1.401,80.262,132.285,31.633,63.266,0.000,619.80,1141.64,0.000,0.062
0.000000000,281.013,1.331,0.350,0.000,1.375,78.802,132.348,31.633,63.266,0.000,619.80,1141.64,0.000,0.062
0.000000000,281.138,1.334,0.350,0.000,1.347,77.167,132.411,31.633,63.266,0.000,619.80,1141.67,0.000,0.055
0.000000000,281.214,1.336,0.351,0.000,1.321,75.671,132.463,31.633,63.266,0.000,619.80,1141.67,0.000,0.055
0.000000000,281.313,1.338,0.351,0.000,1.287,73.712,132.526,31.633,63.266,0.000,619.80,1141.67,0.000,0.055
0.000000000,281.445,1.338,0.351,0.000,1.249,71.576,132.588,31.633,63.266,0.000,619.80,1141.67,0.000,0.055
0.000000000,281.512,1.338,0.351,0.000,1.223,70.054,132.630,31.633,63.266,0.000,619.80,1141.67,0.000,0.055
0.000000000,281.613,1.336,0.351,0.000,1.165,66.772,132.712,31.633,63.266,0.000,619.80,1141.67,0.000,0.055
0.000000000,281.713,1.335,0.351,0.000,1.150,65.903,132.733,31.633,63.266,0.000,619.80,1141.67,0.000,0.055
0.000000000,281.812,1.332,0.351,0.000,1.103,63.181,132.794,31.633,63.266,0.000,619.80,1141.67,0.000,0.055
0.000000000,281.927,1.327,0.351,0.000,1.044,59.796,132.865,31.633,63.266,0.000,619.80,1141.67,0.000,0.055
0.000000000,282.012,1.323,0.351,0.000,0.999,57.254,132.916,31.633,63.266,0.000,619.80,1141.67,0.000,0.055
0.000000000,282.124,1.318,0.351,0.000,0.944,54.082,132.976,31.633,63.266,0.000,619.80,1141.67,0.000,0.050
0.000000000,282.211,1.313,0.351,0.000,0.896,51.357,133.025,31.633,63.266,0.000,619.80,1141.67,0.000,0.050
0.000000000,282.312,1.308,0.351,0.000,0.848,48.577,133.074,31.633,63.266,0.000,619.80,1141.67,0.000,0.050
0.000000000,282.433,1.302,0.351,0.000,0.799,45.763,133.123,31.633,63.266,0.000,619.80,1141.67,0.000,0.050
0.000000000,282.511,1.293,0.351,0.000,0.739,42.367,133.181,31.633,63.266,0.000,619.80,1141.67,0.000,0.050
0.000000000,282.611,1.284,0.351,0.000,0.680,38.973,133.238,31.633,63.266,0.000,619.80,1141.67,0.000,0.050
0.000000000,282.712,1.274,0.351,0.000,0.621,35.604,133.294,31.633,63.266,0.000,619.80,1141.67,0.000,0.050
0.000000000,282.811,1.264,0.351,0.000,0.573,32.832,133.341,31.633,63.266,0.000,619.80,1141.67,0.000,0.050
0.000000000,282.920,1.256,0.351,0.000,0.535,30.649,133.378,31.633,63.266,0.000,619.80,1141.67,0.000,0.050
0.000000000,283.011,1.243,0.351,0.000,0.479,27.444,133.432,31.633,63.266,0.000,619.80,1141.67,0.000,0.050
0.000000000,283.131,1.231,0.351,0.000,0.434,24.844,133.477,31.635,63.270,0.000,619.84,1141.66,0.002,0.045
0.000000000,283.211,1.216,0.352,0.000,0.381,21.819,133.530,31.635,63.270,0.000,619.84,1141.66,0.002,0.045
0.000000000,283.310,1.203,0.352,0.000,0.338,19.385,133.573,31.635,63.270,0.000,619.84,1141.66,0.002,0.045
0.000000000,283.410,1.184,0.352,0.000,0.281,16.126,133.634,31.635,63.270,0.000,619.84,1141.66,0.002,0.045
0.000000000,283.510,1.173,0.352,0.000,0.250,14.347,133.668,31.635,63.270,0.000,619.84,1141.66,0.002,0.045
0.000000000,283.609,1.155,0.352,0.000,0.206,11.794,133.718,31.635,63.270,0.000,619.84,1141.66,0.002,0.045
0.000000000,283.725,1.135,0.352,0.000,0.164,9.383,133.768,31.635,63.270,0.000,619.84,1141.66,0.002,0.045
0.000000000,283.810,1.117,0.352,0.000,0.131,7.485,133.809,31.635,63.270,0.000,619.84,1141.66,0.002,0.045
0.000000000,283.909,1.098,0.352,0.000,0.099,5.689,133.849,31.635,63.270,0.000,619.84,1141.66,0.002,0.045
0.000000000,284.009,1.077,0.352,0.000,0.070,3.994,133.887,31.635,63.270,0.000,619.84,1141.66,0.002,0.045
0.000000000,284.135,1.064,0.352,0.000,0.053,3.028,133.910,31.643,63.286,0.000,620.00,1140.48,0.008,0.041
0.000000000,284.208,1.036,0.352,0.000,0.021,1.200,133.953,31.643,63.286,0.000,620.00,1140.48,0.008,0.041
0.000000000,284.308,1.020,0.352,0.000,0.006,0.336,133.975,31.643,63.286,0.000,620.00,1140.48,0.008,0.041
0.000000000,284.409,0.993,0.352,0.000,-0.018,-1.032,134.009,31.643,63.286,0.000,620.00,1140.48,0.008,0.041
0.000000000,284.508,0.964,0.352,0.000,-0.040,-2.319,134.041,31.643,63.286,0.000,620.00,1140.48,0.008,0.041
0.000000000,284.608,0.932,0.352,0.000,-0.062,-3.532,134.073,31.643,63.286,0.000,620.00,1140.48,0.008,0.041
0.000000000,284.708,0.906,0.352,0.000,-0.078,-4.459,134.097,31.643,63.286,0.000,620.00,1140.48,0.008,0.041
0.000000000,284.807,0.859,0.352,0.000,-0.105,-6.026,134.137,31.643,63.286,0.000,620.00,1140.48,0.008,0.041
0.000000000,284.923,0.825,0.352,0.000,-0.124,-7.126,134.164,31.643,63.286,0.000,620.00,1140.48,0.008,0.041
0.000000000,285.007,0.791,0.352,0.000,-0.144,-8.232,134.190,31.643,63.286,0.000,620.00,1140.48,0.008,0.041
0.000000000,285.134,0.751,0.352,0.000,-0.167,-9.588,134.219,31.678,63.355,0.000,620.68,1142.24,0.035,0.041
0.000000000,285.208,0.719,0.352,0.000,-0.188,-10.758,134.242,31.678,63.355,0.000,620.68,1142.24,0.035,0.041
0.000000000,285.310,0.693,0.352,0.000,-0.205,-11.730,134.259,31.678,63.355,0.000,620.68,1142.24,0.035,0.041
0.000000000,285.407,0.650,0.351,0.000,-0.236,-13.525,134.288,31.678,63.355,0.000,620.68,1142.24,0.035,0.041
0.000000000,285.507,0.625,0.351,0.000,-0.255,-14.615,134.304,31.678,63.355,0.000,620.68,1142.24,0.035,0.041
0.000000000,285.608,0.595,0.351,0.000,-0.280,-16.053,134.323,31.678,63.355,0.000,620.68,1142.24,0.035,0.041
0.000000000,285.741,0.566,0.351,0.000,-0.307,-17.582,134.340,31.678,63.355,0.000,620.68,1142.24,0.035,0.041
0.000000000,285.806,0.537,0.351,0.000,-0.335,-19.209,134.357,31.678,63.355,0.000,620.68,1142.24,0.035,0.041
0.000000000,285.906,0.515,0.351,0.000,-0.359,-20.585,134.369,31.678,63.355,0.000,620.68,1142.24,0.035,0.041
0.000000000,286.009,0.484,0.351,0.000,-0.397,-22.774,134.387,31.678,63.355,0.000,620.68,1142.24,0.035,0.041
0.000000000,286.132,0.460,0.351,0.000,-0.431,-24.708,134.401,31.678,63.355,0.000,620.68,1145.08,0.000,0.037
0.000000000,286.206,0.437,0.351,0.000,-0.474,-27.147,134.417,31.678,63.355,0.000,620.68,1145.08,0.000,0.037
0.000000000,286.306,0.422,0.351,0.000,-0.511,-29.262,134.430,31.678,63.355,0.000,620.68,1145.08,0.000,0.037
0.000000000,286.405,0.414,0.351,0.000,-0.549,-31.434,134.443,31.678,63.355,0.000,620.68,1145.08,0.000,0.037
0.000000000,286.505,0.411,0.351,0.000,-0.595,-34.096,134.460,31.678,63.355,0.000,620.68,1145.08,0.000,0.037
0.000000000,286.606,0.414,0.351,0.000,-0.626,-35.888,134.471,31.678,63.355,0.000,620.68,1145.08,0.000,0.037
0.000000000,286.705,0.423,0.351,0.000,-0.666,-38.140,134.486,31.678,63.355,0.000,620.68,1145.08,0.000,0.037
0.000000000,286.805,0.442,0.351,0.000,-0.713,-40.837,134.505,31.678,63.355,0.000,620.68,1145.08,0.000,0.037
0.000000000,286.905,0.464,0.351,0.000,-0.752,-43.065,134.522,31.678,63.355,0.000,620.68,1145.08,0.000,0.037
0.000000000,287.005,0.491,0.351,0.000,-0.790,-45.265,134.541,31.678,63.355,0.000,620.68,1145.08,0.000,0.037
0.000000000,287.128,0.521,0.351,0.000,-0.828,-47.421,134.562,31.688,63.376,0.000,620.88,1144.77,0.010,0.034
0.000000000,287.204,0.555,0.351,0.000,-0.864,-49.528,134.584,31.688,63.376,0.000,620.88,1144.77,0.010,0.034
0.000000000,287.304,0.606,0.351,0.000,-0.914,-52.383,134.617,31.688,63.376,0.000,620.88,1144.77,0.010,0.034
0.000000000,287.404,0.630,0.351,0.000,-0.935,-53.569,134.632,31.688,63.376,0.000,620.88,1144.77,0.010,0.034
0.000000000,287.504,0.695,0.351,0.000,-0.988,-56.604,134.675,31.688,63.376,0.000,620.88,1144.77,0.010,0.034
0.000000000,287.608,0.721,0.351,0.000,-1.007,-57.693,134.693,31.688,63.376,0.000,620.88,1144.77,0.010,0.034
0.000000000,287.703,0.772,0.351,0.000,-1.043,-59.786,134.730,31.688,63.376,0.000,620.88,1144.77,0.010,0.034
0.000000000,287.803,0.825,0.351,0.000,-1.078,-61.758,134.770,31.688,63.376,0.000,620.88,1144.77,0.010,0.034
0.000000000,287.903,0.878,0.351,0.000,-1.110,-63.607,134.812,31.688,63.376,0.000,620.88,1144.77,0.010,0.034
0.000000000,288.003,0.912,0.351,0.000,-1.131,-64.775,134.842,31.688,63.376,0.000,620.88,1144.77,0.010,0.034
0.000000000,288.121,0.954,0.351,0.000,-1.155,-66.162,134.881,31.688,63.376,0.000,620.88,1146.47,0.000,0.031
0.000000000,288.202,1.014,0.351,0.000,-1.189,-68.098,134.941,31.688,63.376,0.000,620.88,1146.47,0.000,0.031
0.000000000,288.302,1.052,0.351,0.000,-1.210,-69.301,134.984,31.688,63.376,0.000,620.88,1146.47,0.000,0.031
0.000000000,288.403,1.088,0.351,0.000,-1.229,-70.429,135.028,31.688,63.376,0.000,620.88,1146.47,0.000,0.031
0.000000000,288.502,1.116,0.351,0.000,-1.244,-71.283,135.064,31.688,63.376,0.000,620.88,1146.47,0.000,0.031
0.000000000,288.603,1.149,0.351,0.000,-1.262,-72.293,135.111,31.688,63.376,0.000,620.88,1146.47,0.000,0.031
0.000000000,288.702,1.173,0.351,0.000,-1.275,-73.058,135.149,31.688,63.376,0.000,620.88,1146.47,0.000,0.031
0.000000000,288.802,1.202,0.351,0.000,-1.291,-73.960,135.198,31.688,63.376,0.000,620.88,1146.47,0.000,0.031
0.000000000,288.903,1.229,0.351,0.000,-1.306,-74.808,135.247,31.688,63.376,0.000,620.88,1146.47,0.000,0.031
0.000000000,289.002,1.255,0.351,0.000,-1.320,-75.610,135.298,31.688,63.376,0.000,620.88,1146.47,0.000,0.031
0.000000000,289.124,1.278,0.351,0.000,-1.333,-76.366,135.349,31.688,63.376,0.000,620.88,1146.91,0.000,0.028
0.000000000,289.201,1.305,0.351,0.000,-1.348,-77.215,135.411,31.688,63.376,0.000,620.88,1146.91,0.000,0.028
0.000000000,289.302,1.325,0.351,0.000,-1.359,-77.872,135.464,31.688,63.376,0.000,620.88,1146.91,0.000,0.028
0.000000000,289.401,1.342,0.351,0.000,-1.370,-78.490,135.517,31.688,63.376,0.000,620.88,1146.91,0.000,0.028
0.000000000,289.501,1.362,0.351,0.000,-1.382,-79.179,135.582,31.688,63.376,0.000,620.88,1146.91,0.000,0.028
0.000000000,289.601,1.373,0.351,0.000,-1.389,-79.610,135.625,31.688,63.376,0.000,620.88,1146.91,0.000,0.028
0.000000000,289.701,1.386,0.351,0.000,-1.398,-80.119,135.679,31.688,63.376,0.000,620.88,1146.91,0.000,0.028
0.000000000,289.808,1.397,0.351,0.000,-1.407,-80.597,135.734,31.688,63.376,0.000,620.88,1146.91,0.000,0.028
0.000000000,289.900,1.408,0.351,0.000,-1.416,-81.132,135.799,31.688,63.376,0.000,620.88,1146.91,0.000,0.028
0.000000000,290.001,1.416,0.351,0.000,-1.425,-81.629,135.864,31.688,63.376,0.000,620.88,1146.91,0.000,0.028
0.000000000,290.121,1.423,0.351,0.000,-1.433,-82.092,135.929,31.688,63.376,0.000,620.88,1144.35,0.000,0.025
0.000000000,290.200,1.426,0.351,0.000,-1.438,-82.383,135.973,31.688,63.376,0.000,620.88,1144.35,0.000,0.025
0.000000000,290.300,1.429,0.352,0.000,-1.445,-82.791,136.038,31.688,63.376,0.000,620.88,1144.35,0.000,0.025
0.000000000,290.402,1.430,0.352,0.000,-1.450,-83.105,136.091,31.688,63.376,0.000,620.88,1144.35,0.000,0.025
0.000000000,290.499,1.430,0.352,0.000,-1.456,-83.398,136.145,31.688,63.376,0.000,620.88,1144.35,0.000,0.025
0.000000000,290.599,1.429,0.352,0.000,-1.461,-83.726,136.209,31.688,63.376,0.000,620.88,1144.35,0.000,0.025
0.000000000,290.705,1.428,0.352,0.000,-1.465,-83.931,136.252,31.688,63.376,0.000,620.88,1144.35,0.000,0.025
0.000000000,290.799,1.425,0.352,0.000,-1.470,-84.221,136.316,31.688,63.376,0.000,620.88,1144.35,0.000,0.025
0.000000000,290.899,1.423,0.352,0.000,-1.474,-84.446,136.368,31.688,63.376,0.000,620.88,1144.35,0.000,0.025
0.000000000,290.998,1.420,0.352,0.000,-1.478,-84.659,136.421,31.688,63.376,0.000,620.88,1144.35,0.000,0.025
0.000000000,291.122,1.418,0.352,0.000,-1.481,-84.861,136.473,31.688,63.376,0.000,620.88,1141.11,0.000,0.022
0.000000000,291.198,1.417,0.352,0.000,-1.484,-85.053,136.525,31.688,63.376,0.000,620.88,1141.11,0.000,0.022
0.000000000,291.298,1.415,0.352,0.000,-1.489,-85.287,136.593,31.688,63.376,0.000,620.88,1141.11,0.000,0.022
0.000000000,291.438,1.414,0.352,0.000,-1.491,-85.456,136.644,31.688,63.376,0.000,620.88,1141.11,0.000,0.022
0.000000000,291.503,1.412,0.352,0.000,-1.494,-85.617,136.696,31.688,63.376,0.000,620.88,1141.11,0.000,0.022
0.000000000,291.598,1.409,0.352,0.000,-1.498,-85.829,136.769,31.688,63.376,0.000,620.88,1141.11,0.000,0.022
0.000000000,291.698,1.408,0.352,0.000,-1.500,-85.944,136.810,31.688,63.376,0.000,620.88,1141.11,0.000,0.022
0.000000000,291.798,1.405,0.352,0.000,-1.503,-86.107,136.872,31.688,63.376,0.000,620.88,1141.11,0.000,0.022
0.000000000,291.924,1.401,0.352,0.000,-1.505,-86.236,136.923,31.688,63.376,0.000,620.88,1141.11,0.000,0.022
0.000000000,291.997,1.399,0.352,0.000,-1.507,-86.337,136.965,31.688,63.376,0.000,620.88,1141.11,0.000,0.022
0.000000000,292.130,1.395,0.352,0.000,-1.510,-86.509,137.037,31.688,63.376,0.000,620.88,1138.22,0.000,0.020
0.000000000,292.198,1.392,0.353,0.000,-1.512,-86.625,137.088,31.688,63.376,0.000,620.88,1138.22,0.000,0.020
0.000000000,292.298,1.390,0.353,0.000,-1.514,-86.760,137.149,31.688,63.376,0.000,620.88,1138.22,0.000,0.020
0.000000000,292.401,1.388,0.353,0.000,-1.516,-86.867,137.201,31.688,63.376,0.000,620.88,1138.22,0.000,0.020
0.000000000,292.497,1.387,0.353,0.000,-1.518,-86.971,137.252,31.688,63.376,0.000,620.88,1138.22,0.000,0.020
0.000000000,292.596,1.386,0.353,0.000,-1.520,-87.091,137.314,31.688,63.376,0.000,620.88,1138.22,0.000,0.020
0.000000000,292.697,1.385,0.353,0.000,-1.522,-87.223,137.386,31.688,63.376,0.000,620.88,1138.22,0.000,0.020
0.000000000,292.796,1.384,0.353,0.000,-1.523,-87.278,137.417,31.688,63.376,0.000,620.88,1138.22,0.000,0.020
0.000000000,292.896,1.383,0.353,0.000,-1.525,-87.401,137.489,31.688,63.376,0.000,620.88,1138.22,0.000,0.020
0.000000000,292.996,1.382,0.353,0.000,-1.527,-87.469,137.530,31.688,63.376,0.000,620.88,1138.22,0.000,0.020
0.000000000,293.120,1.380,0.353,0.000,-1.528,-87.566,137.592,31.688,63.376,0.000,620.88,1136.99,0.000,0.018
0.000000000,293.225,1.378,0.353,0.000,-1.529,-87.627,137.633,31.688,63.376,0.000,620.88,1136.99,0.000,0.018
0.000000000,293.300,1.377,0.353,0.000,-1.530,-87.671,137.664,31.688,63.376,0.000,620.88,1136.99,0.000,0.018
0.000000000,293.396,1.374,0.353,0.000,-1.531,-87.743,137.716,31.688,63.376,0.000,620.88,1136.99,0.000,0.018
0.000000000,293.499,1.372,0.353,0.000,-1.532,-87.800,137.758,31.688,63.376,0.000,620.88,1136.99,0.000,0.018
0.000000000,293.596,1.371,0.353,0.000,-1.534,-87.883,137.820,31.688,63.376,0.000,620.88,1136.99,0.000,0.018
0.000000000,293.695,1.370,0.353,0.000,-1.535,-87.962,137.882,31.688,63.376,0.000,620.88,1136.99,0.000,0.018
0.000000000,293.796,1.370,0.353,0.000,-1.536,-88.013,137.924,31.688,63.376,0.000,620.88,1136.99,0.000,0.018
0.000000000,293.895,1.370,0.353,0.000,-1.537,-88.073,137.976,31.688,63.376,0.000,620.88,1136.99,0.000,0.018
0.000000000,293.995,1.371,0.353,0.000,-1.538,-88.131,138.029,31.688,63.376,0.000,620.88,1136.99,0.000,0.018
0.000000000,294.121,1.372,0.353,0.000,-1.539,-88.197,138.091,31.688,63.376,0.000,620.88,1135.95,0.000,0.016
0.000000000,294.196,1.374,0.353,0.000,-1.541,-88.271,138.165,31.688,63.376,0.000,620.88,1135.95,0.000,0.016
0.000000000,294.298,1.375,0.354,0.000,-1.542,-88.331,138.228,31.688,63.376,0.000,620.88,1135.95,0.000,0.016
0.000000000,294.394,1.376,0.354,0.000,-1.543,-88.379,138.280,31.688,63.376,0.000,620.88,1135.95,0.000,0.016
0.000000000,294.494,1.377,0.354,0.000,-1.544,-88.437,138.343,31.688,63.376,0.000,620.88,1135.95,0.000,0.016
0.000000000,294.594,1.378,0.354,0.000,-1.545,-88.500,138.417,31.688,63.376,0.000,620.88,1135.95,0.000,0.016
0.000000000,294.694,1.378,0.354,0.000,-1.545,-88.535,138.459,31.688,63.376,0.000,620.88,1135.95,0.000,0.016
0.000000000,294.794,1.378,0.354,0.000,-1.546,-88.584,138.522,31.688,63.376,0.000,620.88,1135.95,0.000,0.016
0.000000000,294.894,1.377,0.354,0.000,-1.547,-88.625,138.575,31.688,63.376,0.000,620.88,1135.95,0.000,0.016
0.000000000,294.994,1.375,0.354,0.000,-1.548,-88.672,138.638,31.688,63.376,0.000,620.88,1135.95,0.000,0.016
0.000000000,295.105,1.373,0.354,0.000,-1.549,-88.726,138.711,31.688,63.376,0.000,620.88,1135.47,0.000,0.015
0.000000000,295.193,1.370,0.354,0.000,-1.549,-88.769,138.774,31.688,63.376,0.000,620.88,1135.47,0.000,0.015
0.000000000,295.294,1.368,0.354,0.000,-1.550,-88.801,138.826,31.688,63.376,0.000,620.88,1135.47,0.000,0.015
0.000000000,295.394,1.365,0.354,0.000,-1.550,-88.831,138.878,31.688,63.376,0.000,620.88,1135.47,0.000,0.015
0.000000000,295.493,1.362,0.354,0.000,-1.551,-88.867,138.941,31.688,63.376,0.000,620.88,1135.47,0.000,0.015
0.000000000,295.594,1.359,0.354,0.000,-1.552,-88.902,139.003,31.688,63.376,0.000,620.88,1135.47,0.000,0.015
0.000000000,295.694,1.356,0.354,0.000,-1.552,-88.930,139.055,31.688,63.376,0.000,620.88,1135.47,0.000,0.015
0.000000000,295.793,1.354,0.354,0.000,-1.553,-88.958,139.107,31.688,63.376,0.000,620.88,1135.47,0.000,0.015
0.000000000,295.893,1.351,0.355,0.000,-1.553,-88.987,139.168,31.688,63.376,0.000,620.88,1135.47,0.000,0.015
0.000000000,295.992,1.349,0.355,0.000,-1.554,-89.013,139.220,31.688,63.376,0.000,620.88,1135.47,0.000,0.015
0.000000000,296.125,1.346,0.355,0.000,-1.554,-89.047,139.292,31.688,63.376,0.000,620.88,1135.42,0.000,0.013
0.000000000,296.207,1.344,0.355,0.000,-1.555,-89.075,139.353,31.688,63.376,0.000,620.88,1135.42,0.000,0.013
0.000000000,296.292,1.343,0.355,0.000,-1.555,-89.099,139.404,31.688,63.376,0.000,620.88,1135.42,0.000,0.013
0.000000000,296.392,1.342,0.355,0.000,-1.556,-89.124,139.466,31.688,63.376,0.000,620.88,1135.42,0.000,0.013
0.000000000,296.493,1.340,0.355,0.000,-1.556,-89.141,139.507,31.688,63.376,0.000,620.88,1135.42,0.000,0.013
0.000000000,296.592,1.338,0.355,0.000,-1.556,-89.166,139.568,31.688,63.376,0.000,620.88,1135.42,0.000,0.013
0.000000000,296.705,1.337,0.355,0.000,-1.557,-89.192,139.630,31.688,63.376,0.000,620.88,1135.42,0.000,0.013
0.000000000,296.792,1.336,0.355,0.000,-1.557,-89.208,139.671,31.688,63.376,0.000,620.88,1135.42,0.000,0.013
0.000000000,296.892,1.335,0.355,0.000,-1.557,-89.232,139.732,31.688,63.376,0.000,620.88,1135.42,0.000,0.013
0.000000000,296.991,1.334,0.355,0.000,-1.558,-89.252,139.783,31.688,63.376,0.000,620.88,1135.42,0.000,0.013
0.000000000,297.107,1.333,0.355,0.000,-1.558,-89.275,139.844,31.688,63.376,0.000,620.88,1133.90,0.000,0.012
0.000000000,297.206,1.333,0.355,0.000,-1.558,-89.294,139.895,31.688,63.376,0.000,620.88,1133.90,0.000,0.012
0.000000000,297.292,1.332,0.355,0.000,-1.559,-89.317,139.956,31.688,63.376,0.000,620.88,1133.90,0.000,0.012
0.000000000,297.391,1.332,0.355,0.000,-1.559,-89.337,140.017,31.688,63.376,0.000,620.88,1133.90,0.000,0.012
0.000000000,297.491,1.332,0.355,0.000,-1.559,-89.353,140.058,31.688,63.376,0.000,620.88,1133.90,0.000,0.012
0.000000000,297.591,1.332,0.355,0.000,-1.560,-89.376,140.119,31.688,63.376,0.000,620.88,1133.90,0.000,0.012
0.000000000,297.699,1.332,0.355,0.000,-1.560,-89.395,140.170,31.688,63.376,0.000,620.88,1133.90,0.000,0.012
0.000000000,297.790,1.332,0.355,0.000,-1.560,-89.402,140.191,31.688,63.376,0.000,620.88,1133.90,0.000,0.012
0.000000000,297.890,1.333,0.355,0.000,-1.561,-89.420,140.242,31.688,63.376,0.000,620.88,1133.90,0.000,0.012
0.000000000,297.992,1.333,0.355,0.000,-1.561,-89.434,140.283,31.688,63.376,0.000,620.88,1133.90,0.000,0.012
0.000000000,298.110,1.335,0.356,0.000,-1.561,-89.458,140.355,31.688,63.376,0.000,620.88,1133.22,0.000,0.011
0.000000000,298.190,1.336,0.356,0.000,-1.562,-89.471,140.396,31.688,63.376,0.000,620.88,1133.22,0.000,0.011
0.000000000,298.290,1.338,0.356,0.000,-1.562,-89.483,140.437,31.688,63.376,0.000,620.88,1133.22,0.000,0.011
0.000000000,298.390,1.342,0.356,0.000,-1.562,-89.501,140.499,31.688,63.376,0.000,620.88,1133.22,0.000,0.011
0.000000000,298.517,1.345,0.356,0.000,-1.562,-89.521,140.561,31.688,63.376,0.000,620.88,1133.22,0.000,0.011
0.000000000,298.590,1.349,0.356,0.000,-1.563,-89.537,140.613,31.688,63.376,0.000,620.88,1133.22,0.000,0.011
0.000000000,298.689,1.353,0.356,0.000,-1.563,-89.552,140.665,31.688,63.376,0.000,620.88,1133.22,0.000,0.011
0.000000000,298.815,1.358,0.356,0.000,-1.563,-89.571,140.727,31.688,63.376,0.000,620.88,1133.22,0.000,0.011
0.000000000,298.889,1.363,0.356,0.000,-1.564,-89.590,140.791,31.688,63.376,0.000,620.88,1133.22,0.000,0.011
0.000000000,298.989,1.370,0.356,0.000,-1.564,-89.610,140.865,31.688,63.376,0.000,620.88,1133.22,0.000,0.011
0.000000000,299.101,1.374,0.356,0.000,-1.564,-89.625,140.918,31.688,63.376,0.000,620.88,1133.40,0.000,0.010
0.000000000,299.189,1.379,0.356,0.000,-1.565,-89.647,141.005,31.688,63.376,0.000,620.88,1133.40,0.000,0.010
0.000000000,299.289,1.383,0.356,0.000,-1.565,-89.663,141.069,31.688,63.376,0.000,620.88,1133.40,0.000,0.010
0.000000000,299.389,1.385,0.356,0.000,-1.565,-89.677,141.146,31.688,63.376,0.000,620.88,1133.40,0.000,0.010
0.000000000,299.489,1.385,0.356,0.000,-1.565,-89.687,141.200,31.688,63.376,0.000,620.88,1133.40,0.000,0.010
0.000000000,299.605,1.384,0.356,0.000,-1.566,-89.698,141.265,31.688,63.376,0.000,620.88,1133.40,0.000,0.010
0.000000000,299.692,1.383,0.357,0.000,-1.566,-89.706,141.320,31.688,63.376,0.000,620.88,1133.40,0.000,0.010
0.000000000,299.788,1.381,0.357,0.000,-1.566,-89.716,141.385,31.688,63.376,0.000,620.88,1133.40,0.000,0.010
0.000000000,299.888,1.379,0.357,0.000,-1.566,-89.724,141.450,31.688,63.376,0.000,620.88,1133.40,0.000,0.010
0.000000000,299.988,1.378,0.357,0.000,-1.566,-89.730,141.494,31.688,63.376,0.000,620.88,1133.40,0.000,0.010
0.000000000,300.106,1.376,0.357,0.000,-1.566,-89.738,141.559,31.688,63.376,0.000,620.88,1132.22,0.000,0.009
0.000000000,300.188,1.374,0.357,0.000,-1.566,-89.746,141.635,31.688,63.376,0.000,620.88,1132.22,0.000,0.009
0.000000000,300.288,1.374,0.357,0.000,-1.566,-89.752,141.678,31.688,63.376,0.000,620.88,1132.22,0.000,0.009
0.000000000,300.387,1.373,0.357,0.000,-1.567,-89.759,141.754,31.688,63.376,0.000,620.88,1132.22,0.000,0.009
0.000000000,300.488,1.372,0.357,0.000,-1.567,-89.768,141.819,31.688,63.376,0.000,620.88,1132.22,0.000,0.009
0.000000000,300.588,1.372,0.357,0.000,-1.567,-89.777,141.884,31.688,63.376,0.000,620.88,1132.22,0.000,0.009
0.000000000,300.709,1.371,0.357,0.000,-1.567,-89.783,141.938,31.688,63.376,0.000,620.88,1132.22,0.000,0.009
0.000000000,300.791,1.371,0.357,0.000,-1.567,-89.789,141.992,31.688,63.376,0.000,620.88,1132.22,0.000,0.009
0.000000000,300.887,1.370,0.357,0.000,-1.567,-89.795,142.056,31.688,63.376,0.000,620.88,1132.22,0.000,0.009
0.000000000,300.988,1.369,0.357,0.000,-1.567,-89.800,142.110,31.688,63.376,0.000,620.88,1132.22,0.000,0.009
0.000000000,301.102,1.369,0.357,0.000,-1.567,-89.805,142.164,31.688,63.376,0.000,620.88,1130.44,0.000,0.008
0.000000000,301.187,1.368,0.357,0.000,-1.567,-89.809,142.218,31.688,63.376,0.000,620.88,1130.44,0.000,0.008
0.000000000,301.286,1.367,0.358,0.000,-1.568,-89.812,142.272,31.688,63.376,0.000,620.88,1130.44,0.000,0.008
0.000000000,301.389,1.365,0.358,0.000,-1.568,-89.816,142.336,31.688,63.376,0.000,620.88,1130.44,0.000,0.008
0.000000000,301.486,1.364,0.358,0.000,-1.568,-89.819,142.379,31.688,63.376,0.000,620.88,1130.44,0.000,0.008
0.000000000,301.586,1.362,0.358,0.000,-1.568,-89.824,142.454,31.688,63.376,0.000,620.88,1130.44,0.000,0.008
0.000000000,301.687,1.360,0.358,0.000,-1.568,-89.826,142.508,31.688,63.376,0.000,620.88,1130.44,0.000,0.008
0.000000000,301.787,1.358,0.358,0.000,-1.568,-89.829,142.550,31.688,63.376,0.000,620.88,1130.44,0.000,0.008
0.000000000,301.886,1.355,0.358,0.000,-1.568,-89.832,142.625,31.688,63.376,0.000,620.88,1130.44,0.000,0.008
0.000000000,301.997,1.352,0.358,0.000,-1.568,-89.836,142.689,31.688,63.376,0.000,620.88,1130.44,0.000,0.008
0.000000000,302.106,1.350,0.358,0.000,-1.568,-89.841,142.742,31.688,63.376,0.000,620.88,1128.88,0.000,0.007
0.000000000,302.186,1.348,0.358,0.000,-1.568,-89.845,142.795,31.688,63.376,0.000,620.88,1128.88,0.000,0.007
0.000000000,302.286,1.346,0.358,0.000,-1.568,-89.849,142.848,31.688,63.376,0.000,620.88,1128.88,0.000,0.007
0.000000000,302.385,1.344,0.358,0.000,-1.568,-89.854,142.911,31.688,63.376,0.000,620.88,1128.88,0.000,0.007
0.000000000,302.485,1.342,0.358,0.000,-1.568,-89.859,142.964,31.688,63.376,0.000,620.88,1128.88,0.000,0.007
0.000000000,302.585,1.340,0.358,0.000,-1.568,-89.866,143.038,31.688,63.376,0.000,620.88,1128.88,0.000,0.007
0.000000000,302.686,1.338,0.358,0.000,-1.569,-89.872,143.091,31.688,63.376,0.000,620.88,1128.88,0.000,0.007
0.000000000,302.785,1.336,0.358,0.000,-1.569,-89.878,143.143,31.688,63.376,0.000,620.88,1128.88,0.000,0.007
0.000000000,302.885,1.333,0.358,0.000,-1.569,-89.886,143.216,31.688,63.376,0.000,620.88,1128.88,0.000,0.007
0.000000000,302.985,1.330,0.359,0.000,-1.569,-89.892,143.279,31.688,63.376,0.000,620.88,1128.88,0.000,0.007
0.000000000,303.113,1.328,0.359,0.000,-1.569,-89.896,143.331,31.688,63.376,0.000,620.88,1127.65,0.000,0.006
0.000000000,303.184,1.325,0.359,0.000,-1.569,-89.902,143.394,31.688,63.376,0.000,620.88,1127.65,0.000,0.006
0.000000000,303.285,1.322,0.359,0.000,-1.569,-89.908,143.483,31.688,63.376,0.000,620.88,1127.65,0.000,0.006
0.000000000,303.384,1.319,0.359,0.000,-1.569,-89.913,143.556,31.688,63.376,0.000,620.88,1127.65,0.000,0.006
0.000000000,303.484,1.318,0.359,0.000,-1.569,-89.918,143.619,31.688,63.376,0.000,620.88,1127.65,0.000,0.006
0.000000000,303.584,1.315,0.359,0.000,-1.569,-89.925,143.682,31.688,63.376,0.000,620.88,1127.65,0.000,0.006
0.000000000,303.722,1.314,0.359,0.000,-1.570,-89.931,143.734,31.688,63.376,0.000,620.88,1127.65,0.000,0.006
0.000000000,303.785,1.312,0.359,0.000,-1.570,-89.934,143.776,31.688,63.376,0.000,620.88,1127.65,0.000,0.006
0.000000000,303.885,1.310,0.359,0.000,-1.570,-89.937,143.839,31.688,63.376,0.000,620.88,1127.65,0.000,0.006
0.000000000,303.984,1.309,0.359,0.000,-1.570,-89.941,143.891,31.688,63.376,0.000,620.88,1127.65,0.000,0.006
0.000000000,304.101,1.307,0.359,0.000,-1.570,-89.946,143.954,31.690,63.380,0.000,620.92,1127.31,0.002,0.006
0.000000000,304.184,1.306,0.359,0.000,-1.570,-89.952,144.016,31.690,63.380,0.000,620.92,1127.31,0.002,0.006
0.000000000,304.283,1.306,0.359,0.000,-1.570,-89.959,144.099,31.690,63.380,0.000,620.92,1127.31,0.002,0.006
0.000000000,304.383,1.305,0.359,0.000,-1.570,-89.964,144.162,31.690,63.380,0.000,620.92,1127.31,0.002,0.006
0.000000000,304.492,1.305,0.360,0.000,-1.570,-89.967,144.213,31.690,63.380,0.000,620.92,1127.31,0.002,0.006
0.000000000,304.583,1.304,0.360,0.000,-1.570,-89.969,144.255,31.690,63.380,0.000,620.92,1127.31,0.002,0.006
0.000000000,304.683,1.302,0.360,0.000,-1.570,-89.974,144.317,31.690,63.380,0.000,620.92,1127.31,0.002,0.006
0.000000000,304.783,1.301,0.360,0.000,-1.570,-89.975,144.368,31.690,63.380,0.000,620.92,1127.31,0.002,0.006
0.000000000,304.884,1.299,0.360,0.000,-1.570,-89.978,144.419,31.690,63.380,0.000,620.92,1127.31,0.002,0.006
0.000000000,304.984,1.296,0.360,0.000,-1.570,-89.981,144.490,31.690,63.380,0.000,620.92,1127.31,0.002,0.006
0.000000000,305.113,1.294,0.360,0.000,-1.570,-89.982,144.541,31.690,63.380,0.000,620.92,1126.58,0.000,0.005
0.000000000,305.182,1.292,0.360,0.000,-1.571,-89.984,144.601,31.690,63.380,0.000,620.92,1126.58,0.000,0.005
0.000000000,305.319,1.290,0.360,0.000,-1.571,-89.985,144.662,31.690,63.380,0.000,620.92,1126.58,0.000,0.005
0.000000000,305.383,1.288,0.360,0.000,-1.571,-89.986,144.712,31.690,63.380,0.000,620.92,1126.58,0.000,0.005
0.000000000,305.482,1.286,0.360,0.000,-1.571,-89.986,144.763,31.690,63.380,0.000,620.92,1126.58,0.000,0.005
0.000000000,305.591,1.284,0.360,0.000,-1.571,-89.985,144.813,31.690,63.380,0.000,620.92,1126.58,0.000,0.005
0.000000000,305.682,1.283,0.360,0.000,-1.571,-89.986,144.863,31.690,63.380,0.000,620.92,1126.58,0.000,0.005
0.000000000,305.782,1.282,0.360,0.000,-1.571,-89.985,144.923,31.690,63.380,0.000,620.92,1126.58,0.000,0.005
0.000000000,305.882,1.281,0.360,0.000,-1.571,-89.983,144.963,31.690,63.380,0.000,620.92,1126.58,0.000,0.005
0.000000000,305.982,1.280,0.360,0.000,-1.570,-89.983,145.042,31.690,63.380,0.000,620.92,1126.58,0.000,0.005
0.000000000,306.148,1.280,0.360,0.000,-1.570,-89.982,145.102,31.690,63.380,0.000,620.92,1126.59,0.000,0.005
0.000000000,306.182,1.281,0.360,0.000,-1.570,-89.982,145.152,31.690,63.380,0.000,620.92,1126.59,0.000,0.005
0.000000000,306.282,1.282,0.360,0.000,-1.570,-89.982,145.212,31.690,63.380,0.000,620.92,1126.59,0.000,0.005
0.000000000,306.394,1.283,0.360,0.000,-1.570,-89.980,145.263,31.690,63.380,0.000,620.92,1126.59,0.000,0.005
0.000000000,306.482,1.284,0.360,0.000,-1.570,-89.981,145.313,31.690,63.380,0.000,620.92,1126.59,0.000,0.005
0.000000000,306.581,1.286,0.361,0.000,-1.570,-89.982,145.374,31.690,63.380,0.000,620.92,1126.59,0.000,0.005
0.000000000,306.681,1.288,0.361,0.000,-1.570,-89.983,145.415,31.690,63.380,0.000,620.92,1126.59,0.000,0.005
0.000000000,306.781,1.291,0.361,0.000,-1.570,-89.982,145.476,31.690,63.380,0.000,620.92,1126.59,0.000,0.005
0.000000000,306.916,1.294,0.361,0.000,-1.570,-89.981,145.538,31.690,63.380,0.000,620.92,1126.59,0.000,0.005
0.000000000,306.981,1.297,0.361,0.000,-1.570,-89.981,145.579,31.690,63.380,0.000,620.92,1126.59,0.000,0.005
0.000000000,307.095,1.301,0.361,0.000,-1.570,-89.981,145.641,31.696,63.392,0.000,621.04,1126.49,0.006,0.005
0.000000000,307.181,1.304,0.361,0.000,-1.570,-89.979,145.693,31.696,63.392,0.000,621.04,1126.49,0.006,0.005
0.000000000,307.281,1.310,0.361,0.000,-1.570,-89.979,145.766,31.696,63.392,0.000,621.04,1126.49,0.006,0.005
0.000000000,307.380,1.314,0.361,0.000,-1.570,-89.978,145.829,31.696,63.392,0.000,621.04,1126.49,0.006,0.005
0.000000000,307.480,1.317,0.361,0.000,-1.570,-89.978,145.871,31.696,63.392,0.000,621.04,1126.49,0.006,0.005
0.000000000,307.580,1.321,0.361,0.000,-1.570,-89.978,145.935,31.696,63.392,0.000,621.04,1126.49,0.006,0.005
0.000000000,307.717,1.325,0.361,0.000,-1.570,-89.977,145.989,31.696,63.392,0.000,621.04,1126.49,0.006,0.005
0.000000000,307.780,1.329,0.361,0.000,-1.570,-89.977,146.042,31.696,63.392,0.000,621.04,1126.49,0.006,0.005
0.000000000,307.881,1.333,0.361,0.000,-1.570,-89.975,146.107,31.696,63.392,0.000,621.04,1126.49,0.006,0.005
0.000000000,307.980,1.337,0.361,0.000,-1.570,-89.974,146.172,31.696,63.392,0.000,621.04,1126.49,0.006,0.005
0.000000000,308.101,1.341,0.361,0.000,-1.570,-89.974,146.237,31.698,63.396,0.000,621.08,1126.59,0.002,0.005
0.000000000,308.181,1.344,0.361,0.000,-1.570,-89.973,146.281,31.698,63.396,0.000,621.08,1126.59,0.002,0.005
0.000000000,308.280,1.348,0.361,0.000,-1.570,-89.973,146.346,31.698,63.396,0.000,621.08,1126.59,0.002,0.005
0.000000000,308.380,1.352,0.361,0.000,-1.570,-89.973,146.422,31.698,63.396,0.000,621.08,1126.59,0.002,0.005
0.000000000,308.508,1.354,0.362,0.000,-1.570,-89.973,146.477,31.698,63.396,0.000,621.08,1126.59,0.002,0.005
0.000000000,308.580,1.356,0.362,0.000,-1.570,-89.975,146.532,31.698,63.396,0.000,621.08,1126.59,0.002,0.005
0.000000000,308.679,1.357,0.362,0.000,-1.570,-89.974,146.597,31.698,63.396,0.000,621.08,1126.59,0.002,0.005
0.000000000,308.779,1.358,0.362,0.000,-1.570,-89.975,146.641,31.698,63.396,0.000,621.08,1126.59,0.002,0.005
0.000000000,308.879,1.359,0.362,0.000,-1.570,-89.976,146.727,31.698,63.396,0.000,621.08,1126.59,0.002,0.005
0.000000000,308.979,1.359,0.362,0.000,-1.570,-89.976,146.792,31.698,63.396,0.000,621.08,1126.59,0.002,0.005
0.000000000,309.103,1.359,0.362,0.000,-1.570,-89.977,146.856,31.729,63.457,0.000,621.68,1128.61,0.031,0.007
0.000000000,309.179,1.358,0.362,0.000,-1.570,-89.977,146.909,31.729,63.457,0.000,621.68,1128.61,0.031,0.007
0.000000000,309.279,1.355,0.362,0.000,-1.570,-89.979,146.983,31.729,63.457,0.000,621.68,1128.61,0.031,0.007
0.000000000,309.379,1.353,0.362,0.000,-1.570,-89.979,147.035,31.729,63.457,0.000,621.68,1128.61,0.031,0.007
0.000000000,309.479,1.351,0.362,0.000,-1.570,-89.979,147.088,31.729,63.457,0.000,621.68,1128.61,0.031,0.007
0.000000000,309.578,1.348,0.362,0.000,-1.570,-89.978,147.150,31.729,63.457,0.000,621.68,1128.61,0.031,0.007
0.000000000,309.701,1.346,0.362,0.000,-1.570,-89.979,147.192,31.729,63.457,0.000,621.68,1128.61,0.031,0.007
0.000000000,309.778,1.343,0.362,0.000,-1.570,-89.979,147.254,31.729,63.457,0.000,621.68,1128.61,0.031,0.007
0.000000000,309.878,1.341,0.362,0.000,-1.570,-89.978,147.316,31.729,63.457,0.000,621.68,1128.61,0.031,0.007
0.000000000,309.978,1.338,0.362,0.000,-1.570,-89.978,147.368,31.729,63.457,0.000,621.68,1128.61,0.031,0.007
0.000000000,310.107,1.336,0.362,0.000,-1.570,-89.978,147.429,31.741,63.482,0.000,621.92,1128.74,0.012,0.008
0.000000000,310.178,1.333,0.363,0.000,-1.570,-89.978,147.501,31.741,63.482,0.000,621.92,1128.74,0.012,0.008
0.000000000,310.278,1.330,0.363,0.000,-1.570,-89.978,147.562,31.741,63.482,0.000,621.92,1128.74,0.012,0.008
0.000000000,310.378,1.328,0.363,0.000,-1.570,-89.978,147.612,31.741,63.482,0.000,621.92,1128.74,0.012,0.008
0.000000000,310.478,1.325,0.363,0.000,-1.570,-89.978,147.672,31.741,63.482,0.000,621.92,1128.74,0.012,0.008
0.000000000,310.578,1.321,0.363,0.000,-1.570,-89.978,147.742,31.741,63.482,0.000,621.92,1128.74,0.012,0.008
0.000000000,310.677,1.318,0.363,0.000,-1.570,-89.978,147.802,31.741,63.482,0.000,621.92,1128.74,0.012,0.008
0.000000000,310.777,1.315,0.363,0.000,-1.570,-89.979,147.873,31.741,63.482,0.000,621.92,1128.74,0.012,0.008
0.000000000,310.877,1.311,0.363,0.000,-1.570,-89.978,147.932,31.741,63.482,0.000,621.92,1128.74,0.012,0.008
0.000000000,310.978,1.309,0.363,0.000,-1.570,-89.977,147.992,31.741,63.482,0.000,621.92,1128.74,0.012,0.008
0.000000000,311.139,1.307,0.363,0.000,-1.570,-89.978,148.042,31.759,63.519,0.000,622.28,1130.23,0.018,0.009
0.000000000,311.177,1.304,0.363,0.000,-1.570,-89.977,148.112,31.759,63.519,0.000,622.28,1130.23,0.018,0.009
0.000000000,311.317,1.302,0.363,0.000,-1.570,-89.977,148.172,31.759,63.519,0.000,622.28,1130.23,0.018,0.009
0.000000000,311.377,1.301,0.363,0.000,-1.570,-89.975,148.221,31.759,63.519,0.000,622.28,1130.23,0.018,0.009
0.000000000,311.477,1.300,0.363,0.000,-1.570,-89.975,148.281,31.759,63.519,0.000,622.28,1130.23,0.018,0.009
0.000000000,311.577,1.301,0.363,0.000,-1.570,-89.974,148.331,31.759,63.519,0.000,622.28,1130.23,0.018,0.009
0.000000000,311.677,1.302,0.363,0.000,-1.570,-89.972,148.381,31.759,63.519,0.000,622.28,1130.23,0.018,0.009
0.000000000,311.816,1.304,0.363,0.000,-1.570,-89.972,148.441,31.759,63.519,0.000,622.28,1130.23,0.018,0.009
0.000000000,311.876,1.306,0.363,0.000,-1.570,-89.971,148.491,31.759,63.519,0.000,622.28,1130.23,0.018,0.009
0.000000000,311.976,1.309,0.364,0.000,-1.570,-89.971,148.562,31.759,63.519,0.000,622.28,1130.23,0.018,0.009
0.000000000,312.129,1.312,0.364,0.000,-1.570,-89.971,148.623,31.772,63.543,0.000,622.52,1130.43,0.013,0.009
0.000000000,312.178,1.315,0.364,0.000,-1.570,-89.971,148.684,31.772,63.543,0.000,622.52,1130.43,0.013,0.009
0.000000000,312.276,1.317,0.364,0.000,-1.570,-89.971,148.745,31.772,63.543,0.000,622.52,1130.43,0.013,0.009
0.000000000,312.376,1.319,0.364,0.000,-1.570,-89.972,148.817,31.772,63.543,0.000,622.52,1130.43,0.013,0.009
0.000000000,312.476,1.320,0.364,0.000,-1.570,-89.972,148.858,31.772,63.543,0.000,622.52,1130.43,0.013,0.009
0.000000000,312.576,1.320,0.364,0.000,-1.570,-89.973,148.930,31.772,63.543,0.000,622.52,1130.43,0.013,0.009
0.000000000,312.677,1.320,0.364,0.000,-1.570,-89.973,148.992,31.772,63.543,0.000,622.52,1130.43,0.013,0.009
0.000000000,312.776,1.319,0.364,0.000,-1.570,-89.974,149.023,31.772,63.543,0.000,622.52,1130.43,0.013,0.009
0.000000000,312.876,1.317,0.364,0.000,-1.570,-89.974,149.095,31.772,63.543,0.000,622.52,1130.43,0.013,0.009
0.000000000,312.976,1.315,0.364,0.000,-1.570,-89.976,149.156,31.772,63.543,0.000,622.52,1130.43,0.013,0.009
0.000000000,313.117,1.312,0.364,0.000,-1.570,-89.977,149.217,31.792,63.584,0.000,622.92,1130.90,0.020,0.010
0.000000000,313.176,1.309,0.364,0.000,-1.570,-89.978,149.267,31.792,63.584,0.000,622.92,1130.90,0.020,0.010
0.000000000,313.275,1.306,0.364,0.000,-1.570,-89.978,149.328,31.792,63.584,0.000,622.92,1130.90,0.020,0.010
0.000000000,313.375,1.301,0.364,0.000,-1.570,-89.977,149.388,31.792,63.584,0.000,622.92,1130.90,0.020,0.010
0.000000000,313.493,1.296,0.364,0.000,-1.570,-89.978,149.448,31.792,63.584,0.000,622.92,1130.90,0.020,0.010
0.000000000,313.575,1.290,0.364,0.000,-1.570,-89.978,149.507,31.792,63.584,0.000,622.92,1130.90,0.020,0.010
0.000000000,313.675,1.286,0.364,0.000,-1.570,-89.978,149.556,31.792,63.584,0.000,622.92,1130.90,0.020,0.010
0.000000000,313.775,1.281,0.364,0.000,-1.570,-89.980,149.604,31.792,63.584,0.000,622.92,1130.90,0.020,0.010
0.000000000,313.875,1.276,0.365,0.000,-1.570,-89.982,149.663,31.792,63.584,0.000,622.92,1130.90,0.020,0.010
0.000000000,313.996,1.272,0.365,0.000,-1.570,-89.983,149.721,31.792,63.584,0.000,622.92,1130.90,0.020,0.010
0.000000000,314.088,1.267,0.365,0.000,-1.571,-89.988,149.788,31.851,63.702,0.000,624.08,1132.54,0.059,0.015
0.000000000,314.175,1.264,0.365,0.000,-1.571,-89.999,149.846,31.851,63.702,0.000,624.08,1132.54,0.059,0.015
0.000000000,314.274,1.261,0.365,0.000,-1.571,-90.012,149.903,31.851,63.702,0.000,624.08,1132.54,0.059,0.015
0.000000000,314.403,1.259,0.365,0.000,-1.571,-90.029,149.960,31.851,63.702,0.000,624.08,1132.54,0.059,0.015
0.000000000,314.475,1.257,0.365,0.000,-1.572,-90.056,150.027,31.851,63.702,0.000,624.08,1132.54,0.059,0.015
0.000000000,314.574,1.257,0.365,0.000,-1.572,-90.083,150.085,31.851,63.702,0.000,624.08,1132.54,0.059,0.015
0.000000000,314.674,1.256,0.365,0.000,-1.573,-90.116,150.142,31.851,63.702,0.000,624.08,1132.54,0.059,0.015
0.000000000,314.784,1.256,0.365,0.000,-1.573,-90.147,150.190,31.851,63.702,0.000,624.08,1132.54,0.059,0.015
0.000000000,314.874,1.255,0.365,0.000,-1.574,-90.196,150.257,31.851,63.702,0.000,624.08,1132.54,0.059,0.015
0.000000000,314.974,1.255,0.365,0.000,-1.575,-90.245,150.315,31.851,63.702,0.000,624.08,1132.54,0.059,0.015
0.000000000,315.090,1.255,0.365,0.000,-1.576,-90.300,150.373,31.939,63.878,0.000,625.80,1136.50,0.088,0.022
0.000000000,315.176,1.256,0.365,0.000,-1.577,-90.358,150.431,31.939,63.878,0.000,625.80,1136.50,0.088,0.022
0.000000000,315.274,1.256,0.365,0.000,-1.578,-90.433,150.509,31.939,63.878,0.000,625.80,1136.50,0.088,0.022
0.000000000,315.373,1.257,0.365,0.000,-1.579,-90.468,150.548,31.939,63.878,0.000,625.80,1136.50,0.088,0.022
0.000000000,315.474,1.257,0.365,0.000,-1.580,-90.530,150.616,31.939,63.878,0.000,625.80,1136.50,0.088,0.022
0.000000000,315.574,1.257,0.365,0.000,-1.581,-90.571,150.665,31.939,63.878,0.000,625.80,1136.50,0.088,0.022
0.000000000,315.673,1.256,0.366,0.000,-1.582,-90.616,150.723,31.939,63.878,0.000,625.80,1136.50,0.088,0.022
0.000000000,315.773,1.256,0.366,0.000,-1.582,-90.653,150.771,31.939,63.878,0.000,625.80,1136.50,0.088,0.022
0.000000000,315.873,1.256,0.366,0.000,-1.583,-90.702,150.840,31.939,63.878,0.000,625.80,1136.50,0.088,0.022
0.000000000,315.973,1.256,0.366,0.000,-1.584,-90.747,150.908,31.939,63.878,0.000,625.80,1136.50,0.088,0.022
0.000000000,316.093,1.256,0.366,0.000,-1.584,-90.783,150.966,32.021,64.041,0.000,627.40,1138.10,0.082,0.028
0.000000000,316.173,1.257,0.366,0.000,-1.585,-90.808,151.015,32.021,64.041,0.000,627.40,1138.10,0.082,0.028
0.000000000,316.273,1.257,0.366,0.000,-1.585,-90.827,151.064,32.021,64.041,0.000,627.40,1138.10,0.082,0.028
0.000000000,316.373,1.259,0.366,0.000,-1.586,-90.847,151.122,32.021,64.041,0.000,627.40,1138.10,0.082,0.028
0.000000000,316.473,1.261,0.366,0.000,-1.586,-90.863,151.191,32.021,64.041,0.000,627.40,1138.10,0.082,0.028
0.000000000,316.572,1.264,0.366,0.000,-1.586,-90.870,151.251,32.021,64.041,0.000,627.40,1138.10,0.082,0.028
0.000000000,316.673,1.267,0.366,0.000,-1.586,-90.873,151.310,32.021,64.041,0.000,627.40,1138.10,0.082,0.028
0.000000000,316.798,1.270,0.366,0.000,-1.586,-90.873,151.360,32.021,64.041,0.000,627.40,1138.10,0.082,0.028
0.000000000,316.872,1.274,0.366,0.000,-1.586,-90.872,151.421,32.021,64.041,0.000,627.40,1138.10,0.082,0.028
0.000000000,316.973,1.279,0.366,0.000,-1.586,-90.869,151.491,32.021,64.041,0.000,627.40,1138.10,0.082,0.028
0.000000000,317.132,1.282,0.366,0.000,-1.586,-90.865,151.542,32.141,64.282,0.000,629.76,1139.54,0.121,0.038
0.000000000,317.172,1.285,0.366,0.000,-1.586,-90.858,151.603,32.141,64.282,0.000,629.76,1139.54,0.121,0.038
0.000000000,317.272,1.288,0.366,0.000,-1.586,-90.852,151.665,32.141,64.282,0.000,629.76,1139.54,0.121,0.038
0.000000000,317.373,1.291,0.366,0.000,-1.586,-90.846,151.727,32.141,64.282,0.000,629.76,1139.54,0.121,0.038
0.000000000,317.473,1.293,0.367,0.000,-1.586,-90.843,151.779,32.141,64.282,0.000,629.76,1139.54,0.121,0.038
0.000000000,317.572,1.296,0.367,0.000,-1.586,-90.843,151.851,32.141,64.282,0.000,629.76,1139.54,0.121,0.038
0.000000000,317.671,1.297,0.367,0.000,-1.586,-90.845,151.913,32.141,64.282,0.000,629.76,1139.54,0.121,0.038
0.000000000,317.772,1.298,0.367,0.000,-1.586,-90.849,151.975,32.141,64.282,0.000,629.76,1139.54,0.121,0.038
0.000000000,317.871,1.298,0.367,0.000,-1.586,-90.856,152.037,32.141,64.282,0.000,629.76,1139.54,0.121,0.038
0.000000000,317.971,1.297,0.367,0.000,-1.586,-90.864,152.089,32.141,64.282,0.000,629.76,1139.54,0.121,0.038
0.000000000,318.090,1.295,0.367,0.000,-1.586,-90.875,152.161,32.231,64.462,0.000,631.52,1141.91,0.090,0.043
0.000000000,318.171,1.294,0.367,0.000,-1.586,-90.885,152.212,32.231,64.462,0.000,631.52,1141.91,0.090,0.043
0.000000000,318.271,1.291,0.367,0.000,-1.586,-90.895,152.273,32.231,64.462,0.000,631.52,1141.91,0.090,0.043
0.000000000,318.371,1.289,0.367,0.000,-1.587,-90.904,152.334,32.231,64.462,0.000,631.52,1141.91,0.090,0.043
0.000000000,318.473,1.287,0.367,0.000,-1.587,-90.912,152.394,32.231,64.462,0.000,631.52,1141.91,0.090,0.043
0.000000000,318.571,1.284,0.367,0.000,-1.587,-90.918,152.464,32.231,64.462,0.000,631.52,1141.91,0.090,0.043
0.000000000,318.671,1.282,0.367,0.000,-1.587,-90.921,152.524,32.231,64.462,0.000,631.52,1141.91,0.090,0.043
0.000000000,318.771,1.280,0.367,0.000,-1.587,-90.922,152.574,32.231,64.462,0.000,631.52,1141.91,0.090,0.043
0.000000000,318.871,1.277,0.367,0.000,-1.587,-90.923,152.634,32.231,64.462,0.000,631.52,1141.91,0.090,0.043
0.000000000,318.985,1.276,0.367,0.000,-1.587,-90.921,152.683,32.231,64.462,0.000,631.52,1141.91,0.090,0.043
0.000000000,319.093,1.274,0.367,0.000,-1.587,-90.916,152.732,32.349,64.699,0.000,633.84,1144.46,0.118,0.050
0.000000000,319.171,1.271,0.367,0.000,-1.587,-90.907,152.811,32.349,64.699,0.000,633.84,1144.46,0.118,0.050
0.000000000,319.270,1.270,0.368,0.000,-1.587,-90.901,152.860,32.349,64.699,0.000,633.84,1144.46,0.118,0.050
0.000000000,319.370,1.270,0.368,0.000,-1.586,-90.892,152.919,32.349,64.699,0.000,633.84,1144.46,0.118,0.050
0.000000000,319.491,1.269,0.368,0.000,-1.586,-90.883,152.968,32.349,64.699,0.000,633.84,1144.46,0.118,0.050
0.000000000,319.570,1.270,0.368,0.000,-1.586,-90.871,153.027,32.349,64.699,0.000,633.84,1144.46,0.118,0.050
0.000000000,319.670,1.271,0.368,0.000,-1.586,-90.857,153.096,32.349,64.699,0.000,633.84,1144.46,0.118,0.050
0.000000000,319.770,1.272,0.368,0.000,-1.586,-90.845,153.145,32.349,64.699,0.000,633.84,1144.46,0.118,0.050
0.000000000,319.870,1.273,0.368,0.000,-1.585,-90.834,153.204,32.349,64.699,0.000,633.84,1144.46,0.118,0.050
0.000000000,320.003,1.275,0.368,0.000,-1.585,-90.824,153.264,32.349,64.699,0.000,633.84,1144.46,0.118,0.050
0.000000000,320.102,1.276,0.368,0.000,-1.585,-90.819,153.314,32.407,64.813,0.000,634.96,1143.95,0.057,0.051
0.000000000,320.170,1.276,0.368,0.000,-1.585,-90.817,153.374,32.407,64.813,0.000,634.96,1143.95,0.057,0.051
0.000000000,320.274,1.276,0.368,0.000,-1.585,-90.819,153.424,32.407,64.813,0.000,634.96,1143.95,0.057,0.051
0.000000000,320.370,1.277,0.368,0.000,-1.585,-90.826,153.484,32.407,64.813,0.000,634.96,1143.95,0.057,0.051
0.000000000,320.469,1.277,0.368,0.000,-1.585,-90.835,153.544,32.407,64.813,0.000,634.96,1143.95,0.057,0.051
0.000000000,320.571,1.277,0.368,0.000,-1.586,-90.845,153.594,32.407,64.813,0.000,634.96,1143.95,0.057,0.051
0.000000000,320.669,1.277,0.368,0.000,-1.586,-90.859,153.654,32.407,64.813,0.000,634.96,1143.95,0.057,0.051
0.000000000,320.769,1.277,0.368,0.000,-1.586,-90.874,153.714,32.407,64.813,0.000,634.96,1143.95,0.057,0.051
0.000000000,320.872,1.275,0.368,0.000,-1.586,-90.886,153.765,32.407,64.813,0.000,634.96,1143.95,0.057,0.051
0.000000000,321.003,1.274,0.368,0.000,-1.587,-90.900,153.825,32.407,64.813,0.000,634.96,1143.95,0.057,0.051
0.000000000,321.087,1.272,0.368,0.000,-1.587,-90.911,153.875,32.515,65.029,0.000,637.08,1147.58,0.108,0.057
0.000000000,321.169,1.270,0.368,0.000,-1.587,-90.923,153.945,32.515,65.029,0.000,637.08,1147.58,0.108,0.057
0.000000000,321.269,1.267,0.369,0.000,-1.587,-90.930,154.006,32.515,65.029,0.000,637.08,1147.58,0.108,0.057
0.000000000,321.369,1.266,0.369,0.000,-1.587,-90.933,154.056,32.515,65.029,0.000,637.08,1147.58,0.108,0.057
0.000000000,321.469,1.263,0.369,0.000,-1.587,-90.932,154.126,32.515,65.029,0.000,637.08,1147.58,0.108,0.057
0.000000000,321.570,1.261,0.369,0.000,-1.587,-90.929,154.176,32.515,65.029,0.000,637.08,1147.58,0.108,0.057
0.000000000,321.668,1.259,0.369,0.000,-1.587,-90.924,154.226,32.515,65.029,0.000,637.08,1147.58,0.108,0.057
0.000000000,321.769,1.258,0.369,0.000,-1.587,-90.914,154.286,32.515,65.029,0.000,637.08,1147.58,0.108,0.057
0.000000000,321.869,1.256,0.369,0.000,-1.587,-90.900,154.356,32.515,65.029,0.000,637.08,1147.58,0.108,0.057
0.000000000,321.969,1.255,0.369,0.000,-1.586,-90.890,154.416,32.515,65.029,0.000,637.08,1147.58,0.108,0.057
0.000000000,322.086,1.254,0.369,0.000,-1.586,-90.886,154.476,32.658,65.315,0.000,639.88,1153.07,0.143,0.065
0.000000000,322.168,1.253,0.369,0.000,-1.586,-90.891,154.535,32.658,65.315,0.000,639.88,1153.07,0.143,0.065
0.000000000,322.268,1.253,0.369,0.000,-1.587,-90.911,154.595,32.658,65.315,0.000,639.88,1153.07,0.143,0.065
0.000000000,322.392,1.253,0.369,0.000,-1.587,-90.946,154.655,32.658,65.315,0.000,639.88,1153.07,0.143,0.065
0.000000000,322.468,1.253,0.369,0.000,-1.588,-91.000,154.715,32.658,65.315,0.000,639.88,1153.07,0.143,0.065
0.000000000,322.568,1.253,0.369,0.000,-1.589,-91.059,154.764,32.658,65.315,0.000,639.88,1153.07,0.143,0.065
0.000000000,322.668,1.254,0.369,0.000,-1.591,-91.144,154.824,32.658,65.315,0.000,639.88,1153.07,0.143,0.065
0.000000000,322.768,1.254,0.369,0.000,-1.592,-91.223,154.874,32.658,65.315,0.000,639.88,1153.07,0.143,0.065
0.000000000,322.899,1.255,0.369,0.000,-1.594,-91.344,154.943,32.658,65.315,0.000,639.88,1153.07,0.143,0.065
0.000000000,322.969,1.256,0.369,0.000,-1.596,-91.422,154.983,32.658,65.315,0.000,639.88,1153.07,0.143,0.065
0.000000000,323.092,1.258,0.369,0.000,-1.598,-91.545,155.043,32.741,65.483,0.000,641.52,1151.88,0.084,0.067
0.000000000,323.167,1.259,0.369,0.000,-1.600,-91.650,155.092,32.741,65.483,0.000,641.52,1151.88,0.084,0.067
0.000000000,323.268,1.261,0.369,0.000,-1.601,-91.753,155.142,32.741,65.483,0.000,641.52,1151.88,0.084,0.067
0.000000000,323.367,1.262,0.370,0.000,-1.604,-91.892,155.211,32.741,65.483,0.000,641.52,1151.88,0.084,0.067
0.000000000,323.468,1.264,0.370,0.000,-1.606,-92.005,155.270,32.741,65.483,0.000,641.52,1151.88,0.084,0.067
0.000000000,323.567,1.265,0.370,0.000,-1.608,-92.105,155.330,32.741,65.483,0.000,641.52,1151.88,0.084,0.067
0.000000000,323.696,1.266,0.370,0.000,-1.609,-92.205,155.399,32.741,65.483,0.000,641.52,1151.88,0.084,0.067
0.000000000,323.767,1.266,0.370,0.000,-1.610,-92.266,155.448,32.741,65.483,0.000,641.52,1151.88,0.084,0.067
0.000000000,323.867,1.267,0.370,0.000,-1.611,-92.307,155.487,32.741,65.483,0.000,641.52,1151.88,0.084,0.067
0.000000000,323.967,1.268,0.370,0.000,-1.612,-92.375,155.566,32.741,65.483,0.000,641.52,1151.88,0.084,0.067
0.000000000,324.090,1.269,0.370,0.000,-1.613,-92.404,155.616,32.819,65.638,0.000,643.04,1152.19,0.078,0.068
0.000000000,324.167,1.270,0.370,0.000,-1.613,-92.425,155.675,32.819,65.638,0.000,643.04,1152.19,0.078,0.068
0.000000000,324.276,1.270,0.370,0.000,-1.613,-92.428,155.734,32.819,65.638,0.000,643.04,1152.19,0.078,0.068
0.000000000,324.366,1.271,0.370,0.000,-1.613,-92.415,155.794,32.819,65.638,0.000,643.04,1152.19,0.078,0.068
0.000000000,324.467,1.272,0.370,0.000,-1.612,-92.388,155.854,32.819,65.638,0.000,643.04,1152.19,0.078,0.068
0.000000000,324.567,1.273,0.370,0.000,-1.612,-92.362,155.893,32.819,65.638,0.000,643.04,1152.19,0.078,0.068
0.000000000,324.666,1.274,0.370,0.000,-1.611,-92.307,155.963,32.819,65.638,0.000,643.04,1152.19,0.078,0.068
0.000000000,324.788,1.274,0.370,0.000,-1.610,-92.263,156.013,32.819,65.638,0.000,643.04,1152.19,0.078,0.068
0.000000000,324.866,1.274,0.370,0.000,-1.609,-92.204,156.073,32.819,65.638,0.000,643.04,1152.19,0.078,0.068
0.000000000,324.967,1.274,0.370,0.000,-1.608,-92.140,156.133,32.819,65.638,0.000,643.04,1152.19,0.078,0.068
0.000000000,325.088,1.275,0.370,0.000,-1.607,-92.061,156.203,32.962,65.924,0.000,645.84,1157.29,0.143,0.076
0.000000000,325.168,1.276,0.370,0.000,-1.606,-91.994,156.264,32.962,65.924,0.000,645.84,1157.29,0.143,0.076
0.000000000,325.286,1.276,0.371,0.000,-1.604,-91.918,156.334,32.962,65.924,0.000,645.84,1157.29,0.143,0.076
0.000000000,325.366,1.277,0.371,0.000,-1.603,-91.866,156.384,32.962,65.924,0.000,645.84,1157.29,0.143,0.076
0.000000000,325.466,1.277,0.371,0.000,-1.602,-91.812,156.444,32.962,65.924,0.000,645.84,1157.29,0.143,0.076
0.000000000,325.567,1.277,0.371,0.000,-1.602,-91.776,156.504,32.962,65.924,0.000,645.84,1157.29,0.143,0.076
0.000000000,325.666,1.277,0.371,0.000,-1.602,-91.770,156.554,32.962,65.924,0.000,645.84,1157.29,0.143,0.076
0.000000000,325.766,1.277,0.371,0.000,-1.602,-91.804,156.614,32.962,65.924,0.000,645.84,1157.29,0.143,0.076
0.000000000,325.884,1.277,0.371,0.000,-1.604,-91.877,156.664,32.962,65.924,0.000,645.84,1157.29,0.143,0.076
0.000000000,325.966,1.277,0.371,0.000,-1.606,-91.995,156.714,32.962,65.924,0.000,645.84,1157.29,0.143,0.076
0.000000000,326.102,1.277,0.371,0.000,-1.609,-92.195,156.774,32.978,65.956,0.000,646.16,1155.94,0.016,0.070
0.000000000,326.165,1.277,0.371,0.000,-1.614,-92.498,156.843,32.978,65.956,0.000,646.16,1155.94,0.016,0.070
0.000000000,326.279,1.278,0.371,0.000,-1.619,-92.751,156.893,32.978,65.956,0.000,646.16,1155.94,0.016,0.070
0.000000000,326.365,1.278,0.371,0.000,-1.624,-93.027,156.943,32.978,65.956,0.000,646.16,1155.94,0.016,0.070
0.000000000,326.465,1.279,0.371,0.000,-1.631,-93.436,157.012,32.978,65.956,0.000,646.16,1155.94,0.016,0.070
0.000000000,326.565,1.280,0.371,0.000,-1.636,-93.726,157.061,32.978,65.956,0.000,646.16,1155.94,0.016,0.070
0.000000000,326.665,1.281,0.371,0.000,-1.641,-94.046,157.121,32.978,65.956,0.000,646.16,1155.94,0.016,0.070
0.000000000,326.765,1.283,0.371,0.000,-1.646,-94.317,157.180,32.978,65.956,0.000,646.16,1155.94,0.016,0.070
0.000000000,326.865,1.285,0.371,0.000,-1.650,-94.546,157.249,32.978,65.956,0.000,646.16,1155.94,0.016,0.070
0.000000000,326.965,1.286,0.371,0.000,-1.652,-94.636,157.299,32.978,65.956,0.000,646.16,1155.94,0.016,0.070
0.000000000,327.146,1.288,0.371,0.000,-1.652,-94.648,157.359,33.007,66.013,0.000,646.72,1157.22,0.029,0.066
0.000000000,327.164,1.288,0.371,0.000,-1.651,-94.570,157.409,33.007,66.013,0.000,646.72,1157.22,0.029,0.066
0.000000000,327.265,1.289,0.371,0.000,-1.646,-94.311,157.479,33.007,66.013,0.000,646.72,1157.22,0.029,0.066
0.000000000,327.365,1.289,0.371,0.000,-1.643,-94.144,157.509,33.007,66.013,0.000,646.72,1157.22,0.029,0.066
0.000000000,327.466,1.288,0.372,0.000,-1.632,-93.528,157.589,33.007,66.013,0.000,646.72,1157.22,0.029,0.066
0.000000000,327.566,1.287,0.372,0.000,-1.623,-93.015,157.639,33.007,66.013,0.000,646.72,1157.22,0.029,0.066
0.000000000,327.665,1.286,0.372,0.000,-1.615,-92.533,157.680,33.007,66.013,0.000,646.72,1157.22,0.029,0.066
0.000000000,327.765,1.283,0.372,0.000,-1.598,-91.547,157.751,33.007,66.013,0.000,646.72,1157.22,0.029,0.066
0.000000000,327.864,1.280,0.372,0.000,-1.584,-90.734,157.802,33.007,66.013,0.000,646.72,1157.22,0.029,0.066
0.000000000,327.964,1.277,0.372,0.000,-1.561,-89.453,157.873,33.007,66.013,0.000,646.72,1157.22,0.029,0.066
0.000000000,328.087,1.274,0.372,0.000,-1.544,-88.441,157.923,33.027,66.054,0.000,647.12,1158.04,0.020,0.061
0.000000000,328.164,1.272,0.372,0.000,-1.521,-87.136,157.984,33.027,66.054,0.000,647.12,1158.04,0.020,0.061
0.000000000,328.266,1.270,0.372,0.000,-1.497,-85.744,158.045,33.027,66.054,0.000,647.12,1158.04,0.020,0.061
0.000000000,328.364,1.268,0.372,0.000,-1.471,-84.280,158.105,33.027,66.054,0.000,647.12,1158.04,0.020,0.061
0.000000000,328.464,1.265,0.372,0.000,-1.449,-83.015,158.155,33.027,66.054,0.000,647.12,1158.04,0.020,0.061
0.000000000,328.564,1.263,0.372,0.000,-1.426,-81.720,158.204,33.027,66.054,0.000,647.12,1158.04,0.020,0.061
0.000000000,328.698,1.261,0.372,0.000,-1.394,-79.885,158.274,33.027,66.054,0.000,647.12,1158.04,0.020,0.061
0.000000000,328.764,1.260,0.372,0.000,-1.376,-78.837,158.313,33.027,66.054,0.000,647.12,1158.04,0.020,0.061
0.000000000,328.870,1.259,0.372,0.000,-1.344,-77.030,158.382,33.027,66.054,0.000,647.12,1158.04,0.020,0.061
0.000000000,328.979,1.259,0.372,0.000,-1.318,-75.525,158.441,33.027,66.054,0.000,647.12,1158.04,0.020,0.061
0.000000000,329.086,1.260,0.372,0.000,-1.297,-74.312,158.490,33.082,66.164,0.000,648.20,1159.77,0.055,0.061
0.000000000,329.164,1.262,0.372,0.000,-1.273,-72.913,158.549,33.082,66.164,0.000,648.20,1159.77,0.055,0.061
0.000000000,329.263,1.264,0.372,0.000,-1.253,-71.787,158.599,33.082,66.164,0.000,648.20,1159.77,0.055,0.061
0.000000000,329.364,1.266,0.372,0.000,-1.230,-70.469,158.659,33.082,66.164,0.000,648.20,1159.77,0.055,0.061
0.000000000,329.463,1.268,0.372,0.000,-1.211,-69.383,158.709,33.082,66.164,0.000,648.20,1159.77,0.055,0.061
0.000000000,329.563,1.271,0.372,0.000,-1.192,-68.296,158.759,33.082,66.164,0.000,648.20,1159.77,0.055,0.061
0.000000000,329.663,1.272,0.372,0.000,-1.177,-67.422,158.799,33.082,66.164,0.000,648.20,1159.77,0.055,0.061
0.000000000,329.763,1.275,0.373,0.000,-1.157,-66.316,158.850,33.082,66.164,0.000,648.20,1159.77,0.055,0.061
0.000000000,329.863,1.279,0.373,0.000,-1.126,-64.511,158.931,33.082,66.164,0.000,648.20,1159.77,0.055,0.061
0.000000000,329.963,1.282,0.373,0.000,-1.106,-63.356,158.982,33.082,66.164,0.000,648.20,1159.77,0.055,0.061
0.000000000,330.084,1.288,0.373,0.000,-1.073,-61.457,159.065,33.103,66.205,0.000,648.60,1159.76,0.020,0.057
0.000000000,330.178,1.292,0.373,0.000,-1.056,-60.483,159.106,33.103,66.205,0.000,648.60,1159.76,0.020,0.057
0.000000000,330.262,1.296,0.373,0.000,-1.030,-58.999,159.168,33.103,66.205,0.000,648.60,1159.76,0.020,0.057
0.000000000,330.362,1.299,0.373,0.000,-1.003,-57.491,159.230,33.103,66.205,0.000,648.60,1159.76,0.020,0.057
0.000000000,330.463,1.300,0.373,0.000,-0.986,-56.475,159.272,33.103,66.205,0.000,648.60,1159.76,0.020,0.057
0.000000000,330.562,1.299,0.373,0.000,-0.950,-54.429,159.354,33.103,66.205,0.000,648.60,1159.76,0.020,0.057
0.000000000,330.662,1.297,0.373,0.000,-0.928,-53.147,159.405,33.103,66.205,0.000,648.60,1159.76,0.020,0.057
0.000000000,330.762,1.290,0.373,0.000,-0.897,-51.371,159.477,33.103,66.205,0.000,648.60,1159.76,0.020,0.057
0.000000000,330.862,1.283,0.373,0.000,-0.875,-50.127,159.527,33.103,66.205,0.000,648.60,1159.76,0.020,0.057
0.000000000,331.006,1.269,0.373,0.000,-0.845,-48.438,159.597,33.103,66.205,0.000,648.60,1159.76,0.020,0.057
0.000000000,331.080,1.259,0.373,0.000,-0.829,-47.500,159.636,33.337,66.675,0.000,653.20,1169.05,0.235,0.074
0.000000000,331.162,1.240,0.373,0.000,-0.801,-45.919,159.704,33.337,66.675,0.000,653.20,1169.05,0.235,0.074
0.000000000,331.309,1.219,0.373,0.000,-0.779,-44.619,159.762,33.337,66.675,0.000,653.20,1169.05,0.235,0.074
0.000000000,331.362,1.200,0.373,0.000,-0.761,-43.576,159.809,33.337,66.675,0.000,653.20,1169.05,0.235,0.074
0.000000000,331.462,1.175,0.373,0.000,-0.740,-42.379,159.864,33.337,66.675,0.000,653.20,1169.05,0.235,0.074
0.000000000,331.570,1.152,0.373,0.000,-0.723,-41.424,159.908,33.337,66.675,0.000,653.20,1169.05,0.235,0.074
0.000000000,331.662,1.118,0.373,0.000,-0.701,-40.152,159.969,33.337,66.675,0.000,653.20,1169.05,0.235,0.074
0.000000000,331.763,1.090,0.373,0.000,-0.683,-39.116,160.019,33.337,66.675,0.000,653.20,1169.05,0.235,0.074
0.000000000,331.862,1.076,0.373,0.000,-0.674,-38.617,160.044,33.337,66.675,0.000,653.20,1169.05,0.235,0.074
0.000000000,331.961,1.047,0.374,0.000,-0.655,-37.503,160.100,33.337,66.675,0.000,653.20,1169.05,0.235,0.074
0.000000000,332.116,1.025,0.374,0.000,-0.639,-36.599,160.147,33.619,67.238,0.000,658.72,1178.70,0.282,0.095
0.000000000,332.161,1.009,0.374,0.000,-0.626,-35.870,160.185,33.619,67.238,0.000,658.72,1178.70,0.282,0.095
0.000000000,332.261,0.990,0.374,0.000,-0.611,-35.002,160.230,33.619,67.238,0.000,658.72,1178.70,0.282,0.095
0.000000000,332.384,0.971,0.374,0.000,-0.595,-34.118,160.274,33.619,67.238,0.000,658.72,1178.70,0.282,0.095
0.000000000,332.461,0.957,0.374,0.000,-0.585,-33.508,160.303,33.619,67.238,0.000,658.72,1178.70,0.282,0.095
0.000000000,332.561,0.937,0.374,0.000,-0.568,-32.546,160.346,33.619,67.238,0.000,658.72,1178.70,0.282,0.095
0.000000000,332.661,0.920,0.374,0.000,-0.553,-31.685,160.381,33.619,67.238,0.000,658.72,1178.70,0.282,0.095
0.000000000,332.761,0.899,0.374,0.000,-0.530,-30.366,160.429,33.619,67.238,0.000,658.72,1178.70,0.282,0.095
0.000000000,332.861,0.882,0.374,0.000,-0.508,-29.111,160.469,33.619,67.238,0.000,658.72,1178.70,0.282,0.095
0.000000000,332.961,0.865,0.374,0.000,-0.480,-27.488,160.516,33.619,67.238,0.000,658.72,1178.70,0.282,0.095
0.000000000,333.080,0.857,0.374,0.000,-0.462,-26.483,160.542,33.934,67.867,0.000,664.88,1182.55,0.315,0.117
0.000000000,333.160,0.846,0.374,0.000,-0.429,-24.608,160.587,33.934,67.867,0.000,664.88,1182.55,0.315,0.117
0.000000000,333.264,0.840,0.374,0.000,-0.410,-23.478,160.612,33.934,67.867,0.000,664.88,1182.55,0.315,0.117
0.000000000,333.360,0.834,0.374,0.000,-0.379,-21.728,160.651,33.934,67.867,0.000,664.88,1182.55,0.315,0.117
0.000000000,333.480,0.831,0.374,0.000,-0.353,-20.238,160.683,33.934,67.867,0.000,664.88,1182.55,0.315,0.117
0.000000000,333.561,0.829,0.374,0.000,-0.322,-18.434,160.721,33.934,67.867,0.000,664.88,1182.55,0.315,0.117
0.000000000,333.660,0.829,0.374,0.000,-0.296,-16.937,160.753,33.934,67.867,0.000,664.88,1182.55,0.315,0.117
0.000000000,333.774,0.830,0.374,0.000,-0.270,-15.461,160.785,33.934,67.867,0.000,664.88,1182.55,0.315,0.117
0.000000000,333.860,0.833,0.374,0.000,-0.240,-13.740,160.824,33.934,67.867,0.000,664.88,1182.55,0.315,0.117
0.000000000,333.960,0.838,0.374,0.000,-0.211,-12.095,160.863,33.934,67.867,0.000,664.88,1182.55,0.315,0.117
0.000000000,334.092,0.846,0.374,0.000,-0.180,-10.285,160.910,33.970,67.941,0.000,665.60,1182.51,0.037,0.109
0.000000000,334.175,0.853,0.374,0.000,-0.162,-9.308,160.937,33.970,67.941,0.000,665.60,1182.51,0.037,0.109
0.000000000,334.260,0.869,0.374,0.000,-0.135,-7.718,160.984,33.970,67.941,0.000,665.60,1182.51,0.037,0.109
0.000000000,334.360,0.886,0.374,0.000,-0.113,-6.492,161.027,33.970,67.941,0.000,665.60,1182.51,0.037,0.109
0.000000000,334.460,0.906,0.374,0.000,-0.094,-5.398,161.070,33.970,67.941,0.000,665.60,1182.51,0.037,0.109
0.000000000,334.560,0.933,0.374,0.000,-0.075,-4.292,161.122,33.970,67.941,0.000,665.60,1182.51,0.037,0.109
0.000000000,334.660,0.955,0.374,0.000,-0.063,-3.612,161.160,33.970,67.941,0.000,665.60,1182.51,0.037,0.109
0.000000000,334.761,0.981,0.374,0.000,-0.051,-2.916,161.207,33.970,67.941,0.000,665.60,1182.51,0.037,0.109
0.000000000,334.859,1.004,0.374,0.000,-0.042,-2.430,161.247,33.970,67.941,0.000,665.60,1182.51,0.037,0.109
0.000000000,334.961,1.032,0.374,0.000,-0.034,-1.960,161.297,33.970,67.941,0.000,665.60,1182.51,0.037,0.109
0.000000000,335.078,1.061,0.374,0.000,-0.028,-1.593,161.348,34.038,68.075,0.000,666.92,1192.94,0.067,0.105
0.000000000,335.159,1.090,0.374,0.000,-0.023,-1.320,161.401,34.038,68.075,0.000,666.92,1192.94,0.067,0.105
0.000000000,335.259,1.113,0.374,0.000,-0.020,-1.150,161.446,34.038,68.075,0.000,666.92,1192.94,0.067,0.105
0.000000000,335.359,1.144,0.374,0.000,-0.017,-0.983,161.511,34.038,68.075,0.000,666.92,1192.94,0.067,0.105
0.000000000,335.459,1.169,0.374,0.000,-0.016,-0.895,161.567,34.038,68.075,0.000,666.92,1192.94,0.067,0.105
0.000000000,335.559,1.192,0.374,0.000,-0.015,-0.844,161.625,34.038,68.075,0.000,666.92,1192.94,0.067,0.105
0.000000000,335.659,1.217,0.374,0.000,-0.014,-0.817,161.693,34.038,68.075,0.000,666.92,1192.94,0.067,0.105
0.000000000,335.759,1.236,0.374,0.000,-0.014,-0.814,161.752,34.038,68.075,0.000,666.92,1192.94,0.067,0.105
0.000000000,335.860,1.254,0.374,0.000,-0.014,-0.825,161.813,34.038,68.075,0.000,666.92,1192.94,0.067,0.105
0.000000000,335.959,1.266,0.374,0.000,-0.015,-0.841,161.864,34.038,68.075,0.000,666.92,1192.94,0.067,0.105
0.000000000,336.109,1.278,0.374,0.000,-0.015,-0.860,161.915,34.142,68.284,0.000,668.96,1195.12,0.101,0.104
0.000000000,336.160,1.290,0.374,0.000,-0.015,-0.888,161.977,34.142,68.284,0.000,668.96,1195.12,0.101,0.104
0.000000000,336.259,1.300,0.374,0.000,-0.016,-0.920,162.050,34.142,68.284,0.000,668.96,1195.12,0.101,0.104
0.000000000,336.360,1.309,0.374,0.000,-0.017,-0.951,162.124,34.142,68.284,0.000,668.96,1195.12,0.101,0.104
0.000000000,336.459,1.315,0.374,0.000,-0.017,-0.977,162.197,34.142,68.284,0.000,668.96,1195.12,0.101,0.104
0.000000000,336.560,1.318,0.375,0.000,-0.017,-0.995,162.249,34.142,68.284,0.000,668.96,1195.12,0.101,0.104
0.000000000,336.659,1.321,0.375,0.000,-0.018,-1.011,162.312,34.142,68.284,0.000,668.96,1195.12,0.101,0.104
0.000000000,336.760,1.323,0.375,0.000,-0.018,-1.025,162.374,34.142,68.284,0.000,668.96,1195.12,0.101,0.104
0.000000000,336.858,1.324,0.375,0.000,-0.018,-1.033,162.415,34.142,68.284,0.000,668.96,1195.12,0.101,0.104
0.000000000,336.958,1.324,0.375,0.000,-0.018,-1.046,162.487,34.142,68.284,0.000,668.96,1195.12,0.101,0.104
0.000000000,337.084,1.323,0.375,0.000,-0.018,-1.058,162.548,34.215,68.431,0.000,670.40,1198.21,0.076,0.102
0.000000000,337.158,1.321,0.375,0.000,-0.019,-1.074,162.629,34.215,68.431,0.000,670.40,1198.21,0.076,0.102
0.000000000,337.258,1.319,0.375,0.000,-0.019,-1.084,162.680,34.215,68.431,0.000,670.40,1198.21,0.076,0.102
0.000000000,337.360,1.316,0.375,0.000,-0.019,-1.102,162.740,34.215,68.431,0.000,670.40,1198.21,0.076,0.102
0.000000000,337.458,1.314,0.375,0.000,-0.020,-1.122,162.800,34.215,68.431,0.000,670.40,1198.21,0.076,0.102
0.000000000,337.558,1.313,0.375,0.000,-0.020,-1.146,162.871,34.215,68.431,0.000,670.40,1198.21,0.076,0.102
0.000000000,337.659,1.312,0.375,0.000,-0.020,-1.163,162.922,34.215,68.431,0.000,670.40,1198.21,0.076,0.102
0.000000000,337.758,1.312,0.375,0.000,-0.021,-1.177,162.973,34.215,68.431,0.000,670.40,1198.21,0.076,0.102
0.000000000,337.861,1.313,0.375,0.000,-0.021,-1.193,163.044,34.215,68.431,0.000,670.40,1198.21,0.076,0.102
0.000000000,337.957,1.314,0.375,0.000,-0.021,-1.201,163.094,34.215,68.431,0.000,670.40,1198.21,0.076,0.102
0.000000000,338.083,1.316,0.375,0.000,-0.021,-1.207,163.155,34.350,68.700,0.000,673.04,1204.79,0.135,0.105
0.000000000,338.157,1.319,0.375,0.000,-0.021,-1.205,163.217,34.350,68.700,0.000,673.04,1204.79,0.135,0.105
0.000000000,338.257,1.322,0.375,0.000,-0.021,-1.195,163.288,34.350,68.700,0.000,673.04,1204.79,0.135,0.105
0.000000000,338.383,1.324,0.375,0.000,-0.021,-1.181,163.350,34.350,68.700,0.000,673.04,1204.79,0.135,0.105
0.000000000,338.457,1.327,0.376,0.000,-0.020,-1.163,163.412,34.350,68.700,0.000,673.04,1204.79,0.135,0.105
0.000000000,338.557,1.329,0.376,0.000,-0.020,-1.144,163.463,34.350,68.700,0.000,673.04,1204.79,0.135,0.105
0.000000000,338.657,1.330,0.376,0.000,-0.019,-1.117,163.525,34.350,68.700,0.000,673.04,1204.79,0.135,0.105
0.000000000,338.758,1.331,0.376,0.000,-0.019,-1.092,163.576,34.350,68.700,0.000,673.04,1204.79,0.135,0.105
0.000000000,338.858,1.332,0.376,0.000,-0.019,-1.060,163.638,34.350,68.700,0.000,673.04,1204.79,0.135,0.105
0.000000000,338.957,1.332,0.376,0.000,-0.018,-1.022,163.709,34.350,68.700,0.000,673.04,1204.79,0.135,0.105
0.000000000,339.121,1.332,0.376,0.000,-0.017,-0.996,163.760,34.389,68.778,0.000,673.80,1202.22,0.039,0.098
0.000000000,339.158,1.331,0.376,0.000,-0.017,-0.971,163.811,34.389,68.778,0.000,673.80,1202.22,0.039,0.098
0.000000000,339.257,1.331,0.376,0.000,-0.016,-0.940,163.882,34.389,68.778,0.000,673.80,1202.22,0.039,0.098
0.000000000,339.373,1.331,0.376,0.000,-0.016,-0.921,163.933,34.389,68.778,0.000,673.80,1202.22,0.039,0.098
0.000000000,339.457,1.332,0.376,0.000,-0.016,-0.898,163.994,34.389,68.778,0.000,673.80,1202.22,0.039,0.098
0.000000000,339.557,1.333,0.376,0.000,-0.015,-0.872,164.066,34.389,68.778,0.000,673.80,1202.22,0.039,0.098
0.000000000,339.656,1.335,0.376,0.000,-0.015,-0.848,164.127,34.389,68.778,0.000,673.80,1202.22,0.039,0.098
0.000000000,339.757,1.337,0.376,0.000,-0.014,-0.829,164.178,34.389,68.778,0.000,673.80,1202.22,0.039,0.098
0.000000000,339.857,1.339,0.376,0.000,-0.014,-0.808,164.230,34.389,68.778,0.000,673.80,1202.22,0.039,0.098
0.000000000,339.956,1.342,0.376,0.000,-0.014,-0.784,164.292,34.389,68.778,0.000,673.80,1202.22,0.039,0.098
0.000000000,340.120,1.345,0.376,0.000,-0.013,-0.753,164.364,34.401,68.802,0.000,674.04,1198.26,0.012,0.090
0.000000000,340.156,1.347,0.376,0.000,-0.013,-0.741,164.396,34.401,68.802,0.000,674.04,1198.26,0.012,0.090
0.000000000,340.257,1.349,0.376,0.000,-0.012,-0.716,164.458,34.401,68.802,0.000,674.04,1198.26,0.012,0.090
0.000000000,340.359,1.351,0.376,0.000,-0.012,-0.695,164.510,34.401,68.802,0.000,674.04,1198.26,0.012,0.090
0.000000000,340.456,1.354,0.377,0.000,-0.012,-0.666,164.584,34.401,68.802,0.000,674.04,1198.26,0.012,0.090
0.000000000,340.557,1.356,0.377,0.000,-0.011,-0.641,164.647,34.401,68.802,0.000,674.04,1198.26,0.012,0.090
0.000000000,340.656,1.358,0.377,0.000,-0.011,-0.618,164.710,34.401,68.802,0.000,674.04,1198.26,0.012,0.090
0.000000000,340.756,1.359,0.377,0.000,-0.010,-0.596,164.773,34.401,68.802,0.000,674.04,1198.26,0.012,0.090
0.000000000,340.856,1.361,0.377,0.000,-0.010,-0.573,164.836,34.401,68.802,0.000,674.04,1198.26,0.012,0.090
0.000000000,340.956,1.362,0.377,0.000,-0.010,-0.550,164.900,34.401,68.802,0.000,674.04,1198.26,0.012,0.090
0.000000000,341.123,1.362,0.377,0.000,-0.009,-0.535,164.942,34.423,68.847,0.000,674.48,1198.28,0.022,0.083
0.000000000,341.156,1.363,0.377,0.000,-0.009,-0.509,165.017,34.423,68.847,0.000,674.48,1198.28,0.022,0.083
0.000000000,341.256,1.363,0.377,0.000,-0.008,-0.484,165.092,34.423,68.847,0.000,674.48,1198.28,0.022,0.083
0.000000000,341.356,1.363,0.377,0.000,-0.008,-0.463,165.156,34.423,68.847,0.000,674.48,1198.28,0.022,0.083
0.000000000,341.456,1.362,0.377,0.000,-0.008,-0.443,165.220,34.423,68.847,0.000,674.48,1198.28,0.022,0.083
0.000000000,341.588,1.361,0.377,0.000,-0.007,-0.423,165.284,34.423,68.847,0.000,674.48,1198.28,0.022,0.083
0.000000000,341.655,1.359,0.377,0.000,-0.007,-0.407,165.337,34.423,68.847,0.000,674.48,1198.28,0.022,0.083
0.000000000,341.756,1.357,0.377,0.000,-0.007,-0.393,165.390,34.423,68.847,0.000,674.48,1198.28,0.022,0.083
0.000000000,341.867,1.353,0.377,0.000,-0.007,-0.378,165.454,34.423,68.847,0.000,674.48,1198.28,0.022,0.083
0.000000000,341.955,1.350,0.377,0.000,-0.006,-0.365,165.507,34.423,68.847,0.000,674.48,1198.28,0.022,0.083
0.000000000,342.073,1.346,0.377,0.000,-0.006,-0.347,165.581,34.423,68.847,0.000,674.48,1199.66,0.000,0.075
0.000000000,342.155,1.343,0.377,0.000,-0.006,-0.337,165.623,34.423,68.847,0.000,674.48,1199.66,0.000,0.075
0.000000000,342.256,1.340,0.377,0.000,-0.006,-0.327,165.675,34.423,68.847,0.000,674.48,1199.66,0.000,0.075
0.000000000,342.355,1.336,0.378,0.000,-0.005,-0.310,165.759,34.423,68.847,0.000,674.48,1199.66,0.000,0.075
0.000000000,342.455,1.334,0.378,0.000,-0.005,-0.301,165.811,34.423,68.847,0.000,674.48,1199.66,0.000,0.075
0.000000000,342.555,1.331,0.378,0.000,-0.005,-0.291,165.863,34.423,68.847,0.000,674.48,1199.66,0.000,0.075
0.000000000,342.668,1.328,0.378,0.000,-0.005,-0.281,165.915,34.423,68.847,0.000,674.48,1199.66,0.000,0.075
0.000000000,342.755,1.326,0.378,0.000,-0.005,-0.272,165.967,34.423,68.847,0.000,674.48,1199.66,0.000,0.075
0.000000000,342.855,1.323,0.378,0.000,-0.005,-0.265,166.029,34.423,68.847,0.000,674.48,1199.66,0.000,0.075
0.000000000,342.955,1.321,0.378,0.000,-0.004,-0.257,166.091,34.423,68.847,0.000,674.48,1199.66,0.000,0.075
0.000000000,343.076,1.319,0.378,0.000,-0.004,-0.252,166.142,34.423,68.847,0.000,674.48,1200.01,0.000,0.067
0.000000000,343.180,1.317,0.378,0.000,-0.004,-0.245,166.194,34.423,68.847,0.000,674.48,1200.01,0.000,0.067
0.000000000,343.254,1.315,0.378,0.000,-0.004,-0.237,166.265,34.423,68.847,0.000,674.48,1200.01,0.000,0.067
0.000000000,343.355,1.312,0.378,0.000,-0.004,-0.231,166.326,34.423,68.847,0.000,674.48,1200.01,0.000,0.067
0.000000000,343.454,1.311,0.378,0.000,-0.004,-0.224,166.388,34.423,68.847,0.000,674.48,1200.01,0.000,0.067
0.000000000,343.561,1.309,0.378,0.000,-0.004,-0.219,166.438,34.423,68.847,0.000,674.48,1200.01,0.000,0.067
0.000000000,343.654,1.308,0.378,0.000,-0.004,-0.211,166.499,34.423,68.847,0.000,674.48,1200.01,0.000,0.067
0.000000000,343.754,1.308,0.378,0.000,-0.004,-0.204,166.560,34.423,68.847,0.000,674.48,1200.01,0.000,0.067
0.000000000,343.854,1.307,0.378,0.000,-0.003,-0.200,166.601,34.423,68.847,0.000,674.48,1200.01,0.000,0.067
0.000000000,343.955,1.308,0.378,0.000,-0.003,-0.191,166.683,34.423,68.847,0.000,674.48,1200.01,0.000,0.067
0.000000000,344.076,1.308,0.378,0.000,-0.003,-0.183,166.755,34.423,68.847,0.000,674.48,1201.26,0.000,0.061
0.000000000,344.155,1.309,0.378,0.000,-0.003,-0.172,166.828,34.423,68.847,0.000,674.48,1201.26,0.000,0.061
0.000000000,344.254,1.309,0.378,0.000,-0.003,-0.161,166.890,34.423,68.847,0.000,674.48,1201.26,0.000,0.061
0.000000000,344.383,1.308,0.379,0.000,-0.003,-0.155,166.942,34.423,68.847,0.000,674.48,1201.26,0.000,0.061
0.000000000,344.454,1.307,0.379,0.000,-0.003,-0.144,167.015,34.423,68.847,0.000,674.48,1201.26,0.000,0.061
0.000000000,344.556,1.306,0.379,0.000,-0.002,-0.136,167.077,34.423,68.847,0.000,674.48,1201.26,0.000,0.061
0.000000000,344.654,1.305,0.379,0.000,-0.002,-0.128,167.139,34.423,68.847,0.000,674.48,1201.26,0.000,0.061
0.000000000,344.755,1.304,0.379,0.000,-0.002,-0.122,167.201,34.423,68.847,0.000,674.48,1201.26,0.000,0.061
0.000000000,344.854,1.303,0.379,0.000,-0.002,-0.116,167.273,34.423,68.847,0.000,674.48,1201.26,0.000,0.061
0.000000000,344.993,1.301,0.379,0.000,-0.002,-0.113,167.325,34.423,68.847,0.000,674.48,1201.26,0.000,0.061
0.000000000,345.075,1.300,0.379,0.000,-0.002,-0.109,167.376,34.423,68.847,0.000,674.48,1202.66,0.000,0.054
0.000000000,345.154,1.298,0.379,0.000,-0.002,-0.103,167.438,34.423,68.847,0.000,674.48,1202.66,0.000,0.054
0.000000000,345.272,1.296,0.379,0.000,-0.002,-0.099,167.489,34.423,68.847,0.000,674.48,1202.66,0.000,0.054
0.000000000,345.354,1.294,0.379,0.000,-0.002,-0.093,167.571,34.423,68.847,0.000,674.48,1202.66,0.000,0.054
0.000000000,345.453,1.293,0.379,0.000,-0.002,-0.089,167.633,34.423,68.847,0.000,674.48,1202.66,0.000,0.054
0.000000000,345.553,1.292,0.379,0.000,-0.001,-0.085,167.694,34.423,68.847,0.000,674.48,1202.66,0.000,0.054
0.000000000,345.653,1.292,0.379,0.000,-0.001,-0.082,167.745,34.423,68.847,0.000,674.48,1202.66,0.000,0.054
0.000000000,345.753,1.291,0.379,0.000,-0.001,-0.080,167.796,34.423,68.847,0.000,674.48,1202.66,0.000,0.054
0.000000000,345.853,1.290,0.379,0.000,-0.001,-0.077,167.867,34.423,68.847,0.000,674.48,1202.66,0.000,0.054
0.000000000,345.953,1.288,0.379,0.000,-0.001,-0.075,167.929,34.423,68.847,0.000,674.48,1202.66,0.000,0.054
0.000000000,346.127,1.287,0.379,0.000,-0.001,-0.074,167.959,34.423,68.847,0.000,674.48,1203.06,0.000,0.049
0.000000000,346.153,1.286,0.379,0.000,-0.001,-0.071,168.030,34.423,68.847,0.000,674.48,1203.06,0.000,0.049
0.000000000,346.253,1.284,0.380,0.000,-0.001,-0.069,168.092,34.423,68.847,0.000,674.48,1203.06,0.000,0.049
0.000000000,346.353,1.283,0.380,0.000,-0.001,-0.066,168.143,34.423,68.847,0.000,674.48,1203.06,0.000,0.049
0.000000000,346.453,1.281,0.380,0.000,-0.001,-0.063,168.204,34.423,68.847,0.000,674.48,1203.06,0.000,0.049
0.000000000,346.574,1.280,0.380,0.000,-0.001,-0.056,168.276,34.423,68.847,0.000,674.48,1203.06,0.000,0.049
0.000000000,346.653,1.279,0.380,0.000,-0.001,-0.054,168.317,34.423,68.847,0.000,674.48,1203.06,0.000,0.049
0.000000000,346.754,1.279,0.380,0.000,-0.001,-0.048,168.378,34.423,68.847,0.000,674.48,1203.06,0.000,0.049
0.000000000,346.861,1.279,0.380,0.000,-0.001,-0.046,168.419,34.423,68.847,0.000,674.48,1203.06,0.000,0.049
0.000000000,346.952,1.280,0.380,0.000,-0.001,-0.041,168.491,34.423,68.847,0.000,674.48,1203.06,0.000,0.049
0.000000000,347.118,1.281,0.380,0.000,-0.001,-0.038,168.542,34.423,68.847,0.000,674.48,1202.29,0.000,0.044
0.000000000,347.153,1.282,0.380,0.000,-0.001,-0.034,168.593,34.423,68.847,0.000,674.48,1202.29,0.000,0.044
0.000000000,347.252,1.283,0.380,0.000,-0.001,-0.030,168.654,34.423,68.847,0.000,674.48,1202.29,0.000,0.044
0.000000000,347.352,1.285,0.380,0.000,-0.000,-0.025,168.716,34.423,68.847,0.000,674.48,1202.29,0.000,0.044
0.000000000,347.452,1.286,0.380,0.000,-0.000,-0.021,168.767,34.423,68.847,0.000,674.48,1202.29,0.000,0.044
0.000000000,347.552,1.288,0.380,0.000,-0.000,-0.015,168.840,34.423,68.847,0.000,674.48,1202.29,0.000,0.044
0.000000000,347.688,1.290,0.380,0.000,-0.000,-0.010,168.881,34.423,68.847,0.000,674.48,1202.29,0.000,0.044
0.000000000,347.752,1.292,0.380,0.000,0.000,0.000,168.943,34.423,68.847,0.000,674.48,1202.29,0.000,0.044
0.000000000,347.852,1.293,0.380,0.000,0.000,0.013,169.005,34.423,68.847,0.000,674.48,1202.29,0.000,0.044
0.000000000,347.952,1.294,0.380,0.000,0.000,0.024,169.057,34.423,68.847,0.000,674.48,1202.29,0.000,0.044
0.000000000,348.080,1.295,0.380,0.000,0.001,0.035,169.109,34.446,68.892,0.000,674.92,1203.32,0.022,0.042
0.000000000,348.152,1.297,0.380,0.000,0.001,0.049,169.171,34.446,68.892,0.000,674.92,1203.32,0.022,0.042
0.000000000,348.252,1.298,0.380,0.000,0.001,0.060,169.223,34.446,68.892,0.000,674.92,1203.32,0.022,0.042
0.000000000,348.352,1.300,0.380,0.000,0.001,0.074,169.286,34.446,68.892,0.000,674.92,1203.32,0.022,0.042
0.000000000,348.452,1.302,0.380,0.000,0.002,0.087,169.359,34.446,68.892,0.000,674.92,1203.32,0.022,0.042
0.000000000,348.552,1.303,0.381,0.000,0.002,0.092,169.412,34.446,68.892,0.000,674.92,1203.32,0.022,0.042
0.000000000,348.652,1.305,0.381,0.000,0.002,0.095,169.485,34.446,68.892,0.000,674.92,1203.32,0.022,0.042
0.000000000,348.787,1.306,0.381,0.000,0.002,0.092,169.528,34.446,68.892,0.000,674.92,1203.32,0.022,0.042
0.000000000,348.852,1.306,0.381,0.000,0.001,0.083,169.581,34.446,68.892,0.000,674.92,1203.32,0.022,0.042
0.000000000,348.951,1.307,0.381,0.000,0.001,0.060,169.655,34.446,68.892,0.000,674.92,1203.32,0.022,0.042
0.000000000,349.118,1.308,0.381,0.000,0.000,0.023,169.719,34.507,69.014,0.000,676.12,1205.58,0.061,0.044
0.000000000,349.153,1.308,0.381,0.000,-0.000,-0.015,169.761,34.507,69.014,0.000,676.12,1205.58,0.061,0.044
0.000000000,349.254,1.307,0.381,0.000,-0.002,-0.126,169.846,34.507,69.014,0.000,676.12,1205.58,0.061,0.044
0.000000000,349.358,1.306,0.381,0.000,-0.003,-0.163,169.867,34.507,69.014,0.000,676.12,1205.58,0.061,0.044
0.000000000,349.453,1.304,0.381,0.000,-0.005,-0.269,169.920,34.507,69.014,0.000,676.12,1205.58,0.061,0.044
0.000000000,349.551,1.302,0.381,0.000,-0.007,-0.420,169.983,34.507,69.014,0.000,676.12,1205.58,0.061,0.044
0.000000000,349.673,1.299,0.381,0.000,-0.010,-0.556,170.035,34.507,69.014,0.000,676.12,1205.58,0.061,0.044
0.000000000,349.751,1.298,0.381,0.000,-0.011,-0.635,170.066,34.507,69.014,0.000,676.12,1205.58,0.061,0.044
0.000000000,349.851,1.296,0.381,0.000,-0.014,-0.778,170.129,34.507,69.014,0.000,676.12,1205.58,0.061,0.044
0.000000000,349.971,1.295,0.381,0.000,-0.015,-0.876,170.181,34.507,69.014,0.000,676.12,1205.58,0.061,0.044
0.000000000,350.074,1.295,0.381,0.000,-0.017,-0.970,170.243,34.611,69.223,0.000,678.16,1208.46,0.104,0.050
0.000000000,350.151,1.296,0.381,0.000,-0.018,-1.044,170.306,34.611,69.223,0.000,678.16,1208.46,0.104,0.050
0.000000000,350.262,1.298,0.381,0.000,-0.019,-1.096,170.358,34.611,69.223,0.000,678.16,1208.46,0.104,0.050
0.000000000,350.351,1.300,0.381,0.000,-0.020,-1.142,170.410,34.611,69.223,0.000,678.16,1208.46,0.104,0.050
0.000000000,350.451,1.304,0.381,0.000,-0.021,-1.204,170.483,34.611,69.223,0.000,678.16,1208.46,0.104,0.050
0.000000000,350.584,1.308,0.381,0.000,-0.022,-1.260,170.546,34.611,69.223,0.000,678.16,1208.46,0.104,0.050
0.000000000,350.651,1.312,0.381,0.000,-0.023,-1.312,170.598,34.611,69.223,0.000,678.16,1208.46,0.104,0.050
0.000000000,350.750,1.315,0.381,0.000,-0.024,-1.368,170.651,34.611,69.223,0.000,678.16,1208.46,0.104,0.050
0.000000000,350.874,1.318,0.381,0.000,-0.025,-1.445,170.714,34.611,69.223,0.000,678.16,1208.46,0.104,0.050
0.000000000,350.953,1.320,0.382,0.000,-0.027,-1.521,170.767,34.611,69.223,0.000,678.16,1208.46,0.104,0.050
0.000000000,351.072,1.321,0.382,0.000,-0.028,-1.602,170.820,34.693,69.386,0.000,679.76,1208.63,0.082,0.053
0.000000000,351.169,1.322,0.382,0.000,-0.030,-1.704,170.883,34.693,69.386,0.000,679.76,1208.63,0.082,0.053
0.000000000,351.250,1.323,0.382,0.000,-0.032,-1.825,170.958,34.693,69.386,0.000,679.76,1208.63,0.082,0.053
0.000000000,351.350,1.324,0.382,0.000,-0.034,-1.930,171.022,34.693,69.386,0.000,679.76,1208.63,0.082,0.053
0.000000000,351.464,1.325,0.382,0.000,-0.035,-2.016,171.076,34.693,69.386,0.000,679.76,1208.63,0.082,0.053
0.000000000,351.550,1.326,0.382,0.000,-0.037,-2.118,171.140,34.693,69.386,0.000,679.76,1208.63,0.082,0.053
0.000000000,351.650,1.327,0.382,0.000,-0.039,-2.217,171.205,34.693,69.386,0.000,679.76,1208.63,0.082,0.053
0.000000000,351.751,1.327,0.382,0.000,-0.040,-2.282,171.248,34.693,69.386,0.000,679.76,1208.63,0.082,0.053
0.000000000,351.850,1.327,0.382,0.000,-0.041,-2.376,171.313,34.693,69.386,0.000,679.76,1208.63,0.082,0.053
0.000000000,351.950,1.327,0.382,0.000,-0.043,-2.484,171.389,34.693,69.386,0.000,679.76,1208.63,0.082,0.053
0.000000000,352.116,1.326,0.382,0.000,-0.045,-2.556,171.442,34.783,69.566,0.000,681.52,1209.86,0.086,0.056
0.000000000,352.151,1.325,0.382,0.000,-0.046,-2.622,171.496,34.783,69.566,0.000,681.52,1209.86,0.086,0.056
0.000000000,352.249,1.322,0.382,0.000,-0.047,-2.700,171.570,34.783,69.566,0.000,681.52,1209.86,0.086,0.056
0.000000000,352.349,1.320,0.382,0.000,-0.048,-2.736,171.613,34.783,69.566,0.000,681.52,1209.86,0.086,0.056
0.000000000,352.449,1.316,0.382,0.000,-0.049,-2.791,171.687,34.783,69.566,0.000,681.52,1209.86,0.086,0.056
0.000000000,352.549,1.313,0.382,0.000,-0.049,-2.829,171.750,34.783,69.566,0.000,681.52,1209.86,0.086,0.056
0.000000000,352.649,1.310,0.382,0.000,-0.050,-2.854,171.792,34.783,69.566,0.000,681.52,1209.86,0.086,0.056
0.000000000,352.749,1.306,0.382,0.000,-0.051,-2.896,171.865,34.783,69.566,0.000,681.52,1209.86,0.086,0.056
0.000000000,352.849,1.302,0.382,0.000,-0.051,-2.937,171.928,34.783,69.566,0.000,681.52,1209.86,0.086,0.056
0.000000000,352.949,1.300,0.383,0.000,-0.052,-2.976,171.980,34.783,69.566,0.000,681.52,1209.86,0.086,0.056
0.000000000,353.072,1.298,0.383,0.000,-0.053,-3.019,172.031,34.854,69.708,0.000,682.92,1211.42,0.075,0.058
0.000000000,353.149,1.296,0.383,0.000,-0.054,-3.078,172.094,34.854,69.708,0.000,682.92,1211.42,0.075,0.058
0.000000000,353.249,1.294,0.383,0.000,-0.055,-3.132,172.145,34.854,69.708,0.000,682.92,1211.42,0.075,0.058
0.000000000,353.350,1.293,0.383,0.000,-0.056,-3.203,172.207,34.854,69.708,0.000,682.92,1211.42,0.075,0.058
0.000000000,353.469,1.291,0.383,0.000,-0.057,-3.294,172.279,34.854,69.708,0.000,682.92,1211.42,0.075,0.058
0.000000000,353.549,1.290,0.383,0.000,-0.059,-3.362,172.331,34.854,69.708,0.000,682.92,1211.42,0.075,0.058
0.000000000,353.649,1.289,0.383,0.000,-0.060,-3.443,172.392,34.854,69.708,0.000,682.92,1211.42,0.075,0.058
0.000000000,353.751,1.288,0.383,0.000,-0.061,-3.508,172.443,34.854,69.708,0.000,682.92,1211.42,0.075,0.058
0.000000000,353.849,1.287,0.383,0.000,-0.062,-3.568,172.494,34.854,69.708,0.000,682.92,1211.42,0.075,0.058
0.000000000,353.950,1.287,0.383,0.000,-0.063,-3.615,172.535,34.854,69.708,0.000,682.92,1211.42,0.075,0.058
0.000000000,354.118,1.287,0.383,0.000,-0.064,-3.649,172.566,34.979,69.958,0.000,685.36,1215.69,0.125,0.065
0.000000000,354.149,1.288,0.383,0.000,-0.065,-3.727,172.637,34.979,69.958,0.000,685.36,1215.69,0.125,0.065
0.000000000,354.248,1.290,0.383,0.000,-0.066,-3.767,172.678,34.979,69.958,0.000,685.36,1215.69,0.125,0.065
0.000000000,354.349,1.292,0.383,0.000,-0.067,-3.816,172.730,34.979,69.958,0.000,685.36,1215.69,0.125,0.065
0.000000000,354.448,1.296,0.383,0.000,-0.068,-3.886,172.802,34.979,69.958,0.000,685.36,1215.69,0.125,0.065
0.000000000,354.548,1.300,0.383,0.000,-0.069,-3.949,172.864,34.979,69.958,0.000,685.36,1215.69,0.125,0.065
0.000000000,354.648,1.303,0.383,0.000,-0.070,-4.005,172.917,34.979,69.958,0.000,685.36,1215.69,0.125,0.065
0.000000000,354.749,1.308,0.383,0.000,-0.071,-4.088,172.990,34.979,69.958,0.000,685.36,1215.69,0.125,0.065
0.000000000,354.883,1.312,0.383,0.000,-0.073,-4.165,173.053,34.979,69.958,0.000,685.36,1215.69,0.125,0.065
0.000000000,354.949,1.315,0.383,0.000,-0.074,-4.238,173.105,34.979,69.958,0.000,685.36,1215.69,0.125,0.065
0.000000000,355.075,1.318,0.383,0.000,-0.075,-4.321,173.158,35.026,70.051,0.000,686.28,1216.16,0.047,0.063
0.000000000,355.164,1.321,0.383,0.000,-0.077,-4.437,173.221,35.026,70.051,0.000,686.28,1216.16,0.047,0.063
0.000000000,355.248,1.324,0.383,0.000,-0.079,-4.544,173.273,35.026,70.051,0.000,686.28,1216.16,0.047,0.063
0.000000000,355.349,1.327,0.383,0.000,-0.082,-4.688,173.337,35.026,70.051,0.000,686.28,1216.16,0.047,0.063
0.000000000,355.448,1.329,0.384,0.000,-0.084,-4.820,173.389,35.026,70.051,0.000,686.28,1216.16,0.047,0.063
0.000000000,355.548,1.331,0.384,0.000,-0.088,-5.015,173.463,35.026,70.051,0.000,686.28,1216.16,0.047,0.063
0.000000000,355.648,1.331,0.384,0.000,-0.089,-5.122,173.506,35.026,70.051,0.000,686.28,1216.16,0.047,0.063
0.000000000,355.748,1.331,0.384,0.000,-0.091,-5.240,173.559,35.026,70.051,0.000,686.28,1216.16,0.047,0.063
0.000000000,355.848,1.328,0.384,0.000,-0.094,-5.368,173.644,35.026,70.051,0.000,686.28,1216.16,0.047,0.063
0.000000000,355.948,1.324,0.384,0.000,-0.094,-5.394,173.697,35.026,70.051,0.000,686.28,1216.16,0.047,0.063
0.000000000,356.088,1.317,0.384,0.000,-0.094,-5.366,173.761,35.146,70.292,0.000,688.64,1220.03,0.118,0.069
0.000000000,356.148,1.311,0.384,0.000,-0.093,-5.302,173.814,35.146,70.292,0.000,688.64,1220.03,0.118,0.069
0.000000000,356.248,1.299,0.384,0.000,-0.090,-5.154,173.897,35.146,70.292,0.000,688.64,1220.03,0.118,0.069
0.000000000,356.347,1.289,0.384,0.000,-0.088,-5.019,173.970,35.146,70.292,0.000,688.64,1220.03,0.118,0.069
0.000000000,356.448,1.282,0.384,0.000,-0.086,-4.942,174.021,35.146,70.292,0.000,688.64,1220.03,0.118,0.069
0.000000000,356.547,1.274,0.384,0.000,-0.085,-4.877,174.092,35.146,70.292,0.000,688.64,1220.03,0.118,0.069
0.000000000,356.647,1.266,0.384,0.000,-0.085,-4.876,174.162,35.146,70.292,0.000,688.64,1220.03,0.118,0.069
0.000000000,356.747,1.263,0.384,0.000,-0.085,-4.895,174.192,35.146,70.292,0.000,688.64,1220.03,0.118,0.069
0.000000000,356.847,1.257,0.384,0.000,-0.087,-4.963,174.253,35.146,70.292,0.000,688.64,1220.03,0.118,0.069
0.000000000,356.989,1.252,0.384,0.000,-0.089,-5.087,174.322,35.146,70.292,0.000,688.64,1220.03,0.118,0.069
0.000000000,357.085,1.250,0.384,0.000,-0.091,-5.196,174.372,35.238,70.476,0.000,690.44,1221.94,0.094,0.071
0.000000000,357.147,1.248,0.384,0.000,-0.093,-5.317,174.422,35.238,70.476,0.000,690.44,1221.94,0.094,0.071
0.000000000,357.247,1.247,0.384,0.000,-0.095,-5.442,174.471,35.238,70.476,0.000,690.44,1221.94,0.094,0.071
0.000000000,357.347,1.247,0.384,0.000,-0.098,-5.594,174.531,35.238,70.476,0.000,690.44,1221.94,0.094,0.071
0.000000000,357.447,1.249,0.384,0.000,-0.100,-5.737,174.591,35.238,70.476,0.000,690.44,1221.94,0.094,0.071
0.000000000,357.547,1.252,0.385,0.000,-0.102,-5.867,174.651,35.238,70.476,0.000,690.44,1221.94,0.094,0.071
0.000000000,357.650,1.256,0.385,0.000,-0.104,-5.980,174.712,35.238,70.476,0.000,690.44,1221.94,0.094,0.071
0.000000000,357.747,1.260,0.385,0.000,-0.106,-6.056,174.762,35.238,70.476,0.000,690.44,1221.94,0.094,0.071
0.000000000,357.859,1.265,0.385,0.000,-0.107,-6.125,174.823,35.238,70.476,0.000,690.44,1221.94,0.094,0.071
0.000000000,357.947,1.269,0.385,0.000,-0.108,-6.164,174.874,35.238,70.476,0.000,690.44,1221.94,0.094,0.071
0.000000000,358.070,1.274,0.385,0.000,-0.108,-6.187,174.935,35.328,70.656,0.000,692.20,1224.04,0.090,0.073
0.000000000,358.147,1.280,0.385,0.000,-0.108,-6.181,175.007,35.328,70.656,0.000,692.20,1224.04,0.090,0.073
0.000000000,358.246,1.282,0.385,0.000,-0.108,-6.168,175.038,35.328,70.656,0.000,692.20,1224.04,0.090,0.073
0.000000000,358.347,1.287,0.385,0.000,-0.107,-6.133,175.090,35.328,70.656,0.000,692.20,1224.04,0.090,0.073
0.000000000,358.446,1.290,0.385,0.000,-0.106,-6.081,175.141,35.328,70.656,0.000,692.20,1224.04,0.090,0.073
0.000000000,358.547,1.293,0.385,0.000,-0.105,-6.028,175.182,35.328,70.656,0.000,692.20,1224.04,0.090,0.073
0.000000000,358.646,1.296,0.385,0.000,-0.103,-5.929,175.244,35.328,70.656,0.000,692.20,1224.04,0.090,0.073
0.000000000,358.746,1.299,0.385,0.000,-0.101,-5.811,175.306,35.328,70.656,0.000,692.20,1224.04,0.090,0.073
0.000000000,358.846,1.302,0.385,0.000,-0.099,-5.676,175.368,35.328,70.656,0.000,692.20,1224.04,0.090,0.073
0.000000000,358.946,1.304,0.385,0.000,-0.096,-5.501,175.441,35.328,70.656,0.000,692.20,1224.04,0.090,0.073
0.000000000,359.118,1.305,0.385,0.000,-0.094,-5.366,175.492,35.377,70.754,0.000,693.16,1226.55,0.049,0.071
0.000000000,359.147,1.306,0.385,0.000,-0.091,-5.225,175.544,35.377,70.754,0.000,693.16,1226.55,0.049,0.071
0.000000000,359.246,1.307,0.385,0.000,-0.088,-5.050,175.606,35.377,70.754,0.000,693.16,1226.55,0.049,0.071
0.000000000,359.347,1.307,0.385,0.000,-0.085,-4.869,175.668,35.377,70.754,0.000,693.16,1226.55,0.049,0.071
0.000000000,359.446,1.307,0.385,0.000,-0.082,-4.713,175.720,35.377,70.754,0.000,693.16,1226.55,0.049,0.071
0.000000000,359.546,1.307,0.385,0.000,-0.079,-4.524,175.782,35.377,70.754,0.000,693.16,1226.55,0.049,0.071
0.000000000,359.659,1.307,0.385,0.000,-0.076,-4.336,175.844,35.377,70.754,0.000,693.16,1226.55,0.049,0.071
0.000000000,359.748,1.306,0.385,0.000,-0.073,-4.180,175.895,35.377,70.754,0.000,693.16,1226.55,0.049,0.071
0.000000000,359.846,1.305,0.385,0.000,-0.070,-3.997,175.958,35.377,70.754,0.000,693.16,1226.55,0.049,0.071
0.000000000,359.946,1.303,0.386,0.000,-0.066,-3.789,176.030,35.377,70.754,0.000,693.16,1226.55,0.049,0.071
0.000000000,360.083,1.302,0.386,0.000,-0.065,-3.703,176.061,35.520,71.040,0.000,695.96,1230.83,0.141,0.078
0.000000000,360.146,1.298,0.386,0.000,-0.061,-3.483,176.144,35.520,71.040,0.000,695.96,1230.83,0.141,0.078
0.000000000,360.269,1.296,0.386,0.000,-0.059,-3.379,176.186,35.520,71.040,0.000,695.96,1230.83,0.141,0.078
0.000000000,360.346,1.292,0.386,0.000,-0.056,-3.209,176.259,35.520,71.040,0.000,695.96,1230.83,0.141,0.078
0.000000000,360.445,1.289,0.386,0.000,-0.054,-3.097,176.310,35.520,71.040,0.000,695.96,1230.83,0.141,0.078
0.000000000,360.545,1.285,0.386,0.000,-0.052,-2.956,176.383,35.520,71.040,0.000,695.96,1230.83,0.141,0.078
0.000000000,360.670,1.281,0.386,0.000,-0.050,-2.869,176.434,35.520,71.040,0.000,695.96,1230.83,0.141,0.078
0.000000000,360.745,1.278,0.386,0.000,-0.048,-2.764,176.506,35.520,71.040,0.000,695.96,1230.83,0.141,0.078
0.000000000,360.845,1.275,0.386,0.000,-0.047,-2.689,176.567,35.520,71.040,0.000,695.96,1230.83,0.141,0.078
0.000000000,360.945,1.273,0.386,0.000,-0.046,-2.629,176.628,35.520,71.040,0.000,695.96,1230.83,0.141,0.078
0.000000000,361.074,1.273,0.386,0.000,-0.045,-2.568,176.699,35.583,71.166,0.000,697.20,1232.31,0.064,0.076
0.000000000,361.151,1.273,0.386,0.000,-0.044,-2.533,176.750,35.583,71.166,0.000,697.20,1232.31,0.064,0.076
0.000000000,361.246,1.274,0.386,0.000,-0.044,-2.502,176.801,35.583,71.166,0.000,697.20,1232.31,0.064,0.076
0.000000000,361.345,1.275,0.386,0.000,-0.043,-2.464,176.883,35.583,71.166,0.000,697.20,1232.31,0.064,0.076
0.000000000,361.445,1.276,0.386,0.000,-0.043,-2.449,176.935,35.583,71.166,0.000,697.20,1232.31,0.064,0.076
0.000000000,361.548,1.278,0.386,0.000,-0.043,-2.441,176.998,35.583,71.166,0.000,697.20,1232.31,0.064,0.076
0.000000000,361.646,1.279,0.386,0.000,-0.043,-2.445,177.071,35.583,71.166,0.000,697.20,1232.31,0.064,0.076
0.000000000,361.745,1.280,0.386,0.000,-0.043,-2.458,177.123,35.583,71.166,0.000,697.20,1232.31,0.064,0.076
0.000000000,361.846,1.282,0.386,0.000,-0.043,-2.491,177.197,35.583,71.166,0.000,697.20,1232.31,0.064,0.076
0.000000000,361.983,1.282,0.386,0.000,-0.044,-2.520,177.239,35.583,71.166,0.000,697.20,1232.31,0.064,0.076
0.000000000,362.075,1.283,0.387,0.000,-0.045,-2.576,177.302,35.720,71.440,0.000,699.88,1236.21,0.137,0.082
0.000000000,362.144,1.284,0.387,0.000,-0.047,-2.670,177.380,35.720,71.440,0.000,699.88,1236.21,0.137,0.082
0.000000000,362.258,1.285,0.387,0.000,-0.048,-2.731,177.422,35.720,71.440,0.000,699.88,1236.21,0.137,0.082
0.000000000,362.344,1.285,0.387,0.000,-0.050,-2.852,177.495,35.720,71.440,0.000,699.88,1236.21,0.137,0.082
0.000000000,362.445,1.285,0.387,0.000,-0.051,-2.944,177.547,35.720,71.440,0.000,699.88,1236.21,0.137,0.082
0.000000000,362.546,1.286,0.387,0.000,-0.053,-3.054,177.609,35.720,71.440,0.000,699.88,1236.21,0.137,0.082
0.000000000,362.644,1.286,0.387,0.000,-0.055,-3.141,177.661,35.720,71.440,0.000,699.88,1236.21,0.137,0.082
0.000000000,362.744,1.287,0.387,0.000,-0.056,-3.218,177.712,35.720,71.440,0.000,699.88,1236.21,0.137,0.082
0.000000000,362.844,1.287,0.387,0.000,-0.057,-3.276,177.763,35.720,71.440,0.000,699.88,1236.21,0.137,0.082
0.000000000,362.945,1.288,0.387,0.000,-0.058,-3.302,177.814,35.720,71.440,0.000,699.88,1236.21,0.137,0.082
0.000000000,363.087,1.289,0.387,0.000,-0.057,-3.287,177.865,35.801,71.603,0.000,701.48,1236.78,0.082,0.082
0.000000000,363.145,1.290,0.387,0.000,-0.056,-3.222,177.915,35.801,71.603,0.000,701.48,1236.78,0.082,0.082
0.000000000,363.245,1.292,0.387,0.000,-0.054,-3.100,177.966,35.801,71.603,0.000,701.48,1236.78,0.082,0.082
0.000000000,363.344,1.295,0.387,0.000,-0.050,-2.865,178.027,35.801,71.603,0.000,701.48,1236.78,0.082,0.082
0.000000000,363.444,1.298,0.387,0.000,-0.043,-2.454,178.098,35.801,71.603,0.000,701.48,1236.78,0.082,0.082
0.000000000,363.544,1.300,0.387,0.000,-0.037,-2.143,178.139,35.801,71.603,0.000,701.48,1236.78,0.082,0.082
0.000000000,363.644,1.302,0.387,0.000,-0.026,-1.461,178.211,35.801,71.603,0.000,701.48,1236.78,0.082,0.082
0.000000000,363.744,1.303,0.387,0.000,-0.015,-0.860,178.263,35.801,71.603,0.000,701.48,1236.78,0.082,0.082
0.000000000,363.846,1.303,0.387,0.000,-0.003,-0.159,178.315,35.801,71.603,0.000,701.48,1236.78,0.082,0.082
0.000000000,363.944,1.301,0.387,0.000,0.014,0.819,178.377,35.801,71.603,0.000,701.48,1236.78,0.082,0.082
0.000000000,364.071,1.298,0.387,0.000,0.031,1.752,178.429,35.940,71.881,0.000,704.20,1242.34,0.138,0.088
0.000000000,364.143,1.293,0.387,0.000,0.049,2.786,178.481,35.940,71.881,0.000,704.20,1242.34,0.138,0.088
0.000000000,364.280,1.285,0.387,0.000,0.072,4.147,178.542,35.940,71.881,0.000,704.20,1242.34,0.138,0.088
0.000000000,364.344,1.277,0.387,0.000,0.094,5.364,178.593,35.940,71.881,0.000,704.20,1242.34,0.138,0.088
0.000000000,364.443,1.264,0.387,0.000,0.121,6.905,178.654,35.940,71.881,0.000,704.20,1242.34,0.138,0.088
0.000000000,364.566,1.249,0.387,0.000,0.149,8.516,178.714,35.940,71.881,0.000,704.20,1242.34,0.138,0.088
0.000000000,364.643,1.237,0.387,0.000,0.168,9.613,178.753,35.940,71.881,0.000,704.20,1242.34,0.138,0.088
0.000000000,364.743,1.218,0.388,0.000,0.197,11.277,178.812,35.940,71.881,0.000,704.20,1242.34,0.138,0.088
0.000000000,364.847,1.199,0.388,0.000,0.221,12.666,178.859,35.940,71.881,0.000,704.20,1242.34,0.138,0.088
0.000000000,364.943,1.175,0.388,0.000,0.250,14.323,178.916,35.940,71.881,0.000,704.20,1242.34,0.138,0.088
0.000000000,365.066,1.148,0.388,0.000,0.279,15.969,178.971,36.044,72.089,0.000,706.24,1245.46,0.105,0.090
0.000000000,365.143,1.130,0.388,0.000,0.298,17.065,179.007,36.044,72.089,0.000,706.24,1245.46,0.105,0.090
0.000000000,365.243,1.095,0.388,0.000,0.331,18.993,179.068,36.044,72.089,0.000,706.24,1245.46,0.105,0.090
0.000000000,365.343,1.065,0.388,0.000,0.361,20.670,179.119,36.044,72.089,0.000,706.24,1245.46,0.105,0.090
0.000000000,365.443,1.049,0.388,0.000,0.376,21.521,179.144,36.044,72.089,0.000,706.24,1245.46,0.105,0.090
0.000000000,365.543,1.008,0.388,0.000,0.416,23.841,179.208,36.044,72.089,0.000,706.24,1245.46,0.105,0.090
0.000000000,365.674,0.982,0.388,0.000,0.442,25.324,179.247,36.044,72.089,0.000,706.24,1245.46,0.105,0.090
0.000000000,365.743,0.962,0.388,0.000,0.463,26.527,179.277,36.044,72.089,0.000,706.24,1245.46,0.105,0.090
0.000000000,365.843,0.931,0.388,0.000,0.495,28.344,179.321,36.044,72.089,0.000,706.24,1245.46,0.105,0.090
0.000000000,365.943,0.905,0.388,0.000,0.521,29.863,179.356,36.044,72.089,0.000,706.24,1245.46,0.105,0.090
0.000000000,366.070,0.878,0.388,0.000,0.548,31.385,179.390,36.157,72.313,0.000,708.44,1247.90,0.112,0.092
0.000000000,366.142,0.838,0.388,0.000,0.585,33.499,179.436,36.157,72.313,0.000,708.44,1247.90,0.112,0.092
0.000000000,366.246,0.808,0.388,0.000,0.611,34.987,179.467,36.157,72.313,0.000,708.44,1247.90,0.112,0.092
0.000000000,366.343,0.770,0.388,0.000,0.641,36.736,179.503,36.157,72.313,0.000,708.44,1247.90,0.112,0.092
0.000000000,366.486,0.732,0.388,0.000,0.671,38.440,179.537,36.157,72.313,0.000,708.44,1247.90,0.112,0.092
0.000000000,366.542,0.700,0.388,0.000,0.695,39.819,179.564,36.157,72.313,0.000,708.44,1247.90,0.112,0.092
0.000000000,366.642,0.667,0.388,0.000,0.718,41.156,179.589,36.157,72.313,0.000,708.44,1247.90,0.112,0.092
0.000000000,366.743,0.627,0.388,0.000,0.745,42.700,179.618,36.157,72.313,0.000,708.44,1247.90,0.112,0.092
0.000000000,366.844,0.592,0.388,0.000,0.767,43.936,179.640,36.157,72.313,0.000,708.44,1247.90,0.112,0.092
0.000000000,366.942,0.537,0.388,0.000,0.800,45.811,179.672,36.157,72.313,0.000,708.44,1247.90,0.112,0.092
0.000000000,367.062,0.502,0.388,0.000,0.819,46.930,179.691,36.536,73.073,0.000,715.88,1258.74,0.380,0.121
0.000000000,367.145,0.454,0.387,0.000,0.846,48.453,179.714,36.536,73.073,0.000,715.88,1258.74,0.380,0.121
0.000000000,367.242,0.408,0.387,0.000,0.872,49.955,179.734,36.536,73.073,0.000,715.88,1258.74,0.380,0.121
0.000000000,367.345,0.371,0.387,0.000,0.894,51.250,179.749,36.536,73.073,0.000,715.88,1258.74,0.380,0.121
0.000000000,367.469,0.353,0.387,0.000,0.906,51.904,179.756,36.536,73.073,0.000,715.88,1258.74,0.380,0.121
0.000000000,367.542,0.331,0.387,0.000,0.921,52.786,179.765,36.536,73.073,0.000,715.88,1258.74,0.380,0.121
0.000000000,367.642,0.304,0.387,0.000,0.941,53.906,179.776,36.536,73.073,0.000,715.88,1258.74,0.380,0.121
0.000000000,367.742,0.275,0.387,0.000,0.965,55.282,179.786,36.536,73.073,0.000,715.88,1258.74,0.380,0.121
0.000000000,367.842,0.253,0.387,0.000,0.985,56.448,179.795,36.536,73.073,0.000,715.88,1258.74,0.380,0.121
0.000000000,367.942,0.228,0.387,0.000,1.010,57.872,179.803,36.536,73.073,0.000,715.88,1258.74,0.380,0.121
0.000000000,368.063,0.204,0.387,0.000,1.035,59.320,179.811,36.690,73.379,0.000,718.88,1265.50,0.153,0.124
0.000000000,368.143,0.178,0.387,0.000,1.065,61.037,179.819,36.690,73.379,0.000,718.88,1265.50,0.153,0.124
0.000000000,368.242,0.160,0.387,0.000,1.087,62.278,179.824,36.690,73.379,0.000,718.88,1265.50,0.153,0.124
0.000000000,368.342,0.140,0.387,0.000,1.113,63.774,179.829,36.690,73.379,0.000,718.88,1265.50,0.153,0.124
0.000000000,368.442,0.120,0.387,0.000,1.139,65.268,179.833,36.690,73.379,0.000,718.88,1265.50,0.153,0.124
0.000000000,368.541,0.100,0.387,0.000,1.170,67.010,179.837,36.690,73.379,0.000,718.88,1265.50,0.153,0.124
0.000000000,368.642,0.085,0.386,0.000,1.196,68.515,179.840,36.690,73.379,0.000,718.88,1265.50,0.153,0.124
0.000000000,368.741,0.077,0.386,0.000,1.214,69.529,179.841,36.690,73.379,0.000,718.88,1265.50,0.153,0.124
0.000000000,368.841,0.069,0.386,0.000,1.236,70.814,179.843,36.690,73.379,0.000,718.88,1265.50,0.153,0.124
0.000000000,368.946,0.063,0.386,0.000,1.259,72.121,179.844,36.690,73.379,0.000,718.88,1265.50,0.153,0.124
0.000000000,369.061,0.061,0.386,0.000,1.289,73.854,179.846,36.726,73.453,0.000,719.60,1261.67,0.037,0.115
0.000000000,369.141,0.062,0.386,0.000,1.312,75.200,179.847,36.726,73.453,0.000,719.60,1261.67,0.037,0.115
0.000000000,369.243,0.070,0.386,0.000,1.345,77.085,179.850,36.726,73.453,0.000,719.60,1261.67,0.037,0.115
0.000000000,369.341,0.082,0.386,0.000,1.373,78.678,179.854,36.726,73.453,0.000,719.60,1261.67,0.037,0.115
0.000000000,369.441,0.099,0.386,0.000,1.400,80.227,179.858,36.726,73.453,0.000,719.60,1261.67,0.037,0.115
0.000000000,369.541,0.121,0.386,0.000,1.426,81.714,179.864,36.726,73.453,0.000,719.60,1261.67,0.037,0.115
0.000000000,369.643,0.141,0.386,0.000,1.447,82.894,179.870,36.726,73.453,0.000,719.60,1261.67,0.037,0.115
0.000000000,369.743,0.169,0.386,0.000,1.470,84.224,179.878,36.726,73.453,0.000,719.60,1261.67,0.037,0.115
0.000000000,369.841,0.205,0.386,0.000,1.495,85.639,179.890,36.726,73.453,0.000,719.60,1261.67,0.037,0.115
0.000000000,369.941,0.233,0.386,0.000,1.511,86.549,179.900,36.726,73.453,0.000,719.60,1261.67,0.037,0.115
0.000000000,370.069,0.269,0.386,0.000,1.528,87.520,179.914,36.730,73.461,0.000,719.68,1260.35,0.004,0.104
0.000000000,370.141,0.306,0.385,0.000,1.542,88.353,179.930,36.730,73.461,0.000,719.68,1260.35,0.004,0.104
0.000000000,370.286,0.352,0.385,0.000,1.556,89.143,179.951,36.730,73.461,0.000,719.68,1260.35,0.004,0.104
0.000000000,370.341,0.386,0.385,0.000,1.563,89.581,179.968,36.730,73.461,0.000,719.68,1260.35,0.004,0.104
0.000000000,370.442,0.420,0.385,0.000,1.569,89.913,179.986,36.730,73.461,0.000,719.68,1260.35,0.004,0.104
0.000000000,370.546,0.454,0.385,0.000,1.573,90.142,180.006,36.730,73.461,0.000,719.68,1260.35,0.004,0.104
0.000000000,370.641,0.495,0.385,0.000,1.576,90.280,180.032,36.730,73.461,0.000,719.68,1260.35,0.004,0.104
0.000000000,370.742,0.536,0.385,0.000,1.576,90.286,180.060,36.730,73.461,0.000,719.68,1260.35,0.004,0.104
0.000000000,370.840,0.569,0.385,0.000,1.574,90.201,180.084,36.730,73.461,0.000,719.68,1260.35,0.004,0.104
0.000000000,370.942,0.607,0.385,0.000,1.571,90.002,180.116,36.730,73.461,0.000,719.68,1260.35,0.004,0.104
0.000000000,371.118,0.652,0.385,0.000,1.565,89.672,180.154,36.755,73.510,0.000,720.16,1261.91,0.025,0.096
0.000000000,371.140,0.671,0.385,0.000,1.562,89.508,180.172,36.755,73.510,0.000,720.16,1261.91,0.025,0.096
0.000000000,371.241,0.710,0.385,0.000,1.556,89.149,180.208,36.755,73.510,0.000,720.16,1261.91,0.025,0.096
0.000000000,371.355,0.743,0.385,0.000,1.550,88.833,180.239,36.755,73.510,0.000,720.16,1261.91,0.025,0.096
0.000000000,371.440,0.783,0.385,0.000,1.544,88.444,180.278,36.755,73.510,0.000,720.16,1261.91,0.025,0.096
0.000000000,371.541,0.830,0.385,0.000,1.536,87.992,180.326,36.755,73.510,0.000,720.16,1261.91,0.025,0.096
0.000000000,371.640,0.850,0.385,0.000,1.532,87.802,180.347,36.755,73.510,0.000,720.16,1261.91,0.025,0.096
0.000000000,371.740,0.896,0.385,0.000,1.525,87.371,180.398,36.755,73.510,0.000,720.16,1261.91,0.025,0.096
0.000000000,371.865,0.926,0.385,0.000,1.520,87.077,180.436,36.755,73.510,0.000,720.16,1261.91,0.025,0.096
0.000000000,371.940,0.950,0.385,0.000,1.516,86.847,180.467,36.755,73.510,0.000,720.16,1261.91,0.025,0.096
0.000000000,372.081,0.978,0.385,0.000,1.511,86.573,180.507,36.808,73.616,0.000,721.20,1266.50,0.053,0.092
0.000000000,372.146,1.000,0.385,0.000,1.507,86.368,180.539,36.808,73.616,0.000,721.20,1266.50,0.053,0.092
0.000000000,372.240,1.021,0.385,0.000,1.504,86.178,180.573,36.808,73.616,0.000,721.20,1266.50,0.053,0.092
0.000000000,372.340,1.051,0.385,0.000,1.500,85.925,180.623,36.808,73.616,0.000,721.20,1266.50,0.053,0.092
0.000000000,372.440,1.076,0.385,0.000,1.497,85.748,180.666,36.808,73.616,0.000,721.20,1266.50,0.053,0.092
0.000000000,372.540,1.100,0.385,0.000,1.494,85.600,180.710,36.808,73.616,0.000,721.20,1266.50,0.053,0.092
0.000000000,372.640,1.128,0.385,0.000,1.492,85.465,180.764,36.808,73.616,0.000,721.20,1266.50,0.053,0.092
0.000000000,372.777,1.150,0.385,0.000,1.490,85.382,180.810,36.808,73.616,0.000,721.20,1266.50,0.053,0.092
0.000000000,372.839,1.176,0.385,0.000,1.489,85.315,180.866,36.808,73.616,0.000,721.20,1266.50,0.053,0.092
0.000000000,372.939,1.201,0.385,0.000,1.488,85.280,180.923,36.808,73.616,0.000,721.20,1266.50,0.053,0.092
0.000000000,373.117,1.221,0.385,0.000,1.488,85.271,180.971,36.892,73.783,0.000,722.84,1269.62,0.084,0.091
0.000000000,373.139,1.239,0.385,0.000,1.488,85.277,181.020,36.892,73.783,0.000,722.84,1269.62,0.084,0.091
0.000000000,373.239,1.260,0.385,0.000,1.489,85.300,181.079,36.892,73.783,0.000,722.84,1269.62,0.084,0.091
0.000000000,373.339,1.276,0.385,0.000,1.489,85.327,181.130,36.892,73.783,0.000,722.84,1269.62,0.084,0.091
0.000000000,373.440,1.293,0.385,0.000,1.490,85.369,181.190,36.892,73.783,0.000,722.84,1269.62,0.084,0.091
0.000000000,373.539,1.306,0.385,0.000,1.491,85.409,181.241,36.892,73.783,0.000,722.84,1269.62,0.084,0.091
0.000000000,373.639,1.318,0.385,0.000,1.491,85.454,181.292,36.892,73.783,0.000,722.84,1269.62,0.084,0.091
0.000000000,373.745,1.330,0.386,0.000,1.492,85.512,181.355,36.892,73.783,0.000,722.84,1269.62,0.084,0.091
0.000000000,373.875,1.339,0.386,0.000,1.493,85.563,181.407,36.892,73.783,0.000,722.84,1269.62,0.084,0.091
0.000000000,373.939,1.349,0.386,0.000,1.495,85.630,181.470,36.892,73.783,0.000,722.84,1269.62,0.084,0.091
0.000000000,374.063,1.355,0.386,0.000,1.495,85.685,181.523,36.949,73.898,0.000,723.96,1270.94,0.057,0.088
0.000000000,374.149,1.363,0.386,0.000,1.497,85.766,181.597,36.949,73.898,0.000,723.96,1270.94,0.057,0.088
0.000000000,374.239,1.367,0.386,0.000,1.498,85.823,181.650,36.949,73.898,0.000,723.96,1270.94,0.057,0.088
0.000000000,374.339,1.369,0.386,0.000,1.499,85.877,181.703,36.949,73.898,0.000,723.96,1270.94,0.057,0.088
0.000000000,374.439,1.372,0.386,0.000,1.500,85.932,181.756,36.949,73.898,0.000,723.96,1270.94,0.057,0.088
0.000000000,374.538,1.375,0.386,0.000,1.501,85.998,181.820,36.949,73.898,0.000,723.96,1270.94,0.057,0.088
0.000000000,374.639,1.376,0.386,0.000,1.502,86.058,181.873,36.949,73.898,0.000,723.96,1270.94,0.057,0.088
0.000000000,374.739,1.378,0.386,0.000,1.503,86.122,181.925,36.949,73.898,0.000,723.96,1270.94,0.057,0.088
0.000000000,374.838,1.380,0.386,0.000,1.505,86.206,181.989,36.949,73.898,0.000,723.96,1270.94,0.057,0.088
0.000000000,374.947,1.382,0.386,0.000,1.506,86.297,182.051,36.949,73.898,0.000,723.96,1270.94,0.057,0.088
0.000000000,375.070,1.383,0.386,0.000,1.507,86.360,182.093,37.037,74.073,0.000,725.68,1274.66,0.088,0.088
0.000000000,375.138,1.384,0.386,0.000,1.509,86.456,182.156,37.037,74.073,0.000,725.68,1274.66,0.088,0.088
0.000000000,375.239,1.385,0.386,0.000,1.510,86.539,182.208,37.037,74.073,0.000,725.68,1274.66,0.088,0.088
0.000000000,375.338,1.386,0.386,0.000,1.512,86.637,182.271,37.037,74.073,0.000,725.68,1274.66,0.088,0.088
0.000000000,375.438,1.387,0.386,0.000,1.514,86.748,182.344,37.037,74.073,0.000,725.68,1274.66,0.088,0.088
0.000000000,375.538,1.388,0.386,0.000,1.515,86.795,182.375,37.037,74.073,0.000,725.68,1274.66,0.088,0.088
0.000000000,375.638,1.388,0.386,0.000,1.517,86.904,182.448,37.037,74.073,0.000,725.68,1274.66,0.088,0.088
0.000000000,375.744,1.387,0.386,0.000,1.518,86.981,182.500,37.037,74.073,0.000,725.68,1274.66,0.088,0.088
0.000000000,375.839,1.387,0.386,0.000,1.519,87.058,182.551,37.037,74.073,0.000,725.68,1274.66,0.088,0.088
0.000000000,375.938,1.385,0.386,0.000,1.521,87.147,182.614,37.037,74.073,0.000,725.68,1274.66,0.088,0.088
0.000000000,376.086,1.385,0.386,0.000,1.522,87.219,182.665,37.100,74.200,0.000,726.92,1273.66,0.062,0.085
0.000000000,376.138,1.383,0.386,0.000,1.524,87.297,182.727,37.100,74.200,0.000,726.92,1273.66,0.062,0.085
0.000000000,376.238,1.382,0.387,0.000,1.525,87.376,182.800,37.100,74.200,0.000,726.92,1273.66,0.062,0.085
0.000000000,376.338,1.381,0.387,0.000,1.526,87.414,182.841,37.100,74.200,0.000,726.92,1273.66,0.062,0.085
0.000000000,376.438,1.379,0.387,0.000,1.527,87.469,182.914,37.100,74.200,0.000,726.92,1273.66,0.062,0.085
0.000000000,376.562,1.379,0.387,0.000,1.527,87.482,182.934,37.100,74.200,0.000,726.92,1273.66,0.062,0.085
0.000000000,376.638,1.378,0.387,0.000,1.527,87.510,182.986,37.100,74.200,0.000,726.92,1273.66,0.062,0.085
0.000000000,376.742,1.377,0.387,0.000,1.528,87.532,183.038,37.100,74.200,0.000,726.92,1273.66,0.062,0.085
0.000000000,376.841,1.376,0.387,0.000,1.528,87.551,183.090,37.100,74.200,0.000,726.92,1273.66,0.062,0.085
0.000000000,376.938,1.376,0.387,0.000,1.528,87.564,183.142,37.100,74.200,0.000,726.92,1273.66,0.062,0.085
0.000000000,377.061,1.376,0.387,0.000,1.528,87.569,183.193,37.204,74.408,0.000,728.96,1275.07,0.107,0.087
0.000000000,377.138,1.376,0.387,0.000,1.528,87.548,183.276,37.204,74.408,0.000,728.96,1275.07,0.107,0.087
0.000000000,377.238,1.376,0.387,0.000,1.527,87.493,183.348,37.204,74.408,0.000,728.96,1275.07,0.107,0.087
0.000000000,377.338,1.376,0.387,0.000,1.526,87.430,183.400,37.204,74.408,0.000,728.96,1275.07,0.107,0.087
0.000000000,377.438,1.376,0.387,0.000,1.524,87.329,183.462,37.204,74.408,0.000,728.96,1275.07,0.107,0.087
0.000000000,377.537,1.376,0.387,0.000,1.521,87.152,183.544,37.204,74.408,0.000,728.96,1275.07,0.107,0.087
0.000000000,377.637,1.376,0.387,0.000,1.518,86.990,183.607,37.204,74.408,0.000,728.96,1275.07,0.107,0.087
0.000000000,377.737,1.377,0.387,0.000,1.515,86.795,183.669,37.204,74.408,0.000,728.96,1275.07,0.107,0.087
0.000000000,377.837,1.377,0.387,0.000,1.510,86.516,183.742,37.204,74.408,0.000,728.96,1275.07,0.107,0.087
0.000000000,377.937,1.377,0.387,0.000,1.505,86.225,183.805,37.204,74.408,0.000,728.96,1275.07,0.107,0.087
0.000000000,378.096,1.378,0.387,0.000,1.500,85.938,183.858,37.273,74.547,0.000,730.32,1277.38,0.068,0.085
0.000000000,378.137,1.378,0.387,0.000,1.493,85.528,183.922,37.273,74.547,0.000,730.32,1277.38,0.068,0.085
0.000000000,378.237,1.379,0.387,0.000,1.484,85.037,183.985,37.273,74.547,0.000,730.32,1277.38,0.068,0.085
0.000000000,378.337,1.380,0.387,0.000,1.478,84.661,184.028,37.273,74.547,0.000,730.32,1277.38,0.068,0.085
0.000000000,378.437,1.381,0.387,0.000,1.466,84.015,184.092,37.273,74.547,0.000,730.32,1277.38,0.068,0.085
0.000000000,378.537,1.381,0.388,0.000,1.451,83.126,184.166,37.273,74.547,0.000,730.32,1277.38,0.068,0.085
0.000000000,378.637,1.382,0.388,0.000,1.438,82.389,184.219,37.273,74.547,0.000,730.32,1277.38,0.068,0.085
0.000000000,378.737,1.383,0.388,0.000,1.427,81.737,184.262,37.273,74.547,0.000,730.32,1277.38,0.068,0.085
0.000000000,378.837,1.384,0.388,0.000,1.401,80.249,184.347,37.273,74.547,0.000,730.32,1277.38,0.068,0.085
0.000000000,378.936,1.384,0.388,0.000,1.382,79.186,184.400,37.273,74.547,0.000,730.32,1277.38,0.068,0.085
0.000000000,379.067,1.384,0.388,0.000,1.362,78.018,184.453,37.286,74.571,0.000,730.56,1274.80,0.013,0.078
0.000000000,379.163,1.383,0.388,0.000,1.339,76.742,184.507,37.286,74.571,0.000,730.56,1274.80,0.013,0.078
0.000000000,379.239,1.382,0.388,0.000,1.310,75.061,184.571,37.286,74.571,0.000,730.56,1274.80,0.013,0.078
0.000000000,379.336,1.381,0.388,0.000,1.278,73.214,184.634,37.286,74.571,0.000,730.56,1274.80,0.013,0.078
0.000000000,379.443,1.379,0.388,0.000,1.243,71.199,184.698,37.286,74.571,0.000,730.56,1274.80,0.013,0.078
0.000000000,379.537,1.378,0.388,0.000,1.205,69.021,184.762,37.286,74.571,0.000,730.56,1274.80,0.013,0.078
0.000000000,379.636,1.377,0.388,0.000,1.171,67.093,184.816,37.286,74.571,0.000,730.56,1274.80,0.013,0.078
0.000000000,379.736,1.376,0.388,0.000,1.136,65.070,184.869,37.286,74.571,0.000,730.56,1274.80,0.013,0.078
0.000000000,379.836,1.375,0.388,0.000,1.091,62.536,184.933,37.286,74.571,0.000,730.56,1274.80,0.013,0.078
0.000000000,379.936,1.374,0.388,0.000,1.046,59.904,184.997,37.286,74.571,0.000,730.56,1274.80,0.013,0.078
0.000000000,380.070,1.373,0.388,0.000,0.990,56.747,185.072,37.288,74.575,0.000,730.60,1275.11,0.002,0.070
0.000000000,380.136,1.372,0.388,0.000,0.966,55.375,185.104,37.288,74.575,0.000,730.60,1275.11,0.002,0.070
0.000000000,380.251,1.369,0.388,0.000,0.910,52.163,185.179,37.288,74.575,0.000,730.60,1275.11,0.002,0.070
0.000000000,380.336,1.365,0.388,0.000,0.863,49.421,185.243,37.288,74.575,0.000,730.60,1275.11,0.002,0.070
0.000000000,380.436,1.360,0.388,0.000,0.823,47.163,185.297,37.288,74.575,0.000,730.60,1275.11,0.002,0.070
0.000000000,380.536,1.355,0.388,0.000,0.784,44.939,185.350,37.288,74.575,0.000,730.60,1275.11,0.002,0.070
0.000000000,380.636,1.347,0.388,0.000,0.739,42.330,185.414,37.288,74.575,0.000,730.60,1275.11,0.002,0.070
0.000000000,380.739,1.335,0.389,0.000,0.687,39.388,185.487,37.288,74.575,0.000,730.60,1275.11,0.002,0.070
0.000000000,380.836,1.332,0.389,0.000,0.673,38.571,185.508,37.288,74.575,0.000,730.60,1275.11,0.002,0.070
0.000000000,380.937,1.316,0.389,0.000,0.625,35.794,185.581,37.288,74.575,0.000,730.60,1275.11,0.002,0.070
0.000000000,381.120,1.304,0.389,0.000,0.592,33.891,185.632,37.329,74.657,0.000,731.40,1278.27,0.041,0.067
0.000000000,381.136,1.290,0.389,0.000,0.559,32.054,185.683,37.329,74.657,0.000,731.40,1278.27,0.041,0.067
0.000000000,381.235,1.278,0.389,0.000,0.535,30.635,185.723,37.329,74.657,0.000,731.40,1278.27,0.041,0.067
0.000000000,381.335,1.261,0.389,0.000,0.505,28.926,185.772,37.329,74.657,0.000,731.40,1278.27,0.041,0.067
0.000000000,381.436,1.246,0.389,0.000,0.482,27.613,185.811,37.329,74.657,0.000,731.40,1278.27,0.041,0.067
0.000000000,381.535,1.220,0.389,0.000,0.449,25.735,185.869,37.329,74.657,0.000,731.40,1278.27,0.041,0.067
0.000000000,381.637,1.195,0.389,0.000,0.423,24.260,185.916,37.329,74.657,0.000,731.40,1278.27,0.041,0.067
0.000000000,381.736,1.167,0.389,0.000,0.399,22.868,185.962,37.329,74.657,0.000,731.40,1278.27,0.041,0.067
0.000000000,381.835,1.124,0.389,0.000,0.367,21.054,186.024,37.329,74.657,0.000,731.40,1278.27,0.041,0.067
0.000000000,381.935,1.097,0.389,0.000,0.351,20.085,186.058,37.329,74.657,0.000,731.40,1278.27,0.041,0.067
0.000000000,382.078,1.055,0.389,0.000,0.327,18.720,186.108,37.849,75.698,0.000,741.60,1296.49,0.515,0.112
0.000000000,382.135,1.012,0.389,0.000,0.305,17.456,186.156,37.849,75.698,0.000,741.60,1296.49,0.515,0.112
0.000000000,382.259,0.974,0.389,0.000,0.288,16.479,186.195,37.849,75.698,0.000,741.60,1296.49,0.515,0.112
0.000000000,382.335,0.927,0.389,0.000,0.269,15.388,186.238,37.849,75.698,0.000,741.60,1296.49,0.515,0.112
0.000000000,382.435,0.880,0.389,0.000,0.251,14.382,186.280,37.849,75.698,0.000,741.60,1296.49,0.515,0.112
0.000000000,382.536,0.840,0.389,0.000,0.237,13.594,186.313,37.849,75.698,0.000,741.60,1296.49,0.515,0.112
0.000000000,382.635,0.800,0.389,0.000,0.224,12.834,186.345,37.849,75.698,0.000,741.60,1296.49,0.515,0.112
0.000000000,382.735,0.752,0.389,0.000,0.208,11.936,186.380,37.849,75.698,0.000,741.60,1296.49,0.515,0.112
0.000000000,382.835,0.722,0.389,0.000,0.198,11.333,186.403,37.849,75.698,0.000,741.60,1296.49,0.515,0.112
0.000000000,382.935,0.684,0.389,0.000,0.184,10.556,186.429,37.849,75.698,0.000,741.60,1296.49,0.515,0.112
0.000000000,383.111,0.635,0.389,0.000,0.164,9.411,186.464,38.100,76.200,0.000,746.52,1305.42,0.254,0.126
0.000000000,383.135,0.601,0.389,0.000,0.149,8.547,186.487,38.100,76.200,0.000,746.52,1305.42,0.254,0.126
0.000000000,383.235,0.557,0.389,0.000,0.127,7.273,186.517,38.100,76.200,0.000,746.52,1305.42,0.254,0.126
0.000000000,383.377,0.526,0.389,0.000,0.110,6.323,186.536,38.100,76.200,0.000,746.52,1305.42,0.254,0.126
0.000000000,383.435,0.497,0.389,0.000,0.093,5.349,186.555,38.100,76.200,0.000,746.52,1305.42,0.254,0.126
0.000000000,383.534,0.462,0.389,0.000,0.072,4.149,186.576,38.100,76.200,0.000,746.52,1305.42,0.254,0.126
0.000000000,383.650,0.434,0.388,0.000,0.054,3.118,186.592,38.100,76.200,0.000,746.52,1305.42,0.254,0.126
0.000000000,383.736,0.408,0.388,0.000,0.036,2.054,186.608,38.100,76.200,0.000,746.52,1305.42,0.254,0.126
0.000000000,383.834,0.378,0.388,0.000,0.012,0.714,186.625,38.100,76.200,0.000,746.52,1305.42,0.254,0.126
0.000000000,383.972,0.347,0.388,0.000,-0.017,-0.951,186.643,38.100,76.200,0.000,746.52,1305.42,0.254,0.126
0.000000000,384.061,0.331,0.388,0.000,-0.034,-1.960,186.653,38.159,76.319,0.000,747.68,1302.49,0.059,0.120
0.000000000,384.134,0.312,0.388,0.000,-0.062,-3.560,186.667,38.159,76.319,0.000,747.68,1302.49,0.059,0.120
0.000000000,384.235,0.298,0.388,0.000,-0.092,-5.274,186.681,38.159,76.319,0.000,747.68,1302.49,0.059,0.120
0.000000000,384.335,0.292,0.388,0.000,-0.124,-7.108,186.694,38.159,76.319,0.000,747.68,1302.49,0.059,0.120
0.000000000,384.435,0.292,0.388,0.000,-0.158,-9.057,186.708,38.159,76.319,0.000,747.68,1302.49,0.059,0.120
0.000000000,384.534,0.296,0.388,0.000,-0.182,-10.412,186.717,38.159,76.319,0.000,747.68,1302.49,0.059,0.120
0.000000000,384.637,0.308,0.388,0.000,-0.218,-12.505,186.731,38.159,76.319,0.000,747.68,1302.49,0.059,0.120
0.000000000,384.779,0.322,0.388,0.000,-0.249,-14.286,186.744,38.159,76.319,0.000,747.68,1302.49,0.059,0.120
0.000000000,384.834,0.339,0.388,0.000,-0.281,-16.078,186.757,38.159,76.319,0.000,747.68,1302.49,0.059,0.120
0.000000000,384.935,0.367,0.388,0.000,-0.324,-18.569,186.777,38.159,76.319,0.000,747.68,1302.49,0.059,0.120
0.000000000,385.110,0.390,0.388,0.000,-0.354,-20.311,186.793,38.192,76.384,0.000,748.32,1302.13,0.033,0.111
0.000000000,385.134,0.415,0.388,0.000,-0.384,-22.007,186.809,38.192,76.384,0.000,748.32,1302.13,0.033,0.111
0.000000000,385.234,0.446,0.388,0.000,-0.418,-23.960,186.830,38.192,76.384,0.000,748.32,1302.13,0.033,0.111
0.000000000,385.336,0.469,0.388,0.000,-0.440,-25.205,186.846,38.192,76.384,0.000,748.32,1302.13,0.033,0.111
0.000000000,385.434,0.511,0.388,0.000,-0.476,-27.254,186.874,38.192,76.384,0.000,748.32,1302.13,0.033,0.111
0.000000000,385.534,0.542,0.388,0.000,-0.499,-28.606,186.897,38.192,76.384,0.000,748.32,1302.13,0.033,0.111
0.000000000,385.634,0.576,0.388,0.000,-0.521,-29.858,186.920,38.192,76.384,0.000,748.32,1302.13,0.033,0.111
0.000000000,385.734,0.610,0.388,0.000,-0.541,-31.006,186.946,38.192,76.384,0.000,748.32,1302.13,0.033,0.111
0.000000000,385.834,0.653,0.388,0.000,-0.563,-32.238,186.978,38.192,76.384,0.000,748.32,1302.13,0.033,0.111
0.000000000,385.934,0.682,0.388,0.000,-0.575,-32.970,187.002,38.192,76.384,0.000,748.32,1302.13,0.033,0.111
0.000000000,386.132,0.720,0.387,0.000,-0.589,-33.776,187.032,38.227,76.454,0.000,749.00,1302.99,0.035,0.103
0.000000000,386.133,0.757,0.387,0.000,-0.601,-34.463,187.064,38.227,76.454,0.000,749.00,1302.99,0.035,0.103
0.000000000,386.233,0.815,0.387,0.000,-0.616,-35.303,187.119,38.227,76.454,0.000,749.00,1302.99,0.035,0.103
0.000000000,386.333,0.857,0.387,0.000,-0.623,-35.722,187.163,38.227,76.454,0.000,749.00,1302.99,0.035,0.103
0.000000000,386.435,0.898,0.388,0.000,-0.628,-35.962,187.209,38.227,76.454,0.000,749.00,1302.99,0.035,0.103
0.000000000,386.533,0.938,0.388,0.000,-0.629,-36.026,187.257,38.227,76.454,0.000,749.00,1302.99,0.035,0.103
0.000000000,386.633,0.976,0.388,0.000,-0.627,-35.912,187.307,38.227,76.454,0.000,749.00,1302.99,0.035,0.103
0.000000000,386.733,1.014,0.388,0.000,-0.622,-35.624,187.359,38.227,76.454,0.000,749.00,1302.99,0.035,0.103
0.000000000,386.833,1.044,0.388,0.000,-0.615,-35.247,187.404,38.227,76.454,0.000,749.00,1302.99,0.035,0.103
0.000000000,386.937,1.074,0.388,0.000,-0.606,-34.743,187.450,38.227,76.454,0.000,749.00,1302.99,0.035,0.103
0.000000000,387.073,1.097,0.388,0.000,-0.598,-34.256,187.487,38.227,76.454,0.000,749.00,1311.42,0.000,0.093
0.000000000,387.133,1.135,0.388,0.000,-0.580,-33.227,187.555,38.227,76.454,0.000,749.00,1311.42,0.000,0.093
0.000000000,387.233,1.160,0.388,0.000,-0.565,-32.374,187.604,38.227,76.454,0.000,749.00,1311.42,0.000,0.093
0.000000000,387.333,1.187,0.388,0.000,-0.545,-31.235,187.664,38.227,76.454,0.000,749.00,1311.42,0.000,0.093
0.000000000,387.455,1.207,0.388,0.000,-0.527,-30.210,187.715,38.227,76.454,0.000,749.00,1311.42,0.000,0.093
0.000000000,387.534,1.225,0.388,0.000,-0.508,-29.132,187.766,38.227,76.454,0.000,749.00,1311.42,0.000,0.093
0.000000000,387.633,1.247,0.388,0.000,-0.481,-27.556,187.838,38.227,76.454,0.000,749.00,1311.42,0.000,0.093
0.000000000,387.733,1.256,0.388,0.000,-0.469,-26.867,187.870,38.227,76.454,0.000,749.00,1311.42,0.000,0.093
0.000000000,387.833,1.274,0.388,0.000,-0.441,-25.244,187.943,38.227,76.454,0.000,749.00,1311.42,0.000,0.093
0.000000000,387.954,1.283,0.388,0.000,-0.424,-24.314,187.986,38.227,76.454,0.000,749.00,1311.42,0.000,0.093
0.000000000,388.057,1.293,0.388,0.000,-0.404,-23.158,188.039,38.227,76.454,0.000,749.00,1309.10,0.000,0.084
0.000000000,388.133,1.305,0.388,0.000,-0.376,-21.559,188.114,38.227,76.454,0.000,749.00,1309.10,0.000,0.084
0.000000000,388.234,1.312,0.388,0.000,-0.357,-20.441,188.168,38.227,76.454,0.000,749.00,1309.10,0.000,0.084
0.000000000,388.333,1.320,0.388,0.000,-0.334,-19.135,188.232,38.227,76.454,0.000,749.00,1309.10,0.000,0.084
0.000000000,388.432,1.327,0.388,0.000,-0.312,-17.868,188.297,38.227,76.454,0.000,749.00,1309.10,0.000,0.084
0.000000000,388.533,1.333,0.388,0.000,-0.290,-16.639,188.362,38.227,76.454,0.000,749.00,1309.10,0.000,0.084
0.000000000,388.632,1.336,0.388,0.000,-0.277,-15.845,188.406,38.227,76.454,0.000,749.00,1309.10,0.000,0.084
0.000000000,388.761,1.341,0.388,0.000,-0.253,-14.509,188.482,38.227,76.454,0.000,749.00,1309.10,0.000,0.084
0.000000000,388.832,1.343,0.388,0.000,-0.237,-13.594,188.536,38.227,76.454,0.000,749.00,1309.10,0.000,0.084
0.000000000,388.933,1.345,0.388,0.000,-0.216,-12.361,188.612,38.227,76.454,0.000,749.00,1309.10,0.000,0.084
0.000000000,389.062,1.346,0.388,0.000,-0.201,-11.509,188.667,38.231,76.462,0.000,749.08,1310.02,0.004,0.076
0.000000000,389.138,1.347,0.388,0.000,-0.186,-10.674,188.721,38.231,76.462,0.000,749.08,1310.02,0.004,0.076
0.000000000,389.232,1.347,0.389,0.000,-0.166,-9.517,188.797,38.231,76.462,0.000,749.08,1310.02,0.004,0.076
0.000000000,389.332,1.346,0.389,0.000,-0.146,-8.357,188.872,38.231,76.462,0.000,749.08,1310.02,0.004,0.076
0.000000000,389.432,1.345,0.389,0.000,-0.134,-7.684,188.915,38.231,76.462,0.000,749.08,1310.02,0.004,0.076
0.000000000,389.569,1.344,0.389,0.000,-0.113,-6.475,188.990,38.231,76.462,0.000,749.08,1310.02,0.004,0.076
0.000000000,389.632,1.344,0.389,0.000,-0.104,-5.941,189.022,38.231,76.462,0.000,749.08,1310.02,0.004,0.076
0.000000000,389.732,1.342,0.389,0.000,-0.078,-4.454,189.107,38.231,76.462,0.000,749.08,1310.02,0.004,0.076
0.000000000,389.852,1.341,0.389,0.000,-0.061,-3.467,189.160,38.231,76.462,0.000,749.08,1310.02,0.004,0.076
0.000000000,389.932,1.340,0.389,0.000,-0.042,-2.431,189.213,38.231,76.462,0.000,749.08,1310.02,0.004,0.076
0.000000000,390.069,1.339,0.389,0.000,-0.016,-0.896,189.286,38.251,76.503,0.000,749.48,1309.38,0.020,0.070
0.000000000,390.132,1.339,0.389,0.000,0.000,0.025,189.328,38.251,76.503,0.000,749.48,1309.38,0.020,0.070
0.000000000,390.232,1.338,0.389,0.000,0.030,1.700,189.402,38.251,76.503,0.000,749.48,1309.38,0.020,0.070
0.000000000,390.331,1.339,0.389,0.000,0.051,2.937,189.455,38.251,76.503,0.000,749.48,1309.38,0.020,0.070
0.000000000,390.431,1.339,0.389,0.000,0.073,4.203,189.508,38.251,76.503,0.000,749.48,1309.38,0.020,0.070
0.000000000,390.531,1.339,0.389,0.000,0.105,6.019,189.582,38.251,76.503,0.000,749.48,1309.38,0.020,0.070
0.000000000,390.631,1.338,0.389,0.000,0.133,7.607,189.645,38.251,76.503,0.000,749.48,1309.38,0.020,0.070
0.000000000,390.731,1.336,0.389,0.000,0.165,9.480,189.719,38.251,76.503,0.000,749.48,1309.38,0.020,0.070
0.000000000,390.831,1.335,0.389,0.000,0.184,10.553,189.761,38.251,76.503,0.000,749.48,1309.38,0.020,0.070
0.000000000,390.931,1.330,0.389,0.000,0.217,12.420,189.835,38.251,76.503,0.000,749.48,1309.38,0.020,0.070
0.000000000,391.061,1.325,0.389,0.000,0.244,14.004,189.898,38.280,76.560,0.000,750.04,1310.26,0.029,0.066
0.000000000,391.131,1.319,0.389,0.000,0.267,15.307,189.950,38.280,76.560,0.000,750.04,1310.26,0.029,0.066
0.000000000,391.243,1.310,0.389,0.000,0.294,16.850,190.012,38.280,76.560,0.000,750.04,1310.26,0.029,0.066
0.000000000,391.332,1.301,0.389,0.000,0.316,18.110,190.064,38.280,76.560,0.000,750.04,1310.26,0.029,0.066
0.000000000,391.432,1.290,0.390,0.000,0.342,19.591,190.125,38.280,76.560,0.000,750.04,1310.26,0.029,0.066
0.000000000,391.531,1.277,0.390,0.000,0.367,21.039,190.185,38.280,76.560,0.000,750.04,1310.26,0.029,0.066
0.000000000,391.631,1.264,0.390,0.000,0.392,22.459,190.245,38.280,76.560,0.000,750.04,1310.26,0.029,0.066
0.000000000,391.731,1.250,0.390,0.000,0.421,24.104,190.314,38.280,76.560,0.000,750.04,1310.26,0.029,0.066
0.000000000,391.832,1.236,0.390,0.000,0.454,25.998,190.391,38.280,76.560,0.000,750.04,1310.26,0.029,0.066
0.000000000,391.931,1.228,0.390,0.000,0.479,27.445,190.449,38.280,76.560,0.000,750.04,1310.26,0.029,0.066
0.000000000,392.057,1.221,0.390,0.000,0.509,29.169,190.515,38.292,76.584,0.000,750.28,1310.77,0.012,0.061
0.000000000,392.131,1.217,0.390,0.000,0.535,30.672,190.572,38.292,76.584,0.000,750.28,1310.77,0.012,0.061
0.000000000,392.232,1.214,0.390,0.000,0.562,32.192,190.629,38.292,76.584,0.000,750.28,1310.77,0.012,0.061
0.000000000,392.335,1.212,0.390,0.000,0.584,33.467,190.676,38.292,76.584,0.000,750.28,1310.77,0.012,0.061
0.000000000,392.433,1.210,0.390,0.000,0.611,34.993,190.733,38.292,76.584,0.000,750.28,1310.77,0.012,0.061
0.000000000,392.530,1.208,0.390,0.000,0.641,36.755,190.799,38.292,76.584,0.000,750.28,1310.77,0.012,0.061
0.000000000,392.655,1.206,0.390,0.000,0.663,37.995,190.847,38.292,76.584,0.000,750.28,1310.77,0.012,0.061
0.000000000,392.731,1.204,0.390,0.000,0.684,39.216,190.894,38.292,76.584,0.000,750.28,1310.77,0.012,0.061
0.000000000,392.830,1.199,0.390,0.000,0.709,40.644,190.951,38.292,76.584,0.000,750.28,1310.77,0.012,0.061
0.000000000,392.958,1.194,0.390,0.000,0.734,42.031,191.008,38.292,76.584,0.000,750.28,1310.77,0.012,0.061
0.000000000,393.056,1.186,0.390,0.000,0.757,43.374,191.064,38.419,76.837,0.000,752.76,1316.30,0.127,0.067
0.000000000,393.131,1.178,0.390,0.000,0.780,44.669,191.121,38.419,76.837,0.000,752.76,1316.30,0.127,0.067
0.000000000,393.231,1.169,0.390,0.000,0.798,45.711,191.167,38.419,76.837,0.000,752.76,1316.30,0.127,0.067
0.000000000,393.330,1.153,0.390,0.000,0.822,47.110,191.232,38.419,76.837,0.000,752.76,1316.30,0.127,0.067
0.000000000,393.431,1.145,0.390,0.000,0.832,47.688,191.259,38.419,76.837,0.000,752.76,1316.30,0.127,0.067
0.000000000,393.531,1.124,0.390,0.000,0.855,48.989,191.322,38.419,76.837,0.000,752.76,1316.30,0.127,0.067
0.000000000,393.655,1.103,0.390,0.000,0.874,50.072,191.375,38.419,76.837,0.000,752.76,1316.30,0.127,0.067
0.000000000,393.730,1.089,0.390,0.000,0.886,50.787,191.409,38.419,76.837,0.000,752.76,1316.30,0.127,0.067
0.000000000,393.830,1.071,0.390,0.000,0.902,51.689,191.452,38.419,76.837,0.000,752.76,1316.30,0.127,0.067
0.000000000,393.930,1.050,0.390,0.000,0.922,52.802,191.501,38.419,76.837,0.000,752.76,1316.30,0.127,0.067
0.000000000,394.058,1.029,0.390,0.000,0.942,53.961,191.550,38.594,77.188,0.000,756.20,1321.83,0.176,0.078
0.000000000,394.170,1.016,0.390,0.000,0.956,54.758,191.582,38.594,77.188,0.000,756.20,1321.83,0.176,0.078
0.000000000,394.230,0.996,0.390,0.000,0.981,56.198,191.636,38.594,77.188,0.000,756.20,1321.83,0.176,0.078
0.000000000,394.331,0.978,0.390,0.000,1.007,57.692,191.689,38.594,77.188,0.000,756.20,1321.83,0.176,0.078
0.000000000,394.430,0.965,0.390,0.000,1.030,59.009,191.734,38.594,77.188,0.000,756.20,1321.83,0.176,0.078
0.000000000,394.531,0.954,0.390,0.000,1.053,60.351,191.778,38.594,77.188,0.000,756.20,1321.83,0.176,0.078
0.000000000,394.630,0.949,0.390,0.000,1.065,61.029,191.800,38.594,77.188,0.000,756.20,1321.83,0.176,0.078
0.000000000,394.731,0.939,0.390,0.000,1.089,62.389,191.843,38.594,77.188,0.000,756.20,1321.83,0.176,0.078
0.000000000,394.830,0.933,0.390,0.000,1.105,63.295,191.872,38.594,77.188,0.000,756.20,1321.83,0.176,0.078
0.000000000,394.929,0.927,0.390,0.000,1.117,63.972,191.894,38.594,77.188,0.000,756.20,1321.83,0.176,0.078
0.000000000,395.081,0.916,0.390,0.000,1.140,65.309,191.937,39.054,78.107,0.000,765.20,1330.28,0.460,0.116
0.000000000,395.130,0.903,0.390,0.000,1.162,66.605,191.980,39.054,78.107,0.000,765.20,1330.28,0.460,0.116
0.000000000,395.237,0.892,0.390,0.000,1.180,67.638,192.016,39.054,78.107,0.000,765.20,1330.28,0.460,0.116
0.000000000,395.329,0.878,0.390,0.000,1.201,68.803,192.058,39.054,78.107,0.000,765.20,1330.28,0.460,0.116
0.000000000,395.431,0.867,0.390,0.000,1.216,69.700,192.093,39.054,78.107,0.000,765.20,1330.28,0.460,0.116
0.000000000,395.530,0.856,0.390,0.000,1.231,70.519,192.127,39.054,78.107,0.000,765.20,1330.28,0.460,0.116
0.000000000,395.629,0.844,0.390,0.000,1.246,71.387,192.169,39.054,78.107,0.000,765.20,1330.28,0.460,0.116
0.000000000,395.763,0.836,0.390,0.000,1.255,71.890,192.196,39.054,78.107,0.000,765.20,1330.28,0.460,0.116
0.000000000,395.829,0.822,0.390,0.000,1.267,72.616,192.243,39.054,78.107,0.000,765.20,1330.28,0.460,0.116
0.000000000,395.929,0.811,0.390,0.000,1.274,73.004,192.276,39.054,78.107,0.000,765.20,1330.28,0.460,0.116
0.000000000,396.105,0.802,0.390,0.000,1.278,73.233,192.302,39.076,78.152,0.000,765.64,1329.66,0.022,0.107
0.000000000,396.130,0.784,0.390,0.000,1.282,73.453,192.347,39.076,78.152,0.000,765.64,1329.66,0.022,0.107
0.000000000,396.266,0.766,0.390,0.000,1.282,73.451,192.385,39.076,78.152,0.000,765.64,1329.66,0.022,0.107
0.000000000,396.329,0.748,0.390,0.000,1.280,73.316,192.415,39.076,78.152,0.000,765.64,1329.66,0.022,0.107
0.000000000,396.429,0.725,0.390,0.000,1.274,72.988,192.451,39.076,78.152,0.000,765.64,1329.66,0.022,0.107
0.000000000,396.532,0.704,0.390,0.000,1.267,72.577,192.479,39.076,78.152,0.000,765.64,1329.66,0.022,0.107
0.000000000,396.629,0.680,0.390,0.000,1.257,72.039,192.507,39.076,78.152,0.000,765.64,1329.66,0.022,0.107
0.000000000,396.762,0.650,0.390,0.000,1.243,71.225,192.539,39.076,78.152,0.000,765.64,1329.66,0.022,0.107
0.000000000,396.829,0.616,0.390,0.000,1.226,70.230,192.568,39.076,78.152,0.000,765.64,1329.66,0.022,0.107
0.000000000,396.929,0.575,0.390,0.000,1.202,68.841,192.601,39.076,78.152,0.000,765.64,1329.66,0.022,0.107
0.000000000,397.052,0.537,0.390,0.000,1.177,67.458,192.626,39.143,78.287,0.000,766.96,1332.23,0.071,0.103
0.000000000,397.129,0.505,0.390,0.000,1.155,66.169,192.646,39.143,78.287,0.000,766.96,1332.23,0.071,0.103
0.000000000,397.230,0.452,0.390,0.000,1.114,63.853,192.675,39.143,78.287,0.000,766.96,1332.23,0.071,0.103
0.000000000,397.331,0.420,0.390,0.000,1.086,62.250,192.691,39.143,78.287,0.000,766.96,1332.23,0.071,0.103
0.000000000,397.433,0.382,0.390,0.000,1.050,60.168,192.708,39.143,78.287,0.000,766.96,1332.23,0.071,0.103
0.000000000,397.529,0.338,0.390,0.000,1.004,57.529,192.725,39.143,78.287,0.000,766.96,1332.23,0.071,0.103
0.000000000,397.628,0.308,0.390,0.000,0.969,55.504,192.736,39.143,78.287,0.000,766.96,1332.23,0.071,0.103
0.000000000,397.760,0.274,0.390,0.000,0.924,52.921,192.748,39.143,78.287,0.000,766.96,1332.23,0.071,0.103
0.000000000,397.829,0.248,0.390,0.000,0.884,50.643,192.756,39.143,78.287,0.000,766.96,1332.23,0.071,0.103
0.000000000,397.928,0.218,0.390,0.000,0.833,47.754,192.765,39.143,78.287,0.000,766.96,1332.23,0.071,0.103
0.000000000,398.109,0.195,0.390,0.000,0.789,45.217,192.771,39.176,78.352,0.000,767.60,1333.39,0.033,0.096
0.000000000,398.128,0.170,0.390,0.000,0.733,42.019,192.778,39.176,78.352,0.000,767.60,1333.39,0.033,0.096
0.000000000,398.228,0.144,0.390,0.000,0.665,38.080,192.784,39.176,78.352,0.000,767.60,1333.39,0.033,0.096
0.000000000,398.328,0.124,0.389,0.000,0.603,34.544,192.789,39.176,78.352,0.000,767.60,1333.39,0.033,0.096
0.000000000,398.428,0.113,0.389,0.000,0.560,32.114,192.791,39.176,78.352,0.000,767.60,1333.39,0.033,0.096
0.000000000,398.528,0.104,0.389,0.000,0.528,30.256,192.793,39.176,78.352,0.000,767.60,1333.39,0.033,0.096
0.000000000,398.629,0.086,0.389,0.000,0.451,25.822,192.797,39.176,78.352,0.000,767.60,1333.39,0.033,0.096
0.000000000,398.728,0.077,0.389,0.000,0.406,23.234,192.799,39.176,78.352,0.000,767.60,1333.39,0.033,0.096
0.000000000,398.829,0.066,0.389,0.000,0.348,19.953,192.801,39.176,78.352,0.000,767.60,1333.39,0.033,0.096
0.000000000,398.928,0.055,0.389,0.000,0.290,16.627,192.803,39.176,78.352,0.000,767.60,1333.39,0.033,0.096
0.000000000,399.094,0.046,0.389,0.000,0.231,13.262,192.805,39.176,78.352,0.000,767.60,1333.51,0.000,0.086
0.000000000,399.130,0.038,0.389,0.000,0.172,9.866,192.807,39.176,78.352,0.000,767.60,1333.51,0.000,0.086
0.000000000,399.228,0.033,0.389,0.000,0.124,7.129,192.808,39.176,78.352,0.000,767.60,1333.51,0.000,0.086
0.000000000,399.328,0.029,0.389,0.000,0.076,4.379,192.809,39.176,78.352,0.000,767.60,1333.51,0.000,0.086
0.000000000,399.428,0.025,0.389,0.000,0.016,0.925,192.811,39.176,78.352,0.000,767.60,1333.51,0.000,0.086
0.000000000,399.528,0.021,0.389,0.000,-0.032,-1.848,192.812,39.176,78.352,0.000,767.60,1333.51,0.000,0.086
0.000000000,399.627,0.014,0.389,0.000,-0.129,-7.399,192.814,39.176,78.352,0.000,767.60,1333.51,0.000,0.086
0.000000000,399.728,0.008,0.388,0.000,-0.214,-12.235,192.815,39.176,78.352,0.000,767.60,1333.51,0.000,0.086
0.000000000,399.827,0.005,0.388,0.000,-0.297,-17.019,192.816,39.176,78.352,0.000,767.60,1333.51,0.000,0.086
0.000000000,399.928,0.004,0.388,0.000,-0.368,-21.060,192.818,39.176,78.352,0.000,767.60,1333.51,0.000,0.086
0.000000000,400.113,0.003,0.388,0.000,-0.414,-23.717,192.819,39.176,78.352,0.000,767.60,1333.51,0.000,0.078
0.000000000,400.127,0.002,0.388,0.000,-0.494,-28.282,192.820,39.176,78.352,0.000,767.60,1333.51,0.000,0.078
0.000000000,400.228,0.002,0.388,0.000,-0.560,-32.093,192.821,39.176,78.352,0.000,767.60,1333.51,0.000,0.078
0.000000000,400.328,0.005,0.388,0.000,-0.614,-35.189,192.822,39.176,78.352,0.000,767.60,1333.51,0.000,0.078
0.000000000,400.427,0.007,0.388,0.000,-0.677,-38.797,192.823,39.176,78.352,0.000,767.60,1333.51,0.000,0.078
0.000000000,400.527,0.010,0.388,0.000,-0.738,-42.285,192.824,39.176,78.352,0.000,767.60,1333.51,0.000,0.078
0.000000000,400.628,0.013,0.388,0.000,-0.797,-45.647,192.825,39.176,78.352,0.000,767.60,1333.51,0.000,0.078
0.000000000,400.749,0.015,0.388,0.000,-0.835,-47.814,192.826,39.176,78.352,0.000,767.60,1333.51,0.000,0.078
0.000000000,400.827,0.018,0.388,0.000,-0.907,-51.963,192.827,39.176,78.352,0.000,767.60,1333.51,0.000,0.078
0.000000000,400.927,0.021,0.388,0.000,-0.958,-54.908,192.829,39.176,78.352,0.000,767.60,1333.51,0.000,0.078
0.000000000,401.051,0.023,0.387,0.000,-1.007,-57.712,192.830,39.207,78.413,0.000,768.20,1334.83,0.031,0.073
0.000000000,401.127,0.026,0.387,0.000,-1.069,-61.224,192.833,39.207,78.413,0.000,768.20,1334.83,0.031,0.073
0.000000000,401.227,0.028,0.387,0.000,-1.112,-63.688,192.835,39.207,78.413,0.000,768.20,1334.83,0.031,0.073
0.000000000,401.328,0.031,0.387,0.000,-1.158,-66.376,192.838,39.207,78.413,0.000,768.20,1334.83,0.031,0.073
0.000000000,401.459,0.033,0.387,0.000,-1.196,-68.523,192.841,39.207,78.413,0.000,768.20,1334.83,0.031,0.073
0.000000000,401.527,0.036,0.387,0.000,-1.225,-70.205,192.843,39.207,78.413,0.000,768.20,1334.83,0.031,0.073
0.000000000,401.629,0.040,0.387,0.000,-1.258,-72.093,192.846,39.207,78.413,0.000,768.20,1334.83,0.031,0.073
0.000000000,401.730,0.043,0.387,0.000,-1.279,-73.273,192.849,39.207,78.413,0.000,768.20,1334.83,0.031,0.073
0.000000000,401.827,0.049,0.387,0.000,-1.308,-74.921,192.852,39.207,78.413,0.000,768.20,1334.83,0.031,0.073
0.000000000,401.954,0.054,0.387,0.000,-1.325,-75.937,192.854,39.207,78.413,0.000,768.20,1334.83,0.031,0.073
0.000000000,402.069,0.064,0.387,0.000,-1.354,-77.564,192.859,39.652,79.303,0.000,776.92,1347.47,0.444,0.110
0.000000000,402.126,0.070,0.387,0.000,-1.368,-78.408,192.862,39.652,79.303,0.000,776.92,1347.47,0.444,0.110
0.000000000,402.226,0.082,0.387,0.000,-1.389,-79.557,192.867,39.652,79.303,0.000,776.92,1347.47,0.444,0.110
0.000000000,402.327,0.099,0.387,0.000,-1.409,-80.737,192.874,39.652,79.303,0.000,776.92,1347.47,0.444,0.110
0.000000000,402.426,0.119,0.386,0.000,-1.427,-81.767,192.882,39.652,79.303,0.000,776.92,1347.47,0.444,0.110
0.000000000,402.526,0.140,0.386,0.000,-1.441,-82.559,192.889,39.652,79.303,0.000,776.92,1347.47,0.444,0.110
0.000000000,402.627,0.171,0.386,0.000,-1.458,-83.542,192.901,39.652,79.303,0.000,776.92,1347.47,0.444,0.110
0.000000000,402.726,0.198,0.386,0.000,-1.471,-84.261,192.911,39.652,79.303,0.000,776.92,1347.47,0.444,0.110
0.000000000,402.826,0.227,0.386,0.000,-1.483,-84.994,192.923,39.652,79.303,0.000,776.92,1347.47,0.444,0.110
0.000000000,402.940,0.258,0.386,0.000,-1.497,-85.760,192.935,39.652,79.303,0.000,776.92,1347.47,0.444,0.110
0.000000000,403.061,0.292,0.386,0.000,-1.511,-86.569,192.949,39.756,79.512,0.000,778.96,1351.85,0.104,0.110
0.000000000,403.126,0.322,0.386,0.000,-1.523,-87.270,192.962,39.756,79.512,0.000,778.96,1351.85,0.104,0.110
0.000000000,403.228,0.365,0.386,0.000,-1.541,-88.289,192.981,39.756,79.512,0.000,778.96,1351.85,0.104,0.110
0.000000000,403.326,0.396,0.386,0.000,-1.554,-89.041,192.997,39.756,79.512,0.000,778.96,1351.85,0.104,0.110
0.000000000,403.426,0.434,0.386,0.000,-1.570,-89.961,193.018,39.756,79.512,0.000,778.96,1351.85,0.104,0.110
0.000000000,403.526,0.471,0.386,0.000,-1.586,-90.887,193.040,39.756,79.512,0.000,778.96,1351.85,0.104,0.110
0.000000000,403.626,0.488,0.386,0.000,-1.594,-91.346,193.052,39.756,79.512,0.000,778.96,1351.85,0.104,0.110
0.000000000,403.730,0.520,0.386,0.000,-1.610,-92.253,193.077,39.756,79.512,0.000,778.96,1351.85,0.104,0.110
0.000000000,403.826,0.539,0.386,0.000,-1.621,-92.850,193.095,39.756,79.512,0.000,778.96,1351.85,0.104,0.110
0.000000000,403.926,0.552,0.386,0.000,-1.628,-93.298,193.109,39.756,79.512,0.000,778.96,1351.85,0.104,0.110
0.000000000,404.056,0.578,0.386,0.000,-1.647,-94.343,193.142,39.770,79.540,0.000,779.24,1347.47,0.014,0.100
0.000000000,404.126,0.595,0.386,0.000,-1.662,-95.228,193.172,39.770,79.540,0.000,779.24,1347.47,0.014,0.100
0.000000000,404.226,0.612,0.386,0.000,-1.679,-96.226,193.208,39.770,79.540,0.000,779.24,1347.47,0.014,0.100
0.000000000,404.372,0.624,0.386,0.000,-1.694,-97.032,193.239,39.770,79.540,0.000,779.24,1347.47,0.014,0.100
0.000000000,404.426,0.629,0.386,0.000,-1.700,-97.412,193.255,39.770,79.540,0.000,779.24,1347.47,0.014,0.100
0.000000000,404.526,0.643,0.386,0.000,-1.716,-98.325,193.298,39.770,79.540,0.000,779.24,1347.47,0.014,0.100
0.000000000,404.632,0.649,0.386,0.000,-1.721,-98.625,193.314,39.770,79.540,0.000,779.24,1347.47,0.014,0.100
0.000000000,404.728,0.657,0.386,0.000,-1.729,-99.062,193.341,39.770,79.540,0.000,779.24,1347.47,0.014,0.100
0.000000000,404.827,0.672,0.386,0.000,-1.738,-99.593,193.385,39.770,79.540,0.000,779.24,1347.47,0.014,0.100
0.000000000,404.928,0.683,0.386,0.000,-1.742,-99.809,193.413,39.770,79.540,0.000,779.24,1347.47,0.014,0.100
0.000000000,405.074,0.695,0.386,0.000,-1.744,-99.930,193.441,39.801,79.602,0.000,779.84,1351.30,0.031,0.093
0.000000000,405.128,0.714,0.386,0.000,-1.744,-99.952,193.481,39.801,79.602,0.000,779.84,1351.30,0.031,0.093
0.000000000,405.255,0.727,0.386,0.000,-1.743,-99.890,193.504,39.801,79.602,0.000,779.84,1351.30,0.031,0.093
0.000000000,405.330,0.753,0.386,0.000,-1.740,-99.680,193.545,39.801,79.602,0.000,779.84,1351.30,0.031,0.093
0.000000000,405.429,0.779,0.386,0.000,-1.735,-99.415,193.582,39.801,79.602,0.000,779.84,1351.30,0.031,0.093
0.000000000,405.530,0.802,0.386,0.000,-1.730,-99.147,193.614,39.801,79.602,0.000,779.84,1351.30,0.031,0.093
0.000000000,405.630,0.826,0.386,0.000,-1.725,-98.845,193.646,39.801,79.602,0.000,779.84,1351.30,0.031,0.093
0.000000000,405.731,0.862,0.386,0.000,-1.717,-98.383,193.694,39.801,79.602,0.000,779.84,1351.30,0.031,0.093
0.000000000,405.830,0.888,0.386,0.000,-1.711,-98.035,193.729,39.801,79.602,0.000,779.84,1351.30,0.031,0.093
0.000000000,405.930,0.926,0.386,0.000,-1.702,-97.533,193.780,39.801,79.602,0.000,779.84,1351.30,0.031,0.093
0.000000000,406.122,0.960,0.386,0.000,-1.695,-97.101,193.826,39.870,79.740,0.000,781.20,1358.41,0.069,0.091
0.000000000,406.132,0.987,0.386,0.000,-1.689,-96.745,193.866,39.870,79.740,0.000,781.20,1358.41,0.069,0.091
0.000000000,406.231,1.014,0.386,0.000,-1.682,-96.395,193.906,39.870,79.740,0.000,781.20,1358.41,0.069,0.091
0.000000000,406.332,1.041,0.386,0.000,-1.676,-96.053,193.948,39.870,79.740,0.000,781.20,1358.41,0.069,0.091
0.000000000,406.433,1.082,0.386,0.000,-1.667,-95.526,194.017,39.870,79.740,0.000,781.20,1358.41,0.069,0.091
0.000000000,406.556,1.102,0.386,0.000,-1.663,-95.276,194.052,39.870,79.740,0.000,781.20,1358.41,0.069,0.091
0.000000000,406.633,1.130,0.386,0.000,-1.657,-94.917,194.107,39.870,79.740,0.000,781.20,1358.41,0.069,0.091
0.000000000,406.734,1.157,0.386,0.000,-1.651,-94.577,194.163,39.870,79.740,0.000,781.20,1358.41,0.069,0.091
0.000000000,406.836,1.170,0.386,0.000,-1.648,-94.416,194.192,39.870,79.740,0.000,781.20,1358.41,0.069,0.091
0.000000000,406.934,1.198,0.386,0.000,-1.642,-94.053,194.259,39.870,79.740,0.000,781.20,1358.41,0.069,0.091
0.000000000,407.128,1.220,0.386,0.000,-1.636,-93.759,194.319,39.882,79.765,0.000,781.44,1355.64,0.012,0.083
0.000000000,407.136,1.238,0.386,0.000,-1.632,-93.527,194.369,39.882,79.765,0.000,781.44,1355.64,0.012,0.083
0.000000000,407.235,1.260,0.386,0.000,-1.627,-93.223,194.440,39.882,79.765,0.000,781.44,1355.64,0.012,0.083
0.000000000,407.335,1.276,0.386,0.000,-1.623,-92.979,194.502,39.882,79.765,0.000,781.44,1355.64,0.012,0.083
0.000000000,407.435,1.291,0.386,0.000,-1.619,-92.750,194.564,39.882,79.765,0.000,781.44,1355.64,0.012,0.083
0.000000000,407.537,1.301,0.386,0.000,-1.616,-92.571,194.616,39.882,79.765,0.000,781.44,1355.64,0.012,0.083
0.000000000,407.676,1.309,0.386,0.000,-1.613,-92.404,194.669,39.882,79.765,0.000,781.44,1355.64,0.012,0.083
0.000000000,407.736,1.317,0.386,0.000,-1.609,-92.215,194.731,39.882,79.765,0.000,781.44,1355.64,0.012,0.083
0.000000000,407.836,1.322,0.386,0.000,-1.607,-92.067,194.784,39.882,79.765,0.000,781.44,1355.64,0.012,0.083
0.000000000,407.942,1.327,0.386,0.000,-1.604,-91.902,194.847,39.882,79.765,0.000,781.44,1355.64,0.012,0.083
0.000000000,408.074,1.329,0.386,0.000,-1.602,-91.764,194.910,39.882,79.765,0.000,781.44,1354.06,0.000,0.075
0.000000000,408.140,1.330,0.386,0.000,-1.600,-91.664,194.972,39.882,79.765,0.000,781.44,1354.06,0.000,0.075
0.000000000,408.249,1.329,0.386,0.000,-1.599,-91.626,195.014,39.882,79.765,0.000,781.44,1354.06,0.000,0.075
0.000000000,408.338,1.326,0.386,0.000,-1.599,-91.623,195.066,39.882,79.765,0.000,781.44,1354.06,0.000,0.075
0.000000000,408.438,1.322,0.386,0.000,-1.600,-91.660,195.107,39.882,79.765,0.000,781.44,1354.06,0.000,0.075
0.000000000,408.539,1.320,0.386,0.000,-1.600,-91.695,195.127,39.882,79.765,0.000,781.44,1354.06,0.000,0.075
0.000000000,408.639,1.307,0.386,0.000,-1.605,-91.958,195.209,39.882,79.765,0.000,781.44,1354.06,0.000,0.075
0.000000000,408.771,1.297,0.386,0.000,-1.610,-92.240,195.259,39.882,79.765,0.000,781.44,1354.06,0.000,0.075
0.000000000,408.840,1.288,0.386,0.000,-1.615,-92.538,195.299,39.882,79.765,0.000,781.44,1354.06,0.000,0.075
0.000000000,408.940,1.270,0.386,0.000,-1.627,-93.223,195.368,39.882,79.765,0.000,781.44,1354.06,0.000,0.075
0.000000000,409.112,1.257,0.386,0.000,-1.638,-93.848,195.417,39.882,79.765,0.000,781.44,1352.45,0.000,0.067
0.000000000,409.140,1.242,0.386,0.000,-1.651,-94.588,195.465,39.882,79.765,0.000,781.44,1352.45,0.000,0.067
0.000000000,409.240,1.217,0.387,0.000,-1.676,-96.019,195.540,39.882,79.765,0.000,781.44,1352.45,0.000,0.067
0.000000000,409.341,1.197,0.387,0.000,-1.698,-97.291,195.595,39.882,79.765,0.000,781.44,1352.45,0.000,0.067
0.000000000,409.488,1.175,0.387,0.000,-1.723,-98.735,195.649,39.882,79.765,0.000,781.44,1352.45,0.000,0.067
0.000000000,409.544,1.155,0.387,0.000,-1.747,-100.068,195.693,39.882,79.765,0.000,781.44,1352.45,0.000,0.067
0.000000000,409.642,1.130,0.387,0.000,-1.777,-101.824,195.745,39.882,79.765,0.000,781.44,1352.45,0.000,0.067
0.000000000,409.749,1.111,0.387,0.000,-1.799,-103.090,195.779,39.882,79.765,0.000,781.44,1352.45,0.000,0.067
0.000000000,409.842,1.076,0.387,0.000,-1.841,-105.497,195.837,39.882,79.765,0.000,781.44,1352.45,0.000,0.067
0.000000000,409.942,1.049,0.387,0.000,-1.874,-107.366,195.876,39.882,79.765,0.000,781.44,1352.45,0.000,0.067
0.000000000,410.095,1.014,0.387,0.000,-1.916,-109.780,195.923,39.882,79.765,0.000,781.44,1352.66,0.000,0.060
0.000000000,410.143,0.984,0.387,0.000,-1.954,-111.934,195.960,39.882,79.765,0.000,781.44,1352.66,0.000,0.060
0.000000000,410.269,0.959,0.387,0.000,-1.985,-113.751,195.989,39.882,79.765,0.000,781.44,1352.66,0.000,0.060
0.000000000,410.345,0.926,0.387,0.000,-2.027,-116.138,196.023,39.882,79.765,0.000,781.44,1352.66,0.000,0.060
0.000000000,410.444,0.886,0.387,0.000,-2.080,-119.174,196.063,39.882,79.765,0.000,781.44,1352.66,0.000,0.060
0.000000000,410.544,0.843,0.387,0.000,-2.136,-122.388,196.101,39.882,79.765,0.000,781.44,1352.66,0.000,0.060
0.000000000,410.645,0.807,0.387,0.000,-2.185,-125.195,196.131,39.882,79.765,0.000,781.44,1352.66,0.000,0.060
0.000000000,410.784,0.762,0.387,0.000,-2.246,-128.703,196.165,39.882,79.765,0.000,781.44,1352.66,0.000,0.060
0.000000000,410.845,0.724,0.387,0.000,-2.299,-131.732,196.191,39.882,79.765,0.000,781.44,1352.66,0.000,0.060
0.000000000,410.945,0.669,0.387,0.000,-2.375,-136.106,196.225,39.882,79.765,0.000,781.44,1352.66,0.000,0.060
0.000000000,411.125,0.630,0.387,0.000,-2.431,-139.310,196.248,39.882,79.765,0.000,781.44,1353.38,0.000,0.054
0.000000000,411.147,0.607,0.387,0.000,-2.465,-141.261,196.261,39.882,79.765,0.000,781.44,1353.38,0.000,0.054
0.000000000,411.290,0.561,0.386,0.000,-2.534,-145.214,196.286,39.882,79.765,0.000,781.44,1353.38,0.000,0.054
0.000000000,411.346,0.517,0.386,0.000,-2.604,-149.226,196.308,39.882,79.765,0.000,781.44,1353.38,0.000,0.054
0.000000000,411.483,0.483,0.386,0.000,-2.663,-152.605,196.326,39.882,79.765,0.000,781.44,1353.38,0.000,0.054
0.000000000,411.547,0.439,0.386,0.000,-2.747,-157.378,196.349,39.882,79.765,0.000,781.44,1353.38,0.000,0.054
0.000000000,411.647,0.412,0.386,0.000,-2.807,-160.810,196.365,39.882,79.765,0.000,781.44,1353.38,0.000,0.054
0.000000000,411.747,0.387,0.386,0.000,-2.879,-164.946,196.383,39.882,79.765,0.000,781.44,1353.38,0.000,0.054
0.000000000,411.847,0.369,0.386,0.000,-2.975,-170.481,196.408,39.882,79.765,0.000,781.44,1353.38,0.000,0.054
0.000000000,411.948,0.368,0.386,0.000,-3.048,-174.640,196.427,39.882,79.765,0.000,781.44,1353.38,0.000,0.054
0.000000000,412.122,0.375,0.386,0.000,-3.108,-178.102,196.444,39.882,79.765,0.000,781.44,1353.91,0.000,0.049
0.000000000,412.148,0.393,0.386,0.000,3.102,177.754,196.465,39.882,79.765,0.000,781.44,1353.91,0.000,0.049
0.000000000,412.248,0.414,0.386,0.000,3.042,174.318,196.484,39.882,79.765,0.000,781.44,1353.91,0.000,0.049
0.000000000,412.349,0.453,0.386,0.000,2.959,169.541,196.513,39.882,79.765,0.000,781.44,1353.91,0.000,0.049
0.000000000,412.449,0.499,0.386,0.000,2.877,164.818,196.545,39.882,79.765,0.000,781.44,1353.91,0.000,0.049
0.000000000,412.549,0.543,0.386,0.000,2.807,160.827,196.574,39.882,79.765,0.000,781.44,1353.91,0.000,0.049
0.000000000,412.650,0.574,0.386,0.000,2.761,158.202,196.595,39.882,79.765,0.000,781.44,1353.91,0.000,0.049
0.000000000,412.807,0.621,0.386,0.000,2.693,154.326,196.628,39.882,79.765,0.000,781.44,1353.91,0.000,0.049
0.000000000,412.852,0.662,0.386,0.000,2.638,151.163,196.658,39.882,79.765,0.000,781.44,1353.91,0.000,0.049
0.000000000,412.950,0.702,0.386,0.000,2.584,148.065,196.688,39.882,79.765,0.000,781.44,1353.91,0.000,0.049
0.000000000,413.144,0.735,0.386,0.000,2.542,145.642,196.714,39.882,79.765,0.000,781.44,1354.14,0.000,0.044
0.000000000,413.152,0.751,0.386,0.000,2.521,144.449,196.727,39.882,79.765,0.000,781.44,1354.14,0.000,0.044
0.000000000,413.251,0.806,0.386,0.000,2.450,140.378,196.775,39.882,79.765,0.000,781.44,1354.14,0.000,0.044
0.000000000,413.352,0.837,0.386,0.000,2.411,138.131,196.804,39.882,79.765,0.000,781.44,1354.14,0.000,0.044
0.000000000,413.452,0.880,0.386,0.000,2.354,134.885,196.849,39.882,79.765,0.000,781.44,1354.14,0.000,0.044
0.000000000,413.571,0.913,0.386,0.000,2.309,132.289,196.887,39.882,79.765,0.000,781.44,1354.14,0.000,0.044
0.000000000,413.652,0.944,0.386,0.000,2.265,129.796,196.927,39.882,79.765,0.000,781.44,1354.14,0.000,0.044
0.000000000,413.752,0.983,0.386,0.000,2.207,126.472,196.984,39.882,79.765,0.000,781.44,1354.14,0.000,0.044
0.000000000,413.852,1.007,0.386,0.000,2.168,124.217,197.025,39.882,79.765,0.000,781.44,1354.14,0.000,0.044
0.000000000,413.953,1.028,0.386,0.000,2.130,122.061,197.067,39.882,79.765,0.000,781.44,1354.14,0.000,0.044
0.000000000,414.095,1.047,0.386,0.000,2.094,119.998,197.109,39.882,79.765,0.000,781.44,1355.74,0.000,0.040
0.000000000,414.155,1.064,0.386,0.000,2.060,118.031,197.152,39.882,79.765,0.000,781.44,1355.74,0.000,0.040
0.000000000,414.254,1.081,0.386,0.000,2.021,115.796,197.204,39.882,79.765,0.000,781.44,1355.74,0.000,0.040
0.000000000,414.354,1.097,0.386,0.000,1.979,113.363,197.264,39.882,79.765,0.000,781.44,1355.74,0.000,0.040
0.000000000,414.457,1.106,0.386,0.000,1.950,111.734,197.307,39.882,79.765,0.000,781.44,1355.74,0.000,0.040
0.000000000,414.554,1.114,0.386,0.000,1.923,110.198,197.350,39.882,79.765,0.000,781.44,1355.74,0.000,0.040
0.000000000,414.655,1.121,0.386,0.000,1.888,108.200,197.410,39.882,79.765,0.000,781.44,1355.74,0.000,0.040
0.000000000,414.755,1.125,0.386,0.000,1.865,106.885,197.453,39.882,79.765,0.000,781.44,1355.74,0.000,0.040
0.000000000,414.855,1.128,0.386,0.000,1.836,105.205,197.513,39.882,79.765,0.000,781.44,1355.74,0.000,0.040
0.000000000,414.955,1.129,0.386,0.000,1.817,104.113,197.555,39.882,79.765,0.000,781.44,1355.74,0.000,0.040
0.000000000,415.090,1.130,0.386,0.000,1.793,102.729,197.614,39.882,79.765,0.000,781.44,1358.85,0.000,0.036
0.000000000,415.165,1.130,0.386,0.000,1.777,101.841,197.656,39.882,79.765,0.000,781.44,1358.85,0.000,0.036
0.000000000,415.256,1.129,0.386,0.000,1.761,100.872,197.706,39.882,79.765,0.000,781.44,1358.85,0.000,0.036
0.000000000,415.356,1.128,0.386,0.000,1.748,100.135,197.747,39.882,79.765,0.000,781.44,1358.85,0.000,0.036
0.000000000,415.460,1.128,0.386,0.000,1.734,99.323,197.797,39.882,79.765,0.000,781.44,1358.85,0.000,0.036
0.000000000,415.560,1.128,0.386,0.000,1.721,98.586,197.846,39.882,79.765,0.000,781.44,1358.85,0.000,0.036
0.000000000,415.657,1.129,0.386,0.000,1.709,97.922,197.896,39.882,79.765,0.000,781.44,1358.85,0.000,0.036
0.000000000,415.757,1.130,0.386,0.000,1.699,97.332,197.946,39.882,79.765,0.000,781.44,1358.85,0.000,0.036
0.000000000,415.857,1.132,0.386,0.000,1.690,96.813,197.996,39.882,79.765,0.000,781.44,1358.85,0.000,0.036
0.000000000,415.957,1.135,0.386,0.000,1.683,96.429,198.037,39.882,79.765,0.000,781.44,1358.85,0.000,0.036
0.000000000,416.105,1.139,0.386,0.000,1.677,96.085,198.079,39.905,79.810,0.000,781.88,1359.37,0.022,0.034
0.000000000,416.158,1.143,0.386,0.000,1.672,95.780,198.121,39.905,79.810,0.000,781.88,1359.37,0.022,0.034
0.000000000,416.303,1.149,0.386,0.000,1.666,95.459,198.171,39.905,79.810,0.000,781.88,1359.37,0.022,0.034
0.000000000,416.359,1.157,0.386,0.000,1.661,95.179,198.222,39.905,79.810,0.000,781.88,1359.37,0.022,0.034
0.000000000,416.459,1.165,0.386,0.000,1.657,94.933,198.274,39.905,79.810,0.000,781.88,1359.37,0.022,0.034
0.000000000,416.580,1.173,0.386,0.000,1.654,94.751,198.317,39.905,79.810,0.000,781.88,1359.37,0.022,0.034
0.000000000,416.660,1.183,0.386,0.000,1.650,94.555,198.369,39.905,79.810,0.000,781.88,1359.37,0.022,0.034
0.000000000,416.759,1.196,0.386,0.000,1.647,94.353,198.431,39.905,79.810,0.000,781.88,1359.37,0.022,0.034
0.000000000,416.860,1.205,0.387,0.000,1.644,94.221,198.475,39.905,79.810,0.000,781.88,1359.37,0.022,0.034
0.000000000,416.960,1.216,0.387,0.000,1.642,94.074,198.529,39.905,79.810,0.000,781.88,1359.37,0.022,0.034
0.000000000,417.146,1.230,0.387,0.000,1.639,93.909,198.593,39.907,79.814,0.000,781.92,1361.33,0.002,0.031
0.000000000,417.160,1.238,0.387,0.000,1.637,93.815,198.630,39.907,79.814,0.000,781.92,1361.33,0.002,0.031
0.000000000,417.261,1.250,0.387,0.000,1.635,93.679,198.686,39.907,79.814,0.000,781.92,1361.33,0.002,0.031
0.000000000,417.391,1.262,0.387,0.000,1.633,93.547,198.743,39.907,79.814,0.000,781.92,1361.33,0.002,0.031
0.000000000,417.461,1.274,0.387,0.000,1.630,93.416,198.801,39.907,79.814,0.000,781.92,1361.33,0.002,0.031
0.000000000,417.561,1.284,0.387,0.000,1.629,93.309,198.850,39.907,79.814,0.000,781.92,1361.33,0.002,0.031
0.000000000,417.694,1.293,0.387,0.000,1.627,93.208,198.899,39.907,79.814,0.000,781.92,1361.33,0.002,0.031
0.000000000,417.763,1.302,0.387,0.000,1.625,93.110,198.949,39.907,79.814,0.000,781.92,1361.33,0.002,0.031
0.000000000,417.862,1.310,0.387,0.000,1.623,93.017,198.999,39.907,79.814,0.000,781.92,1361.33,0.002,0.031
0.000000000,417.962,1.317,0.387,0.000,1.622,92.926,199.050,39.907,79.814,0.000,781.92,1361.33,0.002,0.031
0.000000000,418.089,1.324,0.387,0.000,1.620,92.819,199.111,39.907,79.814,0.000,781.92,1363.34,0.000,0.028
0.000000000,418.162,1.331,0.387,0.000,1.618,92.718,199.173,39.907,79.814,0.000,781.92,1363.34,0.000,0.028
0.000000000,418.264,1.337,0.387,0.000,1.616,92.608,199.245,39.907,79.814,0.000,781.92,1363.34,0.000,0.028
0.000000000,418.369,1.342,0.387,0.000,1.615,92.536,199.297,39.907,79.814,0.000,781.92,1363.34,0.000,0.028
0.000000000,418.463,1.347,0.387,0.000,1.614,92.454,199.360,39.907,79.814,0.000,781.92,1363.34,0.000,0.028
0.000000000,418.563,1.351,0.387,0.000,1.612,92.387,199.412,39.907,79.814,0.000,781.92,1363.34,0.000,0.028
0.000000000,418.663,1.355,0.387,0.000,1.611,92.312,199.475,39.907,79.814,0.000,781.92,1363.34,0.000,0.028
0.000000000,418.763,1.360,0.387,0.000,1.610,92.233,199.548,39.907,79.814,0.000,781.92,1363.34,0.000,0.028
0.000000000,418.906,1.362,0.387,0.000,1.609,92.180,199.600,39.907,79.814,0.000,781.92,1363.34,0.000,0.028
0.000000000,418.964,1.363,0.387,0.000,1.608,92.139,199.642,39.907,79.814,0.000,781.92,1363.34,0.000,0.028
0.000000000,419.096,1.364,0.387,0.000,1.607,92.073,199.716,39.907,79.814,0.000,781.92,1359.25,0.000,0.025
0.000000000,419.167,1.364,0.387,0.000,1.606,92.028,199.768,39.907,79.814,0.000,781.92,1359.25,0.000,0.025
0.000000000,419.265,1.363,0.387,0.000,1.605,91.976,199.831,39.907,79.814,0.000,781.92,1359.25,0.000,0.025
0.000000000,419.365,1.362,0.387,0.000,1.604,91.928,199.894,39.907,79.814,0.000,781.92,1359.25,0.000,0.025
0.000000000,419.465,1.359,0.387,0.000,1.603,91.866,199.977,39.907,79.814,0.000,781.92,1359.25,0.000,0.025
0.000000000,419.565,1.356,0.387,0.000,1.603,91.821,200.040,39.907,79.814,0.000,781.92,1359.25,0.000,0.025
0.000000000,419.665,1.352,0.388,0.000,1.602,91.773,200.112,39.907,79.814,0.000,781.92,1359.25,0.000,0.025
0.000000000,419.786,1.350,0.388,0.000,1.601,91.753,200.144,39.907,79.814,0.000,781.92,1359.25,0.000,0.025
0.000000000,419.866,1.346,0.388,0.000,1.601,91.715,200.206,39.907,79.814,0.000,781.92,1359.25,0.000,0.025
0.000000000,419.966,1.341,0.388,0.000,1.600,91.674,200.278,39.907,79.814,0.000,781.92,1359.25,0.000,0.025
0.000000000,420.114,1.337,0.388,0.000,1.600,91.652,200.319,39.921,79.842,0.000,782.20,1359.19,0.014,0.024
0.000000000,420.167,1.333,0.388,0.000,1.599,91.618,200.390,39.921,79.842,0.000,782.20,1359.19,0.014,0.024
0.000000000,420.298,1.329,0.388,0.000,1.599,91.596,200.441,39.921,79.842,0.000,782.20,1359.19,0.014,0.024
0.000000000,420.367,1.326,0.388,0.000,1.598,91.577,200.492,39.921,79.842,0.000,782.20,1359.19,0.014,0.024
0.000000000,420.467,1.323,0.388,0.000,1.598,91.551,200.563,39.921,79.842,0.000,782.20,1359.19,0.014,0.024
0.000000000,420.572,1.321,0.388,0.000,1.598,91.536,200.603,39.921,79.842,0.000,782.20,1359.19,0.014,0.024
0.000000000,420.667,1.319,0.388,0.000,1.597,91.511,200.673,39.921,79.842,0.000,782.20,1359.19,0.014,0.024
0.000000000,420.768,1.318,0.388,0.000,1.597,91.491,200.733,39.921,79.842,0.000,782.20,1359.19,0.014,0.024
0.000000000,420.868,1.318,0.388,0.000,1.597,91.475,200.784,39.921,79.842,0.000,782.20,1359.19,0.014,0.024
0.000000000,420.969,1.319,0.388,0.000,1.596,91.456,200.844,39.921,79.842,0.000,782.20,1359.19,0.014,0.024
0.000000000,421.095,1.320,0.388,0.000,1.596,91.438,200.904,39.948,79.895,0.000,782.72,1359.53,0.027,0.024
0.000000000,421.169,1.322,0.388,0.000,1.596,91.424,200.955,39.948,79.895,0.000,782.72,1359.53,0.027,0.024
0.000000000,421.269,1.324,0.388,0.000,1.595,91.408,201.016,39.948,79.895,0.000,782.72,1359.53,0.027,0.024
0.000000000,421.369,1.326,0.388,0.000,1.595,91.394,201.078,39.948,79.895,0.000,782.72,1359.53,0.027,0.024
0.000000000,421.470,1.327,0.388,0.000,1.595,91.385,201.129,39.948,79.895,0.000,782.72,1359.53,0.027,0.024
0.000000000,421.569,1.330,0.388,0.000,1.595,91.371,201.202,39.948,79.895,0.000,782.72,1359.53,0.027,0.024
0.000000000,421.669,1.331,0.388,0.000,1.595,91.360,201.264,39.948,79.895,0.000,782.72,1359.53,0.027,0.024
0.000000000,421.770,1.334,0.388,0.000,1.594,91.347,201.326,39.948,79.895,0.000,782.72,1359.53,0.027,0.024
0.000000000,421.877,1.336,0.388,0.000,1.594,91.335,201.379,39.948,79.895,0.000,782.72,1359.53,0.027,0.024
0.000000000,421.971,1.338,0.388,0.000,1.594,91.318,201.442,39.948,79.895,0.000,782.72,1359.53,0.027,0.024
0.000000000,422.111,1.341,0.388,0.000,1.593,91.299,201.506,40.185,80.369,0.000,787.36,1367.64,0.236,0.046
0.000000000,422.170,1.344,0.389,0.000,1.593,91.278,201.570,40.185,80.369,0.000,787.36,1367.64,0.236,0.046
0.000000000,422.271,1.346,0.389,0.000,1.593,91.263,201.624,40.185,80.369,0.000,787.36,1367.64,0.236,0.046
0.000000000,422.374,1.349,0.389,0.000,1.593,91.247,201.689,40.185,80.369,0.000,787.36,1367.64,0.236,0.046
0.000000000,422.472,1.351,0.389,0.000,1.592,91.235,201.781,40.185,80.369,0.000,787.36,1367.64,0.236,0.046
0.000000000,422.581,1.352,0.389,0.000,1.593,91.247,201.846,40.185,80.369,0.000,787.36,1367.64,0.236,0.046
0.000000000,422.671,1.353,0.389,0.000,1.593,91.272,201.889,40.185,80.369,0.000,787.36,1367.64,0.236,0.046
0.000000000,422.771,1.353,0.389,0.000,1.594,91.348,201.954,40.185,80.369,0.000,787.36,1367.64,0.236,0.046
0.000000000,422.872,1.353,0.389,0.000,1.597,91.486,202.018,40.185,80.369,0.000,787.36,1367.64,0.236,0.046
0.000000000,422.972,1.352,0.389,0.000,1.600,91.659,202.072,40.185,80.369,0.000,787.36,1367.64,0.236,0.046
0.000000000,423.143,1.352,0.389,0.000,1.606,91.991,202.148,40.356,80.712,0.000,790.72,1372.64,0.171,0.058
0.000000000,423.172,1.351,0.389,0.000,1.610,92.220,202.191,40.356,80.712,0.000,790.72,1372.64,0.171,0.058
0.000000000,423.273,1.349,0.389,0.000,1.617,92.674,202.266,40.356,80.712,0.000,790.72,1372.64,0.171,0.058
0.000000000,423.373,1.347,0.389,0.000,1.625,93.109,202.331,40.356,80.712,0.000,790.72,1372.64,0.171,0.058
0.000000000,423.474,1.346,0.389,0.000,1.633,93.572,202.395,40.356,80.712,0.000,790.72,1372.64,0.171,0.058
0.000000000,423.574,1.345,0.389,0.000,1.640,93.970,202.448,40.356,80.712,0.000,790.72,1372.64,0.171,0.058
0.000000000,423.673,1.345,0.389,0.000,1.650,94.518,202.523,40.356,80.712,0.000,790.72,1372.64,0.171,0.058
0.000000000,423.774,1.346,0.389,0.000,1.657,94.954,202.587,40.356,80.712,0.000,790.72,1372.64,0.171,0.058
0.000000000,423.893,1.347,0.389,0.000,1.662,95.217,202.630,40.356,80.712,0.000,790.72,1372.64,0.171,0.058
0.000000000,423.974,1.349,0.389,0.000,1.669,95.603,202.706,40.356,80.712,0.000,790.72,1372.64,0.171,0.058
0.000000000,424.118,1.352,0.389,0.000,1.672,95.817,202.760,40.603,81.206,0.000,795.56,1377.72,0.247,0.077
0.000000000,424.174,1.355,0.389,0.000,1.675,95.980,202.814,40.603,81.206,0.000,795.56,1377.72,0.247,0.077
0.000000000,424.274,1.358,0.389,0.000,1.677,96.098,202.869,40.603,81.206,0.000,795.56,1377.72,0.247,0.077
0.000000000,424.374,1.361,0.389,0.000,1.679,96.188,202.934,40.603,81.206,0.000,795.56,1377.72,0.247,0.077
0.000000000,424.475,1.363,0.390,0.000,1.680,96.232,203.000,40.603,81.206,0.000,795.56,1377.72,0.247,0.077
0.000000000,424.575,1.366,0.390,0.000,1.680,96.252,203.067,40.603,81.206,0.000,795.56,1377.72,0.247,0.077
0.000000000,424.675,1.368,0.390,0.000,1.680,96.265,203.133,40.603,81.206,0.000,795.56,1377.72,0.247,0.077
0.000000000,424.800,1.370,0.390,0.000,1.681,96.287,203.200,40.603,81.206,0.000,795.56,1377.72,0.247,0.077
0.000000000,424.875,1.372,0.390,0.000,1.681,96.321,203.255,40.603,81.206,0.000,795.56,1377.72,0.247,0.077
0.000000000,424.976,1.373,0.390,0.000,1.682,96.386,203.322,40.603,81.206,0.000,795.56,1377.72,0.247,0.077
0.000000000,425.156,1.374,0.390,0.000,1.684,96.462,203.378,40.717,81.435,0.000,797.80,1380.72,0.114,0.081
0.000000000,425.176,1.375,0.390,0.000,1.685,96.556,203.434,40.717,81.435,0.000,797.80,1380.72,0.114,0.081
0.000000000,425.277,1.376,0.390,0.000,1.688,96.720,203.512,40.717,81.435,0.000,797.80,1380.72,0.114,0.081
0.000000000,425.423,1.376,0.390,0.000,1.691,96.890,203.579,40.717,81.435,0.000,797.80,1380.72,0.114,0.081
0.000000000,425.476,1.376,0.390,0.000,1.694,97.054,203.636,40.717,81.435,0.000,797.80,1380.72,0.114,0.081
0.000000000,425.576,1.375,0.390,0.000,1.699,97.323,203.714,40.717,81.435,0.000,797.80,1380.72,0.114,0.081
0.000000000,425.677,1.373,0.390,0.000,1.703,97.555,203.770,40.717,81.435,0.000,797.80,1380.72,0.114,0.081
0.000000000,425.777,1.369,0.390,0.000,1.710,97.954,203.848,40.717,81.435,0.000,797.80,1380.72,0.114,0.081
0.000000000,425.877,1.367,0.390,0.000,1.713,98.155,203.881,40.717,81.435,0.000,797.80,1380.72,0.114,0.081
0.000000000,425.977,1.361,0.390,0.000,1.723,98.713,203.959,40.717,81.435,0.000,797.80,1380.72,0.114,0.081
0.000000000,426.110,1.352,0.390,0.000,1.735,99.412,204.036,40.971,81.941,0.000,802.76,1388.76,0.253,0.098
0.000000000,426.178,1.347,0.390,0.000,1.743,99.880,204.080,40.971,81.941,0.000,802.76,1388.76,0.253,0.098
0.000000000,426.278,1.338,0.390,0.000,1.757,100.673,204.145,40.971,81.941,0.000,802.76,1388.76,0.253,0.098
0.000000000,426.378,1.328,0.390,0.000,1.773,101.569,204.210,40.971,81.941,0.000,802.76,1388.76,0.253,0.098
0.000000000,426.478,1.320,0.390,0.000,1.787,102.387,204.264,40.971,81.941,0.000,802.76,1388.76,0.253,0.098
0.000000000,426.579,1.310,0.391,0.000,1.805,103.443,204.328,40.971,81.941,0.000,802.76,1388.76,0.253,0.098
0.000000000,426.678,1.299,0.391,0.000,1.828,104.758,204.401,40.971,81.941,0.000,802.76,1388.76,0.253,0.098
0.000000000,426.778,1.290,0.391,0.000,1.849,105.946,204.464,40.971,81.941,0.000,802.76,1388.76,0.253,0.098
0.000000000,426.884,1.284,0.391,0.000,1.867,106.970,204.516,40.971,81.941,0.000,802.76,1388.76,0.253,0.098
0.000000000,426.978,1.278,0.391,0.000,1.889,108.233,204.578,40.971,81.941,0.000,802.76,1388.76,0.253,0.098
0.000000000,427.115,1.275,0.391,0.000,1.908,109.311,204.629,41.032,82.064,0.000,803.96,1393.14,0.061,0.094
0.000000000,427.221,1.273,0.391,0.000,1.935,110.843,204.701,41.032,82.064,0.000,803.96,1393.14,0.061,0.094
0.000000000,427.279,1.272,0.391,0.000,1.950,111.728,204.742,41.032,82.064,0.000,803.96,1393.14,0.061,0.094
0.000000000,427.380,1.273,0.391,0.000,1.973,113.066,204.804,41.032,82.064,0.000,803.96,1393.14,0.061,0.094
0.000000000,427.522,1.277,0.391,0.000,2.001,114.660,204.876,41.032,82.064,0.000,803.96,1393.14,0.061,0.094
0.000000000,427.580,1.279,0.391,0.000,2.018,115.595,204.918,41.032,82.064,0.000,803.96,1393.14,0.061,0.094
0.000000000,427.680,1.285,0.391,0.000,2.047,117.289,204.991,41.032,82.064,0.000,803.96,1393.14,0.061,0.094
0.000000000,427.780,1.290,0.391,0.000,2.069,118.554,205.043,41.032,82.064,0.000,803.96,1393.14,0.061,0.094
0.000000000,427.880,1.293,0.391,0.000,2.087,119.602,205.085,41.032,82.064,0.000,803.96,1393.14,0.061,0.094
0.000000000,427.980,1.299,0.391,0.000,2.116,121.240,205.147,41.032,82.064,0.000,803.96,1393.14,0.061,0.094
0.000000000,428.116,1.304,0.391,0.000,2.146,122.967,205.210,41.085,82.170,0.000,805.00,1395.94,0.053,0.090
0.000000000,428.180,1.309,0.391,0.000,2.178,124.785,205.273,41.085,82.170,0.000,805.00,1395.94,0.053,0.090
0.000000000,428.281,1.312,0.391,0.000,2.211,126.693,205.336,41.085,82.170,0.000,805.00,1395.94,0.053,0.090
0.000000000,428.381,1.315,0.391,0.000,2.246,128.686,205.399,41.085,82.170,0.000,805.00,1395.94,0.053,0.090
0.000000000,428.481,1.317,0.391,0.000,2.276,130.398,205.451,41.085,82.170,0.000,805.00,1395.94,0.053,0.090
0.000000000,428.582,1.319,0.391,0.000,2.313,132.503,205.513,41.085,82.170,0.000,805.00,1395.94,0.053,0.090
0.000000000,428.683,1.318,0.391,0.000,2.356,135.003,205.586,41.085,82.170,0.000,805.00,1395.94,0.053,0.090
0.000000000,428.798,1.317,0.391,0.000,2.381,136.441,205.627,41.085,82.170,0.000,805.00,1395.94,0.053,0.090
0.000000000,428.882,1.312,0.391,0.000,2.425,138.953,205.699,41.085,82.170,0.000,805.00,1395.94,0.053,0.090
0.000000000,428.982,1.306,0.391,0.000,2.462,141.082,205.760,41.085,82.170,0.000,805.00,1395.94,0.053,0.090
0.000000000,429.171,1.300,0.391,0.000,2.493,142.821,205.810,41.148,82.296,0.000,806.24,1398.44,0.063,0.087
0.000000000,429.182,1.291,0.391,0.000,2.528,144.851,205.870,41.148,82.296,0.000,806.24,1398.44,0.063,0.087
0.000000000,429.283,1.283,0.392,0.000,2.562,146.809,205.930,41.148,82.296,0.000,806.24,1398.44,0.063,0.087
0.000000000,429.383,1.277,0.392,0.000,2.590,148.378,205.979,41.148,82.296,0.000,806.24,1398.44,0.063,0.087
0.000000000,429.482,1.270,0.392,0.000,2.621,150.170,206.038,41.148,82.296,0.000,806.24,1398.44,0.063,0.087
0.000000000,429.583,1.266,0.392,0.000,2.650,151.856,206.097,41.148,82.296,0.000,806.24,1398.44,0.063,0.087
0.000000000,429.683,1.264,0.392,0.000,2.678,153.421,206.155,41.148,82.296,0.000,806.24,1398.44,0.063,0.087
0.000000000,429.785,1.263,0.392,0.000,2.699,154.627,206.204,41.148,82.296,0.000,806.24,1398.44,0.063,0.087
0.000000000,429.883,1.263,0.392,0.000,2.722,155.945,206.262,41.148,82.296,0.000,806.24,1398.44,0.063,0.087
0.000000000,429.983,1.265,0.392,0.000,2.742,157.116,206.321,41.148,82.296,0.000,806.24,1398.44,0.063,0.087
0.000000000,430.159,1.268,0.392,0.000,2.757,157.975,206.370,41.295,82.590,0.000,809.12,1409.83,0.147,0.093
0.000000000,430.184,1.273,0.392,0.000,2.770,158.727,206.420,41.295,82.590,0.000,809.12,1409.83,0.147,0.093
0.000000000,430.284,1.280,0.392,0.000,2.785,159.592,206.489,41.295,82.590,0.000,809.12,1409.83,0.147,0.093
0.000000000,430.422,1.287,0.392,0.000,2.795,160.152,206.549,41.295,82.590,0.000,809.12,1409.83,0.147,0.093
0.000000000,430.484,1.294,0.392,0.000,2.801,160.491,206.600,41.295,82.590,0.000,809.12,1409.83,0.147,0.093
0.000000000,430.585,1.301,0.392,0.000,2.805,160.723,206.651,41.295,82.590,0.000,809.12,1409.83,0.147,0.093
0.000000000,430.684,1.309,0.392,0.000,2.808,160.889,206.713,41.295,82.590,0.000,809.12,1409.83,0.147,0.093
0.000000000,430.784,1.314,0.392,0.000,2.809,160.957,206.764,41.295,82.590,0.000,809.12,1409.83,0.147,0.093
0.000000000,430.884,1.318,0.392,0.000,2.810,160.987,206.827,41.295,82.590,0.000,809.12,1409.83,0.147,0.093
0.000000000,430.985,1.320,0.392,0.000,2.810,160.997,206.900,41.295,82.590,0.000,809.12,1409.83,0.147,0.093
0.000000000,431.165,1.319,0.392,0.000,2.810,161.017,206.953,41.381,82.762,0.000,810.80,1405.10,0.086,0.093
0.000000000,431.185,1.315,0.392,0.000,2.811,161.084,207.015,41.381,82.762,0.000,810.80,1405.10,0.086,0.093
0.000000000,431.285,1.306,0.392,0.000,2.814,161.256,207.088,41.381,82.762,0.000,810.80,1405.10,0.086,0.093
0.000000000,431.385,1.297,0.392,0.000,2.818,161.457,207.139,41.381,82.762,0.000,810.80,1405.10,0.086,0.093
0.000000000,431.486,1.281,0.392,0.000,2.825,161.869,207.210,41.381,82.762,0.000,810.80,1405.10,0.086,0.093
0.000000000,431.586,1.268,0.392,0.000,2.832,162.265,207.260,41.381,82.762,0.000,810.80,1405.10,0.086,0.093
0.000000000,431.686,1.248,0.392,0.000,2.844,162.973,207.328,41.381,82.762,0.000,810.80,1405.10,0.086,0.093
0.000000000,431.786,1.229,0.392,0.000,2.858,163.733,207.386,41.381,82.762,0.000,810.80,1405.10,0.086,0.093
0.000000000,431.912,1.215,0.392,0.000,2.868,164.319,207.423,41.381,82.762,0.000,810.80,1405.10,0.086,0.093
0.000000000,431.986,1.190,0.392,0.000,2.889,165.506,207.488,41.381,82.762,0.000,810.80,1405.10,0.086,0.093
0.000000000,432.119,1.167,0.393,0.000,2.909,166.696,207.542,41.387,82.774,0.000,810.92,1400.50,0.006,0.084
0.000000000,432.188,1.144,0.393,0.000,2.933,168.052,207.595,41.387,82.774,0.000,810.92,1400.50,0.006,0.084
0.000000000,432.287,1.124,0.393,0.000,2.955,169.310,207.638,41.387,82.774,0.000,810.92,1400.50,0.006,0.084
0.000000000,432.386,1.099,0.393,0.000,2.984,170.965,207.689,41.387,82.774,0.000,810.92,1400.50,0.006,0.084
0.000000000,432.488,1.080,0.393,0.000,3.010,172.455,207.730,41.387,82.774,0.000,810.92,1400.50,0.006,0.084
0.000000000,432.589,1.061,0.393,0.000,3.037,174.034,207.770,41.387,82.774,0.000,810.92,1400.50,0.006,0.084
0.000000000,432.687,1.038,0.393,0.000,3.078,176.365,207.825,41.387,82.774,0.000,810.92,1400.50,0.006,0.084
0.000000000,432.787,1.022,0.393,0.000,3.115,178.460,207.872,41.387,82.774,0.000,810.92,1400.50,0.006,0.084
0.000000000,432.921,1.008,0.393,0.000,-3.130,-179.354,207.917,41.387,82.774,0.000,810.92,1400.50,0.006,0.084
0.000000000,432.988,0.997,0.393,0.000,-3.091,-177.073,207.963,41.387,82.774,0.000,810.92,1400.50,0.006,0.084
0.000000000,433.132,0.988,0.393,0.000,-3.049,-174.690,208.007,41.387,82.774,0.000,810.92,1396.18,0.000,0.076
0.000000000,433.190,0.979,0.393,0.000,-3.005,-172.202,208.052,41.387,82.774,0.000,810.92,1396.18,0.000,0.076
0.000000000,433.288,0.973,0.393,0.000,-2.975,-170.483,208.081,41.387,82.774,0.000,810.92,1396.18,0.000,0.076
0.000000000,433.388,0.962,0.393,0.000,-2.921,-167.362,208.133,41.387,82.774,0.000,810.92,1396.18,0.000,0.076
0.000000000,433.488,0.953,0.393,0.000,-2.872,-164.566,208.176,41.387,82.774,0.000,810.92,1396.18,0.000,0.076
0.000000000,433.610,0.942,0.393,0.000,-2.821,-161.655,208.220,41.387,82.774,0.000,810.92,1396.18,0.000,0.076
0.000000000,433.688,0.934,0.393,0.000,-2.778,-159.142,208.256,41.387,82.774,0.000,810.92,1396.18,0.000,0.076
0.000000000,433.789,0.923,0.393,0.000,-2.723,-156.015,208.298,41.387,82.774,0.000,810.92,1396.18,0.000,0.076
0.000000000,433.922,0.914,0.393,0.000,-2.666,-152.761,208.341,41.387,82.774,0.000,810.92,1396.18,0.000,0.076
0.000000000,433.989,0.908,0.393,0.000,-2.617,-149.953,208.376,41.387,82.774,0.000,810.92,1396.18,0.000,0.076
0.000000000,434.124,0.904,0.393,0.000,-2.567,-147.061,208.412,41.395,82.790,0.000,811.08,1398.18,0.008,0.069
0.000000000,434.189,0.901,0.393,0.000,-2.494,-142.885,208.461,41.395,82.790,0.000,811.08,1398.18,0.008,0.069
0.000000000,434.289,0.902,0.393,0.000,-2.462,-141.054,208.483,41.395,82.790,0.000,811.08,1398.18,0.008,0.069
0.000000000,434.389,0.907,0.393,0.000,-2.386,-136.697,208.533,41.395,82.790,0.000,811.08,1398.18,0.008,0.069
0.000000000,434.489,0.915,0.393,0.000,-2.308,-132.243,208.584,41.395,82.790,0.000,811.08,1398.18,0.008,0.069
0.000000000,434.629,0.924,0.393,0.000,-2.252,-129.021,208.621,41.395,82.790,0.000,811.08,1398.18,0.008,0.069
0.000000000,434.690,0.935,0.393,0.000,-2.195,-125.780,208.659,41.395,82.790,0.000,811.08,1398.18,0.008,0.069
0.000000000,434.793,0.949,0.393,0.000,-2.127,-121.886,208.705,41.395,82.790,0.000,811.08,1398.18,0.008,0.069
0.000000000,434.890,0.964,0.393,0.000,-2.060,-118.016,208.752,41.395,82.790,0.000,811.08,1398.18,0.008,0.069
0.000000000,434.990,0.978,0.393,0.000,-2.004,-114.825,208.792,41.395,82.790,0.000,811.08,1398.18,0.008,0.069
0.000000000,435.132,0.998,0.393,0.000,-1.927,-110.423,208.850,41.405,82.811,0.000,811.28,1408.80,0.010,0.063
0.000000000,435.242,1.015,0.393,0.000,-1.863,-106.733,208.900,41.405,82.811,0.000,811.28,1408.80,0.010,0.063
0.000000000,435.290,1.030,0.393,0.000,-1.810,-103.726,208.943,41.405,82.811,0.000,811.28,1408.80,0.010,0.063
0.000000000,435.390,1.047,0.393,0.000,-1.749,-100.210,208.995,41.405,82.811,0.000,811.28,1408.80,0.010,0.063
0.000000000,435.497,1.061,0.393,0.000,-1.699,-97.366,209.039,41.405,82.811,0.000,811.28,1408.80,0.010,0.063
0.000000000,435.594,1.078,0.393,0.000,-1.632,-93.523,209.102,41.405,82.811,0.000,811.28,1408.80,0.010,0.063
0.000000000,435.692,1.090,0.393,0.000,-1.577,-90.366,209.156,41.405,82.811,0.000,811.28,1408.80,0.010,0.063
0.000000000,435.791,1.101,0.393,0.000,-1.524,-87.338,209.211,41.405,82.811,0.000,811.28,1408.80,0.010,0.063
0.000000000,435.891,1.107,0.393,0.000,-1.482,-84.915,209.257,41.405,82.811,0.000,811.28,1408.80,0.010,0.063
0.000000000,435.991,1.113,0.393,0.000,-1.433,-82.133,209.313,41.405,82.811,0.000,811.28,1408.80,0.010,0.063
0.000000000,436.180,1.115,0.393,0.000,-1.387,-79.480,209.368,41.444,82.888,0.000,812.04,1413.79,0.039,0.061
0.000000000,436.192,1.115,0.393,0.000,-1.350,-77.354,209.414,41.444,82.888,0.000,812.04,1413.79,0.039,0.061
0.000000000,436.295,1.114,0.393,0.000,-1.300,-74.486,209.479,41.444,82.888,0.000,812.04,1413.79,0.039,0.061
0.000000000,436.398,1.113,0.393,0.000,-1.286,-73.686,209.497,41.444,82.888,0.000,812.04,1413.79,0.039,0.061
0.000000000,436.493,1.108,0.393,0.000,-1.238,-70.952,209.560,41.444,82.888,0.000,812.04,1413.79,0.039,0.061
0.000000000,436.594,1.105,0.393,0.000,-1.212,-69.424,209.596,41.444,82.888,0.000,812.04,1413.79,0.039,0.061
0.000000000,436.692,1.101,0.393,0.000,-1.185,-67.916,209.632,41.444,82.888,0.000,812.04,1413.79,0.039,0.061
0.000000000,436.792,1.097,0.393,0.000,-1.159,-66.427,209.667,41.444,82.888,0.000,812.04,1413.79,0.039,0.061
0.000000000,436.917,1.091,0.393,0.000,-1.127,-64.593,209.711,41.444,82.888,0.000,812.04,1413.79,0.039,0.061
0.000000000,436.993,1.084,0.393,0.000,-1.102,-63.147,209.745,41.444,82.888,0.000,812.04,1413.79,0.039,0.061
0.000000000,437.185,1.075,0.393,0.000,-1.071,-61.369,209.788,41.467,82.933,0.000,812.48,1413.42,0.022,0.057
0.000000000,437.193,1.066,0.393,0.000,-1.047,-59.973,209.821,41.467,82.933,0.000,812.48,1413.42,0.022,0.057
0.000000000,437.295,1.053,0.393,0.000,-1.017,-58.264,209.863,41.467,82.933,0.000,812.48,1413.42,0.022,0.057
0.000000000,437.408,1.044,0.393,0.000,-0.999,-57.261,209.887,41.467,82.933,0.000,812.48,1413.42,0.022,0.057
0.000000000,437.493,1.024,0.393,0.000,-0.965,-55.306,209.935,41.467,82.933,0.000,812.48,1413.42,0.022,0.057
0.000000000,437.593,0.997,0.393,0.000,-0.927,-53.117,209.990,41.467,82.933,0.000,812.48,1413.42,0.022,0.057
0.000000000,437.694,0.976,0.393,0.000,-0.901,-51.616,210.027,41.467,82.933,0.000,812.48,1413.42,0.022,0.057
0.000000000,437.798,0.953,0.393,0.000,-0.876,-50.171,210.064,41.467,82.933,0.000,812.48,1413.42,0.022,0.057
0.000000000,437.894,0.924,0.393,0.000,-0.847,-48.515,210.106,41.467,82.933,0.000,812.48,1413.42,0.022,0.057
0.000000000,437.993,0.893,0.393,0.000,-0.819,-46.940,210.147,41.467,82.933,0.000,812.48,1413.42,0.022,0.057
0.000000000,438.147,0.866,0.393,0.000,-0.797,-45.683,210.179,41.518,83.035,0.000,813.48,1416.14,0.050,0.056
0.000000000,438.195,0.832,0.393,0.000,-0.772,-44.225,210.217,41.518,83.035,0.000,813.48,1416.14,0.050,0.056
0.000000000,438.294,0.786,0.393,0.000,-0.739,-42.316,210.263,41.518,83.035,0.000,813.48,1416.14,0.050,0.056
0.000000000,438.428,0.751,0.393,0.000,-0.713,-40.878,210.296,41.518,83.035,0.000,813.48,1416.14,0.050,0.056
0.000000000,438.494,0.727,0.393,0.000,-0.696,-39.902,210.317,41.518,83.035,0.000,813.48,1416.14,0.050,0.056
0.000000000,438.594,0.692,0.393,0.000,-0.670,-38.391,210.347,41.518,83.035,0.000,813.48,1416.14,0.050,0.056
0.000000000,438.695,0.663,0.393,0.000,-0.647,-37.078,210.371,41.518,83.035,0.000,813.48,1416.14,0.050,0.056
0.000000000,438.795,0.630,0.393,0.000,-0.618,-35.418,210.398,41.518,83.035,0.000,813.48,1416.14,0.050,0.056
0.000000000,438.895,0.589,0.393,0.000,-0.577,-33.033,210.432,41.518,83.035,0.000,813.48,1416.14,0.050,0.056
0.000000000,438.995,0.565,0.393,0.000,-0.549,-31.430,210.452,41.518,83.035,0.000,813.48,1416.14,0.050,0.056
0.000000000,439.170,0.545,0.393,0.000,-0.519,-29.732,210.472,41.518,83.035,0.000,813.48,1416.81,0.000,0.050
0.000000000,439.195,0.524,0.393,0.000,-0.481,-27.563,210.495,41.518,83.035,0.000,813.48,1416.81,0.000,0.050
0.000000000,439.295,0.511,0.393,0.000,-0.448,-25.642,210.514,41.518,83.035,0.000,813.48,1416.81,0.000,0.050
0.000000000,439.396,0.498,0.393,0.000,-0.390,-22.340,210.545,41.518,83.035,0.000,813.48,1416.81,0.000,0.050
0.000000000,439.506,0.494,0.393,0.000,-0.351,-20.130,210.565,41.518,83.035,0.000,813.48,1416.81,0.000,0.050
0.000000000,439.595,0.494,0.393,0.000,-0.294,-16.839,210.593,41.518,83.035,0.000,813.48,1416.81,0.000,0.050
0.000000000,439.696,0.497,0.393,0.000,-0.250,-14.349,210.614,41.518,83.035,0.000,813.48,1416.81,0.000,0.050
0.000000000,439.796,0.502,0.393,0.000,-0.196,-11.208,210.639,41.518,83.035,0.000,813.48,1416.81,0.000,0.050
0.000000000,439.896,0.509,0.393,0.000,-0.118,-6.777,210.673,41.518,83.035,0.000,813.48,1416.81,0.000,0.050
0.000000000,440.044,0.514,0.393,0.000,-0.068,-3.879,210.695,41.518,83.035,0.000,813.48,1416.81,0.000,0.050
0.000000000,440.135,0.519,0.393,0.000,-0.016,-0.895,210.717,41.518,83.035,0.000,813.48,1418.81,0.000,0.045
0.000000000,440.196,0.525,0.393,0.000,0.059,3.398,210.749,41.518,83.035,0.000,813.48,1418.81,0.000,0.045
0.000000000,440.328,0.528,0.393,0.000,0.114,6.525,210.772,41.518,83.035,0.000,813.48,1418.81,0.000,0.045
0.000000000,440.397,0.531,0.393,0.000,0.169,9.682,210.795,41.518,83.035,0.000,813.48,1418.81,0.000,0.045
0.000000000,440.496,0.535,0.392,0.000,0.258,14.756,210.832,41.518,83.035,0.000,813.48,1418.81,0.000,0.045
0.000000000,440.633,0.538,0.392,0.000,0.324,18.549,210.860,41.518,83.035,0.000,813.48,1418.81,0.000,0.045
0.000000000,440.696,0.540,0.392,0.000,0.368,21.057,210.878,41.518,83.035,0.000,813.48,1418.81,0.000,0.045
0.000000000,440.797,0.543,0.392,0.000,0.432,24.775,210.907,41.518,83.035,0.000,813.48,1418.81,0.000,0.045
0.000000000,440.936,0.548,0.392,0.000,0.496,28.420,210.935,41.518,83.035,0.000,813.48,1418.81,0.000,0.045
0.000000000,440.998,0.553,0.392,0.000,0.558,31.974,210.964,41.518,83.035,0.000,813.48,1418.81,0.000,0.045
0.000000000,441.131,0.559,0.392,0.000,0.608,34.860,210.988,41.518,83.035,0.000,813.48,1419.20,0.000,0.041
0.000000000,441.197,0.569,0.392,0.000,0.677,38.768,211.022,41.518,83.035,0.000,813.48,1419.20,0.000,0.041
0.000000000,441.297,0.577,0.392,0.000,0.714,40.927,211.042,41.518,83.035,0.000,813.48,1419.20,0.000,0.041
0.000000000,441.397,0.590,0.392,0.000,0.769,44.053,211.072,41.518,83.035,0.000,813.48,1419.20,0.000,0.041
0.000000000,441.497,0.604,0.392,0.000,0.821,47.041,211.103,41.518,83.035,0.000,813.48,1419.20,0.000,0.041
0.000000000,441.598,0.617,0.392,0.000,0.863,49.422,211.129,41.518,83.035,0.000,813.48,1419.20,0.000,0.041
0.000000000,441.698,0.631,0.392,0.000,0.902,51.703,211.156,41.518,83.035,0.000,813.48,1419.20,0.000,0.041
0.000000000,441.798,0.650,0.392,0.000,0.955,54.721,211.194,41.518,83.035,0.000,813.48,1419.20,0.000,0.041
0.000000000,441.907,0.663,0.392,0.000,0.990,56.746,211.221,41.518,83.035,0.000,813.48,1419.20,0.000,0.041
0.000000000,441.998,0.677,0.392,0.000,1.030,59.033,211.255,41.518,83.035,0.000,813.48,1419.20,0.000,0.041
0.000000000,442.130,0.688,0.392,0.000,1.068,61.164,211.288,41.552,83.105,0.000,814.16,1418.68,0.035,0.040
0.000000000,442.224,0.697,0.392,0.000,1.096,62.822,211.317,41.552,83.105,0.000,814.16,1418.68,0.035,0.040
0.000000000,442.298,0.705,0.392,0.000,1.129,64.671,211.351,41.552,83.105,0.000,814.16,1418.68,0.035,0.040
0.000000000,442.399,0.710,0.392,0.000,1.154,66.092,211.380,41.552,83.105,0.000,814.16,1418.68,0.035,0.040
0.000000000,442.498,0.717,0.392,0.000,1.189,68.140,211.427,41.552,83.105,0.000,814.16,1418.68,0.035,0.040
0.000000000,442.599,0.721,0.392,0.000,1.209,69.284,211.456,41.552,83.105,0.000,814.16,1418.68,0.035,0.040
0.000000000,442.699,0.724,0.392,0.000,1.227,70.328,211.485,41.552,83.105,0.000,814.16,1418.68,0.035,0.040
0.000000000,442.799,0.728,0.392,0.000,1.247,71.462,211.520,41.552,83.105,0.000,814.16,1418.68,0.035,0.040
0.000000000,442.911,0.731,0.392,0.000,1.262,72.312,211.549,41.552,83.105,0.000,814.16,1418.68,0.035,0.040
0.000000000,442.999,0.735,0.392,0.000,1.278,73.232,211.585,41.552,83.105,0.000,814.16,1418.68,0.035,0.040
0.000000000,443.147,0.740,0.392,0.000,1.295,74.172,211.626,41.734,83.468,0.000,817.72,1423.13,0.181,0.054
0.000000000,443.204,0.744,0.392,0.000,1.303,74.646,211.649,41.734,83.468,0.000,817.72,1423.13,0.181,0.054
0.000000000,443.299,0.752,0.392,0.000,1.317,75.450,211.697,41.734,83.468,0.000,817.72,1423.13,0.181,0.054
0.000000000,443.400,0.759,0.392,0.000,1.324,75.845,211.727,41.734,83.468,0.000,817.72,1423.13,0.181,0.054
0.000000000,443.524,0.767,0.392,0.000,1.329,76.149,211.757,41.734,83.468,0.000,817.72,1423.13,0.181,0.054
0.000000000,443.599,0.776,0.392,0.000,1.333,76.361,211.788,41.734,83.468,0.000,817.72,1423.13,0.181,0.054
0.000000000,443.700,0.787,0.392,0.000,1.335,76.477,211.819,41.734,83.468,0.000,817.72,1423.13,0.181,0.054
0.000000000,443.846,0.799,0.392,0.000,1.335,76.498,211.850,41.734,83.468,0.000,817.72,1423.13,0.181,0.054
0.000000000,443.900,0.812,0.392,0.000,1.334,76.430,211.882,41.734,83.468,0.000,817.72,1423.13,0.181,0.054
0.000000000,444.000,0.836,0.392,0.000,1.329,76.149,211.935,41.734,83.468,0.000,817.72,1423.13,0.181,0.054
0.000000000,444.179,0.849,0.392,0.000,1.325,75.940,211.962,41.750,83.501,0.000,818.04,1420.61,0.016,0.051
0.000000000,444.200,0.874,0.392,0.000,1.317,75.477,212.010,41.750,83.501,0.000,818.04,1420.61,0.016,0.051
0.000000000,444.301,0.894,0.392,0.000,1.310,75.074,212.045,41.750,83.501,0.000,818.04,1420.61,0.016,0.051
0.000000000,444.400,0.920,0.392,0.000,1.301,74.525,212.089,41.750,83.501,0.000,818.04,1420.61,0.016,0.051
0.000000000,444.500,0.943,0.392,0.000,1.292,74.022,212.127,41.750,83.501,0.000,818.04,1420.61,0.016,0.051
0.000000000,444.601,0.972,0.392,0.000,1.281,73.372,212.173,41.750,83.501,0.000,818.04,1420.61,0.016,0.051
0.000000000,444.700,1.007,0.392,0.000,1.267,72.580,212.229,41.750,83.501,0.000,818.04,1420.61,0.016,0.051
0.000000000,444.801,1.022,0.392,0.000,1.261,72.235,212.254,41.750,83.501,0.000,818.04,1420.61,0.016,0.051
0.000000000,444.901,1.059,0.392,0.000,1.247,71.433,212.313,41.750,83.501,0.000,818.04,1420.61,0.016,0.051
0.000000000,445.001,1.095,0.392,0.000,1.233,70.645,212.375,41.750,83.501,0.000,818.04,1420.61,0.016,0.051
0.000000000,445.164,1.115,0.392,0.000,1.225,70.206,212.411,41.765,83.529,0.000,818.32,1417.96,0.014,0.047
0.000000000,445.201,1.144,0.392,0.000,1.214,69.577,212.466,41.765,83.529,0.000,818.32,1417.96,0.014,0.047
0.000000000,445.301,1.172,0.392,0.000,1.204,68.997,212.523,41.765,83.529,0.000,818.32,1417.96,0.014,0.047
0.000000000,445.402,1.193,0.392,0.000,1.197,68.556,212.572,41.765,83.529,0.000,818.32,1417.96,0.014,0.047
0.000000000,445.501,1.220,0.392,0.000,1.187,68.010,212.641,41.765,83.529,0.000,818.32,1417.96,0.014,0.047
0.000000000,445.602,1.244,0.392,0.000,1.179,67.547,212.711,41.765,83.529,0.000,818.32,1417.96,0.014,0.047
0.000000000,445.701,1.257,0.392,0.000,1.175,67.318,212.752,41.765,83.529,0.000,818.32,1417.96,0.014,0.047
0.000000000,445.802,1.274,0.392,0.000,1.170,67.022,212.814,41.765,83.529,0.000,818.32,1417.96,0.014,0.047
0.000000000,445.902,1.290,0.392,0.000,1.166,66.782,212.877,41.765,83.529,0.000,818.32,1417.96,0.014,0.047
0.000000000,446.002,1.301,0.392,0.000,1.163,66.623,212.930,41.765,83.529,0.000,818.32,1417.96,0.014,0.047
0.000000000,446.151,1.309,0.392,0.000,1.161,66.521,212.972,41.787,83.574,0.000,818.76,1417.55,0.023,0.044
0.000000000,446.202,1.320,0.392,0.000,1.159,66.401,213.047,41.787,83.574,0.000,818.76,1417.55,0.023,0.044
0.000000000,446.320,1.327,0.392,0.000,1.158,66.352,213.100,41.787,83.574,0.000,818.76,1417.55,0.023,0.044
0.000000000,446.404,1.333,0.393,0.000,1.158,66.335,213.154,41.787,83.574,0.000,818.76,1417.55,0.023,0.044
0.000000000,446.504,1.338,0.393,0.000,1.158,66.347,213.207,41.787,83.574,0.000,818.76,1417.55,0.023,0.044
0.000000000,446.627,1.343,0.393,0.000,1.159,66.402,213.272,41.787,83.574,0.000,818.76,1417.55,0.023,0.044
0.000000000,446.702,1.346,0.393,0.000,1.160,66.481,213.326,41.787,83.574,0.000,818.76,1417.55,0.023,0.044
0.000000000,446.802,1.349,0.393,0.000,1.162,66.588,213.380,41.787,83.574,0.000,818.76,1417.55,0.023,0.044
0.000000000,446.923,1.352,0.393,0.000,1.166,66.796,213.456,41.787,83.574,0.000,818.76,1417.55,0.023,0.044
0.000000000,447.005,1.353,0.393,0.000,1.170,67.031,213.521,41.787,83.574,0.000,818.76,1417.55,0.023,0.044
0.000000000,447.140,1.354,0.393,0.000,1.175,67.323,213.586,41.830,83.660,0.000,819.60,1418.98,0.043,0.044
0.000000000,447.214,1.354,0.393,0.000,1.180,67.620,213.641,41.830,83.660,0.000,819.60,1418.98,0.043,0.044
0.000000000,447.303,1.354,0.393,0.000,1.188,68.047,213.706,41.830,83.660,0.000,819.60,1418.98,0.043,0.044
0.000000000,447.403,1.353,0.393,0.000,1.198,68.646,213.781,41.830,83.660,0.000,819.60,1418.98,0.043,0.044
0.000000000,447.508,1.352,0.393,0.000,1.205,69.033,213.824,41.830,83.660,0.000,819.60,1418.98,0.043,0.044
0.000000000,447.603,1.351,0.393,0.000,1.218,69.772,213.899,41.830,83.660,0.000,819.60,1418.98,0.043,0.044
0.000000000,447.703,1.350,0.393,0.000,1.227,70.327,213.952,41.830,83.660,0.000,819.60,1418.98,0.043,0.044
0.000000000,447.804,1.349,0.393,0.000,1.233,70.663,213.984,41.830,83.660,0.000,819.60,1418.98,0.043,0.044
0.000000000,447.903,1.348,0.393,0.000,1.247,71.436,214.058,41.830,83.660,0.000,819.60,1418.98,0.043,0.044
0.000000000,448.003,1.346,0.393,0.000,1.258,72.060,214.121,41.830,83.660,0.000,819.60,1418.98,0.043,0.044
0.000000000,448.174,1.346,0.393,0.000,1.266,72.546,214.174,41.895,83.791,0.000,820.88,1420.76,0.063,0.046
0.000000000,448.203,1.344,0.393,0.000,1.276,73.094,214.237,41.895,83.791,0.000,820.88,1420.76,0.063,0.046
0.000000000,448.304,1.342,0.393,0.000,1.286,73.711,214.310,41.895,83.791,0.000,820.88,1420.76,0.063,0.046
0.000000000,448.404,1.341,0.393,0.000,1.291,73.976,214.341,41.895,83.791,0.000,820.88,1420.76,0.063,0.046
0.000000000,448.504,1.336,0.393,0.000,1.304,74.716,214.424,41.895,83.791,0.000,820.88,1420.76,0.063,0.046
0.000000000,448.630,1.331,0.393,0.000,1.315,75.328,214.485,41.895,83.791,0.000,820.88,1420.76,0.063,0.046
0.000000000,448.705,1.325,0.393,0.000,1.325,75.894,214.536,41.895,83.791,0.000,820.88,1420.76,0.063,0.046
0.000000000,448.804,1.317,0.393,0.000,1.338,76.652,214.597,41.895,83.791,0.000,820.88,1420.76,0.063,0.046
0.000000000,448.907,1.309,0.393,0.000,1.350,77.364,214.647,41.895,83.791,0.000,820.88,1420.76,0.063,0.046
0.000000000,449.004,1.300,0.393,0.000,1.364,78.149,214.697,41.895,83.791,0.000,820.88,1420.76,0.063,0.046
0.000000000,449.188,1.290,0.393,0.000,1.379,79.001,214.746,42.034,84.068,0.000,823.60,1424.36,0.143,0.056
0.000000000,449.204,1.283,0.393,0.000,1.391,79.720,214.786,42.034,84.068,0.000,823.60,1424.36,0.143,0.056
0.000000000,449.305,1.273,0.393,0.000,1.408,80.650,214.834,42.034,84.068,0.000,823.60,1424.36,0.143,0.056
0.000000000,449.405,1.262,0.394,0.000,1.427,81.785,214.892,42.034,84.068,0.000,823.60,1424.36,0.143,0.056
0.000000000,449.504,1.254,0.394,0.000,1.444,82.729,214.940,42.034,84.068,0.000,823.60,1424.36,0.143,0.056
0.000000000,449.605,1.245,0.394,0.000,1.463,83.836,214.997,42.034,84.068,0.000,823.60,1424.36,0.143,0.056
0.000000000,449.733,1.239,0.394,0.000,1.482,84.891,215.054,42.034,84.068,0.000,823.60,1424.36,0.143,0.056
0.000000000,449.805,1.235,0.394,0.000,1.493,85.555,215.092,42.034,84.068,0.000,823.60,1424.36,0.143,0.056
0.000000000,449.905,1.231,0.394,0.000,1.512,86.625,215.158,42.034,84.068,0.000,823.60,1424.36,0.143,0.056
0.000000000,450.005,1.230,0.394,0.000,1.526,87.439,215.214,42.034,84.068,0.000,823.60,1424.36,0.143,0.056
0.000000000,450.193,1.231,0.394,0.000,1.537,88.047,215.262,42.136,84.272,0.000,825.60,1428.37,0.102,0.061
0.000000000,450.208,1.233,0.394,0.000,1.546,88.604,215.309,42.136,84.272,0.000,825.60,1428.37,0.102,0.061
0.000000000,450.306,1.236,0.394,0.000,1.557,89.226,215.366,42.136,84.272,0.000,825.60,1428.37,0.102,0.061
0.000000000,450.411,1.238,0.394,0.000,1.564,89.626,215.404,42.136,84.272,0.000,825.60,1428.37,0.102,0.061
0.000000000,450.506,1.240,0.394,0.000,1.575,90.229,215.462,42.136,84.272,0.000,825.60,1428.37,0.102,0.061
0.000000000,450.608,1.243,0.394,0.000,1.586,90.850,215.520,42.136,84.272,0.000,825.60,1428.37,0.102,0.061
0.000000000,450.706,1.244,0.394,0.000,1.595,91.392,215.568,42.136,84.272,0.000,825.60,1428.37,0.102,0.061
0.000000000,450.806,1.244,0.394,0.000,1.605,91.961,215.617,42.136,84.272,0.000,825.60,1428.37,0.102,0.061
0.000000000,450.906,1.242,0.394,0.000,1.620,92.797,215.685,42.136,84.272,0.000,825.60,1428.37,0.102,0.061
0.000000000,451.008,1.239,0.394,0.000,1.628,93.293,215.724,42.136,84.272,0.000,825.60,1428.37,0.102,0.061
0.000000000,451.155,1.229,0.394,0.000,1.644,94.185,215.792,42.230,84.460,0.000,827.44,1430.32,0.094,0.064
0.000000000,451.257,1.222,0.394,0.000,1.653,94.705,215.830,42.230,84.460,0.000,827.44,1430.32,0.094,0.064
0.000000000,451.306,1.210,0.394,0.000,1.664,95.361,215.877,42.230,84.460,0.000,827.44,1430.32,0.094,0.064
0.000000000,451.408,1.196,0.394,0.000,1.676,96.018,215.924,42.230,84.460,0.000,827.44,1430.32,0.094,0.064
0.000000000,451.557,1.175,0.394,0.000,1.690,96.807,215.980,42.230,84.460,0.000,827.44,1430.32,0.094,0.064
0.000000000,451.607,1.160,0.394,0.000,1.699,97.336,216.016,42.230,84.460,0.000,827.44,1430.32,0.094,0.064
0.000000000,451.706,1.139,0.394,0.000,1.711,98.009,216.060,42.230,84.460,0.000,827.44,1430.32,0.094,0.064
0.000000000,451.807,1.114,0.394,0.000,1.725,98.852,216.113,42.230,84.460,0.000,827.44,1430.32,0.094,0.064
0.000000000,451.906,1.102,0.394,0.000,1.733,99.294,216.138,42.230,84.460,0.000,827.44,1430.32,0.094,0.064
0.000000000,452.006,1.090,0.394,0.000,1.741,99.751,216.163,42.230,84.460,0.000,827.44,1430.32,0.094,0.064
0.000000000,452.143,1.071,0.394,0.000,1.755,100.552,216.205,42.534,85.069,0.000,833.40,1437.93,0.304,0.088
0.000000000,452.258,1.057,0.394,0.000,1.767,101.232,216.238,42.534,85.069,0.000,833.40,1437.93,0.304,0.088
0.000000000,452.307,1.050,0.394,0.000,1.773,101.584,216.254,42.534,85.069,0.000,833.40,1437.93,0.304,0.088
0.000000000,452.407,1.039,0.394,0.000,1.782,102.127,216.278,42.534,85.069,0.000,833.40,1437.93,0.304,0.088
0.000000000,452.507,1.023,0.394,0.000,1.799,103.071,216.318,42.534,85.069,0.000,833.40,1437.93,0.304,0.088
0.000000000,452.607,1.003,0.394,0.000,1.820,104.267,216.364,42.534,85.069,0.000,833.40,1437.93,0.304,0.088
0.000000000,452.707,0.987,0.394,0.000,1.838,105.320,216.403,42.534,85.069,0.000,833.40,1437.93,0.304,0.088
0.000000000,452.807,0.963,0.394,0.000,1.870,107.121,216.463,42.534,85.069,0.000,833.40,1437.93,0.304,0.088
0.000000000,452.908,0.956,0.394,0.000,1.882,107.838,216.485,42.534,85.069,0.000,833.40,1437.93,0.304,0.088
0.000000000,453.009,0.942,0.394,0.000,1.908,109.342,216.529,42.534,85.069,0.000,833.40,1437.93,0.304,0.088
0.000000000,453.140,0.931,0.394,0.000,1.941,111.218,216.580,42.822,85.644,0.000,839.04,1443.99,0.288,0.108
0.000000000,453.222,0.925,0.394,0.000,1.966,112.635,216.616,42.822,85.644,0.000,839.04,1443.99,0.288,0.108
0.000000000,453.308,0.921,0.394,0.000,1.986,113.807,216.645,42.822,85.644,0.000,839.04,1443.99,0.288,0.108
