timestamp,elapsed_time,velocity_instant,velocity_average,acceleration,yaw_rad,yaw_deg,path_traveled,exploration_pct,2d_pct,3d_pct,explored_area_m2,explored_volume_m3,exploration_rate,avg_exploration_rate
0.000000000,0.081,0.008,0.013,0.000,-1.683,-96.416,2.704,1.117,2.233,0.000,21.88,26.73,0.002,-1.000
0.000000000,0.183,0.007,0.013,0.000,-1.683,-96.418,2.705,1.117,2.233,0.000,21.88,26.73,0.002,-1.000
0.000000000,0.282,0.007,0.013,0.000,-1.683,-96.418,2.706,1.117,2.233,0.000,21.88,26.73,0.002,-1.000
0.000000000,0.380,0.006,0.013,0.000,-1.683,-96.420,2.707,1.117,2.233,0.000,21.88,26.73,0.002,-1.000
0.000000000,0.481,0.005,0.013,0.000,-1.683,-96.421,2.708,1.117,2.233,0.000,21.88,26.73,0.002,-1.000
0.000000000,0.580,0.004,0.013,0.000,-1.683,-96.422,2.708,1.117,2.233,0.000,21.88,26.73,0.002,-1.000
0.000000000,0.680,0.003,0.013,0.000,-1.683,-96.416,2.709,1.117,2.233,0.000,21.88,26.73,0.002,-1.000
0.000000000,0.781,0.003,0.013,0.000,-1.682,-96.385,2.709,1.117,2.233,0.000,21.88,26.73,0.002,-1.000
0.000000000,0.881,0.006,0.013,0.000,-1.681,-96.302,2.711,1.117,2.233,0.000,21.88,26.73,0.002,-1.000
0.000000000,0.980,0.013,0.013,0.000,-1.678,-96.170,2.712,1.117,2.233,0.000,21.88,26.35,0.002,-1.000
0.000000000,1.080,0.023,0.013,0.000,-1.675,-95.964,2.714,1.117,2.233,0.000,21.88,26.35,0.002,-1.000
0.000000000,1.182,0.033,0.013,0.000,-1.671,-95.723,2.717,1.117,2.233,0.000,21.88,26.35,0.002,-1.000
0.000000000,1.280,0.045,0.013,0.000,-1.665,-95.412,2.719,1.117,2.233,0.000,21.88,26.35,0.002,-1.000
0.000000000,1.384,0.062,0.013,0.000,-1.657,-94.933,2.723,1.117,2.233,0.000,21.88,26.35,0.002,-1.000
0.000000000,1.480,0.083,0.013,0.000,-1.646,-94.331,2.728,1.117,2.233,0.000,21.88,26.35,0.002,-1.000
0.000000000,1.581,0.105,0.013,0.000,-1.633,-93.592,2.734,1.117,2.233,0.000,21.88,26.35,0.002,-1.000
0.000000000,1.681,0.130,0.013,0.000,-1.618,-92.711,2.741,1.117,2.233,0.000,21.88,26.35,0.002,-1.000
0.000000000,1.780,0.153,0.013,0.000,-1.603,-91.862,2.747,1.117,2.233,0.000,21.88,26.35,0.002,-1.000
0.000000000,1.881,0.167,0.013,0.000,-1.593,-91.300,2.752,1.117,2.233,0.000,21.88,26.35,0.002,-1.000
0.000000000,1.981,0.201,0.013,0.000,-1.568,-89.825,2.763,1.141,2.282,0.000,22.36,28.20,0.025,0.025
0.000000000,2.081,0.226,0.013,0.000,-1.547,-88.623,2.773,1.141,2.282,0.000,22.36,28.20,0.025,0.025
0.000000000,2.181,0.258,0.013,0.000,-1.519,-87.004,2.786,1.141,2.282,0.000,22.36,28.20,0.025,0.025
0.000000000,2.282,0.286,0.013,0.000,-1.492,-85.496,2.798,1.141,2.282,0.000,22.36,28.20,0.025,0.025
0.000000000,2.381,0.320,0.013,0.000,-1.457,-83.490,2.815,1.141,2.282,0.000,22.36,28.20,0.025,0.025
0.000000000,2.482,0.349,0.013,0.000,-1.425,-81.634,2.830,1.141,2.282,0.000,22.36,28.20,0.025,0.025
0.000000000,2.580,0.385,0.013,0.000,-1.382,-79.179,2.850,1.141,2.282,0.000,22.36,28.20,0.025,0.025
0.000000000,2.682,0.422,0.013,0.000,-1.335,-76.466,2.872,1.141,2.282,0.000,22.36,28.20,0.025,0.025
0.000000000,2.781,0.447,0.013,0.000,-1.300,-74.495,2.888,1.141,2.282,0.000,22.36,28.20,0.025,0.025
0.000000000,2.881,0.491,0.013,0.000,-1.235,-70.778,2.918,1.141,2.282,0.000,22.36,28.20,0.025,0.025
0.000000000,2.980,0.529,0.014,0.000,-1.175,-67.316,2.945,1.270,2.540,0.000,24.88,41.99,0.129,0.035
0.000000000,3.081,0.569,0.014,0.000,-1.109,-63.525,2.975,1.270,2.540,0.000,24.88,41.99,0.129,0.035
0.000000000,3.181,0.602,0.014,0.000,-1.051,-60.192,3.001,1.270,2.540,0.000,24.88,41.99,0.129,0.035
0.000000000,3.280,0.636,0.014,0.000,-0.989,-56.691,3.029,1.270,2.540,0.000,24.88,41.99,0.129,0.035
0.000000000,3.380,0.683,0.014,0.000,-0.899,-51.528,3.070,1.270,2.540,0.000,24.88,41.99,0.129,0.035
0.000000000,3.481,0.716,0.014,0.000,-0.833,-47.723,3.101,1.270,2.540,0.000,24.88,41.99,0.129,0.035
0.000000000,3.581,0.749,0.014,0.000,-0.765,-43.835,3.134,1.270,2.540,0.000,24.88,41.99,0.129,0.035
0.000000000,3.680,0.786,0.015,0.000,-0.683,-39.114,3.175,1.270,2.540,0.000,24.88,41.99,0.129,0.035
0.000000000,3.780,0.816,0.015,0.000,-0.614,-35.176,3.210,1.270,2.540,0.000,24.88,41.99,0.129,0.035
0.000000000,3.880,0.851,0.015,0.000,-0.531,-30.439,3.254,1.270,2.540,0.000,24.88,41.99,0.129,0.035
0.000000000,3.980,0.883,0.015,0.000,-0.450,-25.765,3.299,1.490,2.981,0.000,29.20,53.35,0.220,0.053
0.000000000,4.080,0.909,0.015,0.000,-0.383,-21.929,3.337,1.490,2.981,0.000,29.20,53.35,0.220,0.053
0.000000000,4.181,0.937,0.016,0.000,-0.304,-17.433,3.385,1.490,2.981,0.000,29.20,53.35,0.220,0.053
0.000000000,4.280,0.951,0.016,0.000,-0.266,-15.228,3.409,1.490,2.981,0.000,29.20,53.35,0.220,0.053
0.000000000,4.380,0.981,0.016,0.000,-0.179,-10.241,3.467,1.490,2.981,0.000,29.20,53.35,0.220,0.053
0.000000000,4.480,1.001,0.016,0.000,-0.119,-6.808,3.509,1.490,2.981,0.000,29.20,53.35,0.220,0.053
0.000000000,4.581,1.026,0.016,0.000,-0.038,-2.181,3.568,1.490,2.981,0.000,29.20,53.35,0.220,0.053
0.000000000,4.680,1.044,0.017,0.000,0.028,1.624,3.620,1.490,2.981,0.000,29.20,53.35,0.220,0.053
0.000000000,4.781,1.059,0.017,0.000,0.092,5.284,3.673,1.490,2.981,0.000,29.20,53.35,0.220,0.053
0.000000000,4.881,1.070,0.017,0.000,0.154,8.824,3.725,1.490,2.981,0.000,29.20,53.35,0.220,0.053
0.000000000,4.981,1.078,0.017,0.000,0.233,13.359,3.795,1.515,3.030,0.000,29.68,54.15,0.024,0.051
0.000000000,5.081,1.079,0.018,0.000,0.290,16.629,3.848,1.515,3.030,0.000,29.68,54.15,0.024,0.051
0.000000000,5.181,1.076,0.018,0.000,0.346,19.801,3.900,1.515,3.030,0.000,29.68,54.15,0.024,0.051
0.000000000,5.280,1.066,0.018,0.000,0.409,23.411,3.959,1.515,3.030,0.000,29.68,54.15,0.024,0.051
0.000000000,5.381,1.053,0.018,0.000,0.461,26.440,4.009,1.515,3.030,0.000,29.68,54.15,0.024,0.051
0.000000000,5.480,1.040,0.018,0.000,0.505,28.907,4.050,1.515,3.030,0.000,29.68,54.15,0.024,0.051
0.000000000,5.581,1.017,0.019,0.000,0.564,32.292,4.106,1.515,3.030,0.000,29.68,54.15,0.024,0.051
0.000000000,5.680,0.990,0.019,0.000,0.621,35.592,4.160,1.515,3.030,0.000,29.68,54.15,0.024,0.051
0.000000000,5.781,0.964,0.019,0.000,0.669,38.356,4.204,1.515,3.030,0.000,29.68,54.15,0.024,0.051
0.000000000,5.880,0.936,0.019,0.000,0.716,41.043,4.246,1.515,3.030,0.000,29.68,54.15,0.024,0.051
0.000000000,5.980,0.901,0.020,0.000,0.769,44.077,4.292,1.529,3.058,0.000,29.96,54.69,0.014,0.047
0.000000000,6.081,0.870,0.020,0.000,0.813,46.582,4.330,1.529,3.058,0.000,29.96,54.69,0.014,0.047
0.000000000,6.181,0.838,0.020,0.000,0.855,48.982,4.367,1.529,3.058,0.000,29.96,54.69,0.014,0.047
0.000000000,6.281,0.806,0.020,0.000,0.895,51.283,4.401,1.529,3.058,0.000,29.96,54.69,0.014,0.047
0.000000000,6.381,0.769,0.020,0.000,0.940,53.840,4.439,1.529,3.058,0.000,29.96,54.69,0.014,0.047
0.000000000,6.481,0.738,0.020,0.000,0.976,55.911,4.470,1.529,3.058,0.000,29.96,54.69,0.014,0.047
0.000000000,6.581,0.707,0.020,0.000,1.010,57.863,4.500,1.529,3.058,0.000,29.96,54.69,0.014,0.047
0.000000000,6.680,0.683,0.020,0.000,1.037,59.407,4.524,1.529,3.058,0.000,29.96,54.69,0.014,0.047
0.000000000,6.780,0.654,0.021,0.000,1.067,61.152,4.552,1.529,3.058,0.000,29.96,54.69,0.014,0.047
0.000000000,6.880,0.630,0.021,0.000,1.091,62.521,4.574,1.529,3.058,0.000,29.96,54.69,0.014,0.047
0.000000000,6.981,0.596,0.021,0.000,1.123,64.324,4.604,1.711,3.422,0.000,33.52,61.36,0.182,0.060
0.000000000,7.081,0.571,0.021,0.000,1.144,65.532,4.624,1.711,3.422,0.000,33.52,61.36,0.182,0.060
0.000000000,7.181,0.546,0.021,0.000,1.164,66.683,4.643,1.711,3.422,0.000,33.52,61.36,0.182,0.060
0.000000000,7.280,0.515,0.021,0.000,1.187,68.014,4.666,1.711,3.422,0.000,33.52,61.36,0.182,0.060
0.000000000,7.380,0.488,0.021,0.000,1.206,69.088,4.683,1.711,3.422,0.000,33.52,61.36,0.182,0.060
0.000000000,7.481,0.448,0.021,0.000,1.232,70.591,4.705,1.711,3.422,0.000,33.52,61.36,0.182,0.060
0.000000000,7.581,0.418,0.021,0.000,1.251,71.683,4.720,1.711,3.422,0.000,33.52,61.36,0.182,0.060
0.000000000,7.680,0.373,0.021,0.000,1.278,73.244,4.739,1.711,3.422,0.000,33.52,61.36,0.182,0.060
0.000000000,7.781,0.347,0.021,0.000,1.294,74.160,4.749,1.711,3.422,0.000,33.52,61.36,0.182,0.060
0.000000000,7.880,0.299,0.021,0.000,1.323,75.810,4.764,1.711,3.422,0.000,33.52,61.36,0.182,0.060
0.000000000,7.981,0.264,0.021,0.000,1.344,77.012,4.773,1.821,3.642,0.000,35.68,64.74,0.110,0.065
0.000000000,8.081,0.221,0.022,0.000,1.370,78.478,4.782,1.821,3.642,0.000,35.68,64.74,0.110,0.065
0.000000000,8.181,0.179,0.022,0.000,1.395,79.956,4.790,1.821,3.642,0.000,35.68,64.74,0.110,0.065
0.000000000,8.281,0.147,0.022,0.000,1.417,81.178,4.795,1.821,3.642,0.000,35.68,64.74,0.110,0.065
0.000000000,8.380,0.114,0.022,0.000,1.442,82.637,4.799,1.821,3.642,0.000,35.68,64.74,0.110,0.065
0.000000000,8.481,0.094,0.022,0.000,1.463,83.837,4.803,1.821,3.642,0.000,35.68,64.74,0.110,0.065
0.000000000,8.581,0.079,0.022,0.000,1.492,85.488,4.808,1.821,3.642,0.000,35.68,64.74,0.110,0.065
0.000000000,8.680,0.079,0.022,0.000,1.512,86.643,4.812,1.821,3.642,0.000,35.68,64.74,0.110,0.065
0.000000000,8.781,0.086,0.022,0.000,1.536,87.993,4.817,1.821,3.642,0.000,35.68,64.74,0.110,0.065
0.000000000,8.881,0.095,0.022,0.000,1.558,89.293,4.823,1.821,3.642,0.000,35.68,64.74,0.110,0.065
0.000000000,8.980,0.102,0.022,0.000,1.577,90.339,4.828,1.980,3.960,0.000,38.80,70.23,0.159,0.075
0.000000000,9.081,0.109,0.022,0.000,1.601,91.735,4.835,1.980,3.960,0.000,38.80,70.23,0.159,0.075
0.000000000,9.181,0.113,0.022,0.000,1.618,92.687,4.840,1.980,3.960,0.000,38.80,70.23,0.159,0.075
0.000000000,9.281,0.118,0.022,0.000,1.640,93.983,4.847,1.980,3.960,0.000,38.80,70.23,0.159,0.075
0.000000000,9.382,0.121,0.022,0.000,1.656,94.897,4.851,1.980,3.960,0.000,38.80,70.23,0.159,0.075
0.000000000,9.481,0.125,0.022,0.000,1.676,96.000,4.857,1.980,3.960,0.000,38.80,70.23,0.159,0.075
0.000000000,9.581,0.130,0.022,0.000,1.699,97.324,4.864,1.980,3.960,0.000,38.80,70.23,0.159,0.075
0.000000000,9.681,0.135,0.022,0.000,1.719,98.504,4.870,1.980,3.960,0.000,38.80,70.23,0.159,0.075
0.000000000,9.780,0.139,0.022,0.000,1.740,99.713,4.877,1.980,3.960,0.000,38.80,70.23,0.159,0.075
0.000000000,9.881,0.144,0.022,0.000,1.758,100.737,4.882,1.980,3.960,0.000,38.80,70.23,0.159,0.075
0.000000000,9.980,0.150,0.022,0.000,1.776,101.765,4.888,2.160,4.320,0.000,42.32,76.52,0.180,0.085
0.000000000,10.080,0.158,0.022,0.000,1.797,102.984,4.895,2.160,4.320,0.000,42.32,76.52,0.180,0.085
0.000000000,10.181,0.166,0.022,0.000,1.815,103.981,4.902,2.160,4.320,0.000,42.32,76.52,0.180,0.085
0.000000000,10.282,0.178,0.022,0.000,1.839,105.347,4.911,2.160,4.320,0.000,42.32,76.52,0.180,0.085
0.000000000,10.381,0.186,0.022,0.000,1.852,106.118,4.917,2.160,4.320,0.000,42.32,76.52,0.180,0.085
0.000000000,10.480,0.200,0.022,0.000,1.879,107.647,4.929,2.160,4.320,0.000,42.32,76.52,0.180,0.085
0.000000000,10.581,0.206,0.022,0.000,1.892,108.410,4.935,2.160,4.320,0.000,42.32,76.52,0.180,0.085
0.000000000,10.682,0.215,0.022,0.000,1.912,109.552,4.944,2.160,4.320,0.000,42.32,76.52,0.180,0.085
0.000000000,10.781,0.221,0.022,0.000,1.929,110.503,4.952,2.160,4.320,0.000,42.32,76.52,0.180,0.085
0.000000000,10.880,0.228,0.022,0.000,1.948,111.632,4.962,2.160,4.320,0.000,42.32,76.52,0.180,0.085
0.000000000,10.981,0.237,0.022,0.000,1.971,112.928,4.973,2.329,4.659,0.000,45.64,82.06,0.169,0.094
0.000000000,11.081,0.245,0.022,0.000,1.987,113.830,4.981,2.329,4.659,0.000,45.64,82.06,0.169,0.094
0.000000000,11.181,0.252,0.022,0.000,2.002,114.707,4.989,2.329,4.659,0.000,45.64,82.06,0.169,0.094
0.000000000,11.281,0.262,0.022,0.000,2.020,115.721,4.998,2.329,4.659,0.000,45.64,82.06,0.169,0.094
0.000000000,11.382,0.271,0.022,0.000,2.036,116.679,5.008,2.329,4.659,0.000,45.64,82.06,0.169,0.094
0.000000000,11.481,0.280,0.022,0.000,2.052,117.563,5.019,2.329,4.659,0.000,45.64,82.06,0.169,0.094
0.000000000,11.581,0.288,0.022,0.000,2.064,118.233,5.027,2.329,4.659,0.000,45.64,82.06,0.169,0.094
0.000000000,11.681,0.299,0.022,0.000,2.078,119.065,5.040,2.329,4.659,0.000,45.64,82.06,0.169,0.094
0.000000000,11.783,0.309,0.022,0.000,2.089,119.683,5.052,2.329,4.659,0.000,45.64,82.06,0.169,0.094
0.000000000,11.880,0.318,0.022,0.000,2.097,120.142,5.061,2.329,4.659,0.000,45.64,82.06,0.169,0.094
0.000000000,11.980,0.330,0.022,0.000,2.105,120.633,5.074,2.331,4.663,0.000,45.68,78.98,0.002,0.085
0.000000000,12.082,0.341,0.022,0.000,2.112,121.002,5.085,2.331,4.663,0.000,45.68,78.98,0.002,0.085
0.000000000,12.180,0.357,0.023,0.000,2.119,121.400,5.099,2.331,4.663,0.000,45.68,78.98,0.002,0.085
0.000000000,12.280,0.379,0.023,0.000,2.126,121.814,5.116,2.331,4.663,0.000,45.68,78.98,0.002,0.085
0.000000000,12.381,0.397,0.023,0.000,2.131,122.081,5.129,2.331,4.663,0.000,45.68,78.98,0.002,0.085
0.000000000,12.480,0.416,0.023,0.000,2.135,122.328,5.144,2.331,4.663,0.000,45.68,78.98,0.002,0.085
0.000000000,12.581,0.443,0.023,0.000,2.140,122.602,5.162,2.331,4.663,0.000,45.68,78.98,0.002,0.085
0.000000000,12.680,0.467,0.023,0.000,2.144,122.819,5.179,2.331,4.663,0.000,45.68,78.98,0.002,0.085
0.000000000,12.780,0.493,0.023,0.000,2.147,123.026,5.197,2.331,4.663,0.000,45.68,78.98,0.002,0.085
0.000000000,12.881,0.521,0.023,0.000,2.151,123.235,5.217,2.331,4.663,0.000,45.68,78.98,0.002,0.085
0.000000000,12.981,0.551,0.023,0.000,2.155,123.455,5.237,2.331,4.663,0.000,45.68,76.38,0.000,0.076
0.000000000,13.081,0.589,0.023,0.000,2.160,123.751,5.264,2.331,4.663,0.000,45.68,76.38,0.000,0.076
0.000000000,13.184,0.615,0.023,0.000,2.164,123.978,5.283,2.331,4.663,0.000,45.68,76.38,0.000,0.076
0.000000000,13.280,0.649,0.023,0.000,2.170,124.304,5.309,2.331,4.663,0.000,45.68,76.38,0.000,0.076
0.000000000,13.381,0.691,0.023,0.000,2.178,124.775,5.341,2.331,4.663,0.000,45.68,76.38,0.000,0.076
0.000000000,13.480,0.734,0.024,0.000,2.188,125.348,5.376,2.331,4.663,0.000,45.68,76.38,0.000,0.076
0.000000000,13.581,0.771,0.024,0.000,2.198,125.911,5.407,2.331,4.663,0.000,45.68,76.38,0.000,0.076
0.000000000,13.681,0.807,0.024,0.000,2.209,126.556,5.439,2.331,4.663,0.000,45.68,76.38,0.000,0.076
0.000000000,13.781,0.850,0.024,0.000,2.224,127.426,5.481,2.331,4.663,0.000,45.68,76.38,0.000,0.076
0.000000000,13.880,0.885,0.024,0.000,2.238,128.230,5.517,2.331,4.663,0.000,45.68,76.38,0.000,0.076
0.000000000,13.981,0.912,0.024,0.000,2.250,128.915,5.547,2.331,4.663,0.000,45.68,77.93,0.000,0.068
0.000000000,14.085,0.945,0.024,0.000,2.266,129.816,5.585,2.331,4.663,0.000,45.68,77.93,0.000,0.068
0.000000000,14.181,0.976,0.025,0.000,2.282,130.751,5.625,2.331,4.663,0.000,45.68,77.93,0.000,0.068
0.000000000,14.281,1.017,0.025,0.000,2.306,132.105,5.683,2.331,4.663,0.000,45.68,77.93,0.000,0.068
0.000000000,14.380,1.039,0.025,0.000,2.319,132.892,5.718,2.331,4.663,0.000,45.68,77.93,0.000,0.068
0.000000000,14.481,1.073,0.025,0.000,2.343,134.272,5.778,2.331,4.663,0.000,45.68,77.93,0.000,0.068
0.000000000,14.580,1.099,0.026,0.000,2.364,135.447,5.831,2.331,4.663,0.000,45.68,77.93,0.000,0.068
0.000000000,14.681,1.120,0.026,0.000,2.384,136.610,5.885,2.331,4.663,0.000,45.68,77.93,0.000,0.068
0.000000000,14.781,1.142,0.026,0.000,2.411,138.118,5.958,2.331,4.663,0.000,45.68,77.93,0.000,0.068
0.000000000,14.882,1.152,0.026,0.000,2.426,139.022,6.004,2.331,4.663,0.000,45.68,77.93,0.000,0.068
0.000000000,14.981,1.160,0.026,0.000,2.444,140.059,6.059,2.327,4.655,0.000,45.60,78.04,-0.004,0.061
0.000000000,15.081,1.163,0.027,0.000,2.459,140.877,6.105,2.327,4.655,0.000,45.60,78.04,-0.004,0.061
0.000000000,15.181,1.164,0.027,0.000,2.475,141.804,6.159,2.327,4.655,0.000,45.60,78.04,-0.004,0.061
0.000000000,15.281,1.159,0.027,0.000,2.492,142.810,6.221,2.327,4.655,0.000,45.60,78.04,-0.004,0.061
0.000000000,15.380,1.151,0.027,0.000,2.506,143.609,6.275,2.327,4.655,0.000,45.60,78.04,-0.004,0.061
0.000000000,15.480,1.142,0.028,0.000,2.517,144.231,6.318,2.327,4.655,0.000,45.60,78.04,-0.004,0.061
0.000000000,15.581,1.128,0.028,0.000,2.529,144.929,6.370,2.327,4.655,0.000,45.60,78.04,-0.004,0.061
0.000000000,15.680,1.114,0.028,0.000,2.539,145.466,6.412,2.327,4.655,0.000,45.60,78.04,-0.004,0.061
0.000000000,15.780,1.096,0.028,0.000,2.549,146.053,6.462,2.327,4.655,0.000,45.60,78.04,-0.004,0.061
0.000000000,15.882,1.081,0.028,0.000,2.557,146.484,6.502,2.327,4.655,0.000,45.60,78.04,-0.004,0.061
0.000000000,15.980,1.065,0.028,0.000,2.563,146.856,6.542,2.585,5.169,0.000,50.64,86.36,0.257,0.081
0.000000000,16.080,1.045,0.029,0.000,2.571,147.281,6.596,2.585,5.169,0.000,50.64,86.36,0.257,0.081
0.000000000,16.180,1.029,0.029,0.000,2.576,147.570,6.641,2.585,5.169,0.000,50.64,86.36,0.257,0.081
0.000000000,16.281,1.014,0.029,0.000,2.580,147.813,6.686,2.585,5.169,0.000,50.64,86.36,0.257,0.081
0.000000000,16.384,1.002,0.029,0.000,2.583,148.002,6.722,2.585,5.169,0.000,50.64,86.36,0.257,0.081
0.000000000,16.480,0.991,0.029,0.000,2.586,148.194,6.758,2.585,5.169,0.000,50.64,86.36,0.257,0.081
0.000000000,16.581,0.980,0.029,0.000,2.590,148.412,6.794,2.585,5.169,0.000,50.64,86.36,0.257,0.081
0.000000000,16.682,0.969,0.030,0.000,2.595,148.667,6.830,2.585,5.169,0.000,50.64,86.36,0.257,0.081
0.000000000,16.781,0.955,0.030,0.000,2.601,149.046,6.872,2.585,5.169,0.000,50.64,86.36,0.257,0.081
0.000000000,16.881,0.942,0.030,0.000,2.611,149.620,6.920,2.585,5.169,0.000,50.64,86.36,0.257,0.081
0.000000000,16.981,0.933,0.030,0.000,2.620,150.129,6.955,2.834,5.667,0.000,55.52,91.40,0.249,0.098
0.000000000,17.081,0.927,0.030,0.000,2.631,150.729,6.989,2.834,5.667,0.000,55.52,91.40,0.249,0.098
0.000000000,17.180,0.921,0.030,0.000,2.646,151.579,7.030,2.834,5.667,0.000,55.52,91.40,0.249,0.098
0.000000000,17.281,0.918,0.031,0.000,2.663,152.577,7.071,2.834,5.667,0.000,55.52,91.40,0.249,0.098
0.000000000,17.381,0.919,0.031,0.000,2.687,153.939,7.119,2.834,5.667,0.000,55.52,91.40,0.249,0.098
0.000000000,17.480,0.920,0.031,0.000,2.702,154.813,7.147,2.834,5.667,0.000,55.52,91.40,0.249,0.098
0.000000000,17.581,0.924,0.031,0.000,2.723,155.997,7.182,2.834,5.667,0.000,55.52,91.40,0.249,0.098
0.000000000,17.681,0.928,0.031,0.000,2.750,157.536,7.225,2.834,5.667,0.000,55.52,91.40,0.249,0.098
0.000000000,17.782,0.933,0.031,0.000,2.778,159.176,7.268,2.834,5.667,0.000,55.52,91.40,0.249,0.098
0.000000000,17.881,0.936,0.031,0.000,2.793,160.023,7.290,2.834,5.667,0.000,55.52,91.40,0.249,0.098
0.000000000,17.981,0.940,0.032,0.000,2.818,161.458,7.326,3.030,6.059,0.000,59.36,99.22,0.196,0.107
0.000000000,18.081,0.944,0.032,0.000,2.848,163.194,7.371,3.030,6.059,0.000,59.36,99.22,0.196,0.107
0.000000000,18.181,0.948,0.032,0.000,2.873,164.627,7.408,3.030,6.059,0.000,59.36,99.22,0.196,0.107
0.000000000,18.281,0.952,0.032,0.000,2.903,166.301,7.454,3.030,6.059,0.000,59.36,99.22,0.196,0.107
0.000000000,18.382,0.954,0.032,0.000,2.921,167.376,7.484,3.030,6.059,0.000,59.36,99.22,0.196,0.107
0.000000000,18.480,0.957,0.032,0.000,2.944,168.661,7.523,3.030,6.059,0.000,59.36,99.22,0.196,0.107
0.000000000,18.580,0.960,0.032,0.000,2.961,169.635,7.554,3.030,6.059,0.000,59.36,99.22,0.196,0.107
0.000000000,18.681,0.964,0.033,0.000,2.981,170.776,7.593,3.030,6.059,0.000,59.36,99.22,0.196,0.107
0.000000000,18.782,0.969,0.033,0.000,3.002,172.022,7.640,3.030,6.059,0.000,59.36,99.22,0.196,0.107
0.000000000,18.880,0.975,0.033,0.000,3.019,172.949,7.680,3.030,6.059,0.000,59.36,99.22,0.196,0.107
0.000000000,18.981,0.980,0.033,0.000,3.030,173.610,7.712,3.132,6.263,0.000,61.36,103.90,0.102,0.107
0.000000000,19.081,0.989,0.033,0.000,3.045,174.467,7.760,3.132,6.263,0.000,61.36,103.90,0.102,0.107
0.000000000,19.181,0.998,0.033,0.000,3.055,175.051,7.801,3.132,6.263,0.000,61.36,103.90,0.102,0.107
0.000000000,19.281,1.011,0.034,0.000,3.065,175.601,7.850,3.132,6.263,0.000,61.36,103.90,0.102,0.107
0.000000000,19.381,1.023,0.034,0.000,3.071,175.941,7.892,3.132,6.263,0.000,61.36,103.90,0.102,0.107
0.000000000,19.481,1.038,0.034,0.000,3.075,176.180,7.934,3.132,6.263,0.000,61.36,103.90,0.102,0.107
0.000000000,19.585,1.054,0.034,0.000,3.078,176.328,7.978,3.132,6.263,0.000,61.36,103.90,0.102,0.107
0.000000000,19.681,1.084,0.034,0.000,3.079,176.397,8.049,3.132,6.263,0.000,61.36,103.90,0.102,0.107
0.000000000,19.781,1.104,0.035,0.000,3.078,176.358,8.094,3.132,6.263,0.000,61.36,103.90,0.102,0.107
0.000000000,19.881,1.129,0.035,0.000,3.076,176.247,8.150,3.132,6.263,0.000,61.36,103.90,0.102,0.107
0.000000000,19.981,1.151,0.035,0.000,3.074,176.109,8.198,3.152,6.304,0.000,61.76,114.95,0.020,0.098
0.000000000,20.080,1.172,0.035,0.000,3.071,175.932,8.246,3.152,6.304,0.000,61.76,114.95,0.020,0.098
0.000000000,20.184,1.193,0.035,0.000,3.067,175.742,8.296,3.152,6.304,0.000,61.76,114.95,0.020,0.098
0.000000000,20.281,1.219,0.036,0.000,3.063,175.470,8.367,3.152,6.304,0.000,61.76,114.95,0.020,0.098
0.000000000,20.385,1.233,0.036,0.000,3.060,175.327,8.407,3.152,6.304,0.000,61.76,114.95,0.020,0.098
0.000000000,20.481,1.247,0.036,0.000,3.057,175.179,8.459,3.152,6.304,0.000,61.76,114.95,0.020,0.098
0.000000000,20.581,1.262,0.036,0.000,3.055,175.050,8.531,3.152,6.304,0.000,61.76,114.95,0.020,0.098
0.000000000,20.681,1.268,0.037,0.000,3.055,175.030,8.573,3.152,6.304,0.000,61.76,114.95,0.020,0.098
0.000000000,20.780,1.275,0.037,0.000,3.056,175.112,8.645,3.152,6.304,0.000,61.76,114.95,0.020,0.098
0.000000000,20.881,1.276,0.037,0.000,3.060,175.315,8.707,3.152,6.304,0.000,61.76,114.95,0.020,0.098
0.000000000,20.981,1.273,0.037,0.000,3.066,175.661,8.769,3.219,6.439,0.000,63.08,113.32,0.067,0.095
0.000000000,21.081,1.268,0.038,0.000,3.073,176.067,8.820,3.219,6.439,0.000,63.08,113.32,0.067,0.095
0.000000000,21.181,1.261,0.038,0.000,3.082,176.583,8.870,3.219,6.439,0.000,63.08,113.32,0.067,0.095
0.000000000,21.281,1.252,0.038,0.000,3.093,177.214,8.919,3.219,6.439,0.000,63.08,113.32,0.067,0.095
0.000000000,21.381,1.241,0.038,0.000,3.106,177.965,8.968,3.219,6.439,0.000,63.08,113.32,0.067,0.095
0.000000000,21.480,1.231,0.038,0.000,3.118,178.654,9.006,3.219,6.439,0.000,63.08,113.32,0.067,0.095
0.000000000,21.581,1.217,0.038,0.000,3.135,179.628,9.053,3.219,6.439,0.000,63.08,113.32,0.067,0.095
0.000000000,21.680,1.202,0.039,0.000,-3.129,-179.267,9.099,3.219,6.439,0.000,63.08,113.32,0.067,0.095
0.000000000,21.781,1.189,0.039,0.000,-3.112,-178.287,9.135,3.219,6.439,0.000,63.08,113.32,0.067,0.095
0.000000000,21.881,1.171,0.039,0.000,-3.088,-176.940,9.179,3.219,6.439,0.000,63.08,113.32,0.067,0.095
0.000000000,21.981,1.148,0.039,0.000,-3.057,-175.137,9.231,3.348,6.696,0.000,65.60,116.37,0.129,0.099
0.000000000,22.080,1.127,0.039,0.000,-3.028,-173.479,9.273,3.348,6.696,0.000,65.60,116.37,0.129,0.099
0.000000000,22.181,1.110,0.039,0.000,-3.003,-172.054,9.306,3.348,6.696,0.000,65.60,116.37,0.129,0.099
0.000000000,22.281,1.085,0.040,0.000,-2.963,-169.771,9.355,3.348,6.696,0.000,65.60,116.37,0.129,0.099
0.000000000,22.381,1.065,0.040,0.000,-2.928,-167.757,9.394,3.348,6.696,0.000,65.60,116.37,0.129,0.099
0.000000000,22.486,1.046,0.040,0.000,-2.891,-165.668,9.432,3.348,6.696,0.000,65.60,116.37,0.129,0.099
0.000000000,22.580,1.029,0.040,0.000,-2.854,-163.537,9.469,3.348,6.696,0.000,65.60,116.37,0.129,0.099
0.000000000,22.681,1.015,0.040,0.000,-2.817,-161.385,9.506,3.348,6.696,0.000,65.60,116.37,0.129,0.099
0.000000000,22.781,1.000,0.040,0.000,-2.772,-158.814,9.549,3.348,6.696,0.000,65.60,116.37,0.129,0.099
0.000000000,22.881,0.991,0.040,0.000,-2.735,-156.704,9.585,3.348,6.696,0.000,65.60,116.37,0.129,0.099
0.000000000,22.980,0.985,0.041,0.000,-2.706,-155.052,9.613,3.430,6.859,0.000,67.20,120.14,0.082,0.097
0.000000000,23.081,0.979,0.041,0.000,-2.671,-153.043,9.649,3.430,6.859,0.000,67.20,120.14,0.082,0.097
0.000000000,23.183,0.975,0.041,0.000,-2.637,-151.111,9.684,3.430,6.859,0.000,67.20,120.14,0.082,0.097
0.000000000,23.281,0.973,0.041,0.000,-2.599,-148.911,9.726,3.430,6.859,0.000,67.20,120.14,0.082,0.097
0.000000000,23.381,0.972,0.041,0.000,-2.587,-148.209,9.740,3.430,6.859,0.000,67.20,120.14,0.082,0.097
0.000000000,23.481,0.973,0.041,0.000,-2.557,-146.532,9.775,3.430,6.859,0.000,67.20,120.14,0.082,0.097
0.000000000,23.582,0.975,0.041,0.000,-2.530,-144.968,9.811,3.430,6.859,0.000,67.20,120.14,0.082,0.097
0.000000000,23.680,0.978,0.041,0.000,-2.505,-143.528,9.846,3.430,6.859,0.000,67.20,120.14,0.082,0.097
0.000000000,23.781,0.982,0.042,0.000,-2.482,-142.216,9.882,3.430,6.859,0.000,67.20,120.14,0.082,0.097
0.000000000,23.881,0.985,0.042,0.000,-2.462,-141.038,9.918,3.430,6.859,0.000,67.20,120.14,0.082,0.097
0.000000000,23.982,0.987,0.042,0.000,-2.443,-139.996,9.954,3.462,6.925,0.000,67.84,121.99,0.033,0.090
0.000000000,24.082,0.988,0.042,0.000,-2.431,-139.263,9.982,3.462,6.925,0.000,67.84,121.99,0.033,0.090
0.000000000,24.180,0.988,0.042,0.000,-2.419,-138.621,10.011,3.462,6.925,0.000,67.84,121.99,0.033,0.090
0.000000000,24.282,0.987,0.042,0.000,-2.408,-137.947,10.048,3.462,6.925,0.000,67.84,121.99,0.033,0.090
0.000000000,24.381,0.983,0.042,0.000,-2.398,-137.416,10.084,3.462,6.925,0.000,67.84,121.99,0.033,0.090
0.000000000,24.480,0.979,0.042,0.000,-2.393,-137.097,10.113,3.462,6.925,0.000,67.84,121.99,0.033,0.090
0.000000000,24.580,0.973,0.043,0.000,-2.389,-136.870,10.142,3.462,6.925,0.000,67.84,121.99,0.033,0.090
0.000000000,24.681,0.960,0.043,0.000,-2.386,-136.703,10.192,3.462,6.925,0.000,67.84,121.99,0.033,0.090
0.000000000,24.780,0.947,0.043,0.000,-2.387,-136.761,10.228,3.462,6.925,0.000,67.84,121.99,0.033,0.090
0.000000000,24.881,0.936,0.043,0.000,-2.390,-136.913,10.256,3.462,6.925,0.000,67.84,121.99,0.033,0.090
0.000000000,24.981,0.923,0.043,0.000,-2.394,-137.158,10.283,3.462,6.925,0.000,67.84,122.40,0.000,0.081
0.000000000,25.081,0.909,0.043,0.000,-2.400,-137.496,10.310,3.462,6.925,0.000,67.84,122.40,0.000,0.081
0.000000000,25.185,0.893,0.043,0.000,-2.407,-137.929,10.337,3.462,6.925,0.000,67.84,122.40,0.000,0.081
0.000000000,25.281,0.881,0.043,0.000,-2.414,-138.313,10.356,3.462,6.925,0.000,67.84,122.40,0.000,0.081
0.000000000,25.382,0.868,0.043,0.000,-2.422,-138.750,10.376,3.462,6.925,0.000,67.84,122.40,0.000,0.081
0.000000000,25.481,0.854,0.043,0.000,-2.430,-139.237,10.395,3.462,6.925,0.000,67.84,122.40,0.000,0.081
0.000000000,25.581,0.844,0.043,0.000,-2.436,-139.589,10.407,3.462,6.925,0.000,67.84,122.40,0.000,0.081
0.000000000,25.681,0.825,0.044,0.000,-2.450,-140.353,10.432,3.462,6.925,0.000,67.84,122.40,0.000,0.081
0.000000000,25.781,0.809,0.044,0.000,-2.460,-140.973,10.450,3.462,6.925,0.000,67.84,122.40,0.000,0.081
0.000000000,25.881,0.793,0.044,0.000,-2.472,-141.633,10.467,3.462,6.925,0.000,67.84,122.40,0.000,0.081
0.000000000,25.980,0.771,0.044,0.000,-2.488,-142.565,10.490,3.462,6.925,0.000,67.84,122.41,0.000,0.073
0.000000000,26.081,0.747,0.044,0.000,-2.505,-143.545,10.512,3.462,6.925,0.000,67.84,122.41,0.000,0.073
0.000000000,26.180,0.729,0.044,0.000,-2.519,-144.310,10.529,3.462,6.925,0.000,67.84,122.41,0.000,0.073
0.000000000,26.281,0.711,0.044,0.000,-2.532,-145.093,10.544,3.462,6.925,0.000,67.84,122.41,0.000,0.073
0.000000000,26.381,0.692,0.044,0.000,-2.546,-145.895,10.560,3.462,6.925,0.000,67.84,122.41,0.000,0.073
0.000000000,26.482,0.680,0.044,0.000,-2.556,-146.437,10.570,3.462,6.925,0.000,67.84,122.41,0.000,0.073
0.000000000,26.581,0.655,0.044,0.000,-2.575,-147.533,10.590,3.462,6.925,0.000,67.84,122.41,0.000,0.073
0.000000000,26.681,0.644,0.044,0.000,-2.585,-148.087,10.599,3.462,6.925,0.000,67.84,122.41,0.000,0.073
0.000000000,26.781,0.622,0.044,0.000,-2.604,-149.201,10.618,3.462,6.925,0.000,67.84,122.41,0.000,0.073
0.000000000,26.881,0.607,0.044,0.000,-2.619,-150.038,10.632,3.462,6.925,0.000,67.84,122.41,0.000,0.073
0.000000000,26.981,0.598,0.044,0.000,-2.628,-150.595,10.641,3.458,6.917,0.000,67.76,122.74,-0.004,0.066
0.000000000,27.080,0.578,0.044,0.000,-2.658,-152.264,10.669,3.458,6.917,0.000,67.76,122.74,-0.004,0.066
0.000000000,27.180,0.568,0.044,0.000,-2.691,-154.189,10.701,3.458,6.917,0.000,67.76,122.74,-0.004,0.066
0.000000000,27.280,0.569,0.044,0.000,-2.705,-155.001,10.715,3.458,6.917,0.000,67.76,122.74,-0.004,0.066
0.000000000,27.381,0.584,0.045,0.000,-2.738,-156.859,10.749,3.458,6.917,0.000,67.76,122.74,-0.004,0.066
0.000000000,27.482,0.609,0.045,0.000,-2.765,-158.394,10.780,3.458,6.917,0.000,67.76,122.74,-0.004,0.066
0.000000000,27.580,0.636,0.045,0.000,-2.786,-159.631,10.807,3.458,6.917,0.000,67.76,122.74,-0.004,0.066
0.000000000,27.681,0.676,0.045,0.000,-2.811,-161.059,10.842,3.458,6.917,0.000,67.76,122.74,-0.004,0.066
0.000000000,27.781,0.713,0.045,0.000,-2.831,-162.196,10.874,3.458,6.917,0.000,67.76,122.74,-0.004,0.066
0.000000000,27.880,0.752,0.045,0.000,-2.850,-163.282,10.907,3.458,6.917,0.000,67.76,122.74,-0.004,0.066
0.000000000,27.982,0.799,0.045,0.000,-2.871,-164.514,10.949,3.573,7.145,0.000,70.00,129.48,0.114,0.070
0.000000000,28.080,0.839,0.045,0.000,-2.888,-165.477,10.987,3.573,7.145,0.000,70.00,129.48,0.114,0.070
0.000000000,28.181,0.884,0.046,0.000,-2.907,-166.564,11.034,3.573,7.145,0.000,70.00,129.48,0.114,0.070
0.000000000,28.281,0.928,0.046,0.000,-2.925,-167.578,11.083,3.573,7.145,0.000,70.00,129.48,0.114,0.070
0.000000000,28.380,0.955,0.046,0.000,-2.936,-168.213,11.117,3.573,7.145,0.000,70.00,129.48,0.114,0.070
0.000000000,28.481,0.993,0.046,0.000,-2.952,-169.116,11.170,3.573,7.145,0.000,70.00,129.48,0.114,0.070
0.000000000,28.580,1.022,0.046,0.000,-2.964,-169.828,11.215,3.573,7.145,0.000,70.00,129.48,0.114,0.070
0.000000000,28.680,1.054,0.046,0.000,-2.978,-170.640,11.270,3.573,7.145,0.000,70.00,129.48,0.114,0.070
0.000000000,28.780,1.078,0.047,0.000,-2.990,-171.286,11.317,3.573,7.145,0.000,70.00,129.48,0.114,0.070
0.000000000,28.880,1.099,0.047,0.000,-3.000,-171.901,11.364,3.573,7.145,0.000,70.00,129.48,0.114,0.070
0.000000000,28.981,1.123,0.047,0.000,-3.012,-172.601,11.422,3.640,7.280,0.000,71.32,129.95,0.067,0.070
0.000000000,29.082,1.140,0.047,0.000,-3.022,-173.153,11.471,3.640,7.280,0.000,71.32,129.95,0.067,0.070
0.000000000,29.181,1.156,0.047,0.000,-3.031,-173.681,11.520,3.640,7.280,0.000,71.32,129.95,0.067,0.070
0.000000000,29.280,1.174,0.048,0.000,-3.042,-174.282,11.579,3.640,7.280,0.000,71.32,129.95,0.067,0.070
0.000000000,29.381,1.188,0.048,0.000,-3.050,-174.751,11.629,3.640,7.280,0.000,71.32,129.95,0.067,0.070
0.000000000,29.482,1.198,0.048,0.000,-3.056,-175.104,11.669,3.640,7.280,0.000,71.32,129.95,0.067,0.070
0.000000000,29.581,1.210,0.048,0.000,-3.063,-175.517,11.719,3.640,7.280,0.000,71.32,129.95,0.067,0.070
0.000000000,29.680,1.221,0.048,0.000,-3.070,-175.896,11.770,3.640,7.280,0.000,71.32,129.95,0.067,0.070
0.000000000,29.781,1.232,0.048,0.000,-3.076,-176.248,11.820,3.640,7.280,0.000,71.32,129.95,0.067,0.070
0.000000000,29.881,1.242,0.049,0.000,-3.082,-176.577,11.871,3.640,7.280,0.000,71.32,129.95,0.067,0.070
0.000000000,29.981,1.251,0.049,0.000,-3.087,-176.885,11.922,3.738,7.476,0.000,73.24,132.82,0.098,0.073
0.000000000,30.081,1.263,0.049,0.000,-3.093,-177.229,11.983,3.738,7.476,0.000,73.24,132.82,0.098,0.073
0.000000000,30.181,1.272,0.049,0.000,-3.098,-177.495,12.035,3.738,7.476,0.000,73.24,132.82,0.098,0.073
0.000000000,30.281,1.284,0.050,0.000,-3.103,-177.790,12.097,3.738,7.476,0.000,73.24,132.82,0.098,0.073
0.000000000,30.380,1.294,0.050,0.000,-3.108,-178.055,12.159,3.738,7.476,0.000,73.24,132.82,0.098,0.073
0.000000000,30.481,1.303,0.050,0.000,-3.111,-178.254,12.212,3.738,7.476,0.000,73.24,132.82,0.098,0.073
0.000000000,30.581,1.308,0.050,0.000,-3.113,-178.365,12.244,3.738,7.476,0.000,73.24,132.82,0.098,0.073
0.000000000,30.681,1.318,0.050,0.000,-3.117,-178.603,12.318,3.738,7.476,0.000,73.24,132.82,0.098,0.073
0.000000000,30.781,1.322,0.050,0.000,-3.119,-178.696,12.350,3.738,7.476,0.000,73.24,132.82,0.098,0.073
0.000000000,30.881,1.328,0.051,0.000,-3.121,-178.838,12.404,3.738,7.476,0.000,73.24,132.82,0.098,0.073
0.000000000,30.981,1.332,0.051,0.000,-3.123,-178.946,12.446,3.842,7.684,0.000,75.28,136.50,0.104,0.076
0.000000000,31.082,1.337,0.051,0.000,-3.125,-179.072,12.500,3.842,7.684,0.000,75.28,136.50,0.104,0.076
0.000000000,31.183,1.341,0.051,0.000,-3.127,-179.190,12.554,3.842,7.684,0.000,75.28,136.50,0.104,0.076
0.000000000,31.281,1.345,0.051,0.000,-3.129,-179.281,12.597,3.842,7.684,0.000,75.28,136.50,0.104,0.076
0.000000000,31.381,1.350,0.052,0.000,-3.131,-179.385,12.652,3.842,7.684,0.000,75.28,136.50,0.104,0.076
0.000000000,31.481,1.354,0.052,0.000,-3.132,-179.461,12.695,3.842,7.684,0.000,75.28,136.50,0.104,0.076
0.000000000,31.581,1.359,0.052,0.000,-3.134,-179.547,12.750,3.842,7.684,0.000,75.28,136.50,0.104,0.076
0.000000000,31.682,1.363,0.052,0.000,-3.135,-179.610,12.794,3.842,7.684,0.000,75.28,136.50,0.104,0.076
0.000000000,31.781,1.368,0.052,0.000,-3.136,-179.682,12.850,3.842,7.684,0.000,75.28,136.50,0.104,0.076
0.000000000,31.881,1.373,0.052,0.000,-3.137,-179.735,12.894,3.842,7.684,0.000,75.28,136.50,0.104,0.076
0.000000000,31.981,1.376,0.053,0.000,-3.138,-179.771,12.927,3.946,7.892,0.000,77.32,139.76,0.104,0.079
0.000000000,32.080,1.380,0.053,0.000,-3.138,-179.815,12.972,3.946,7.892,0.000,77.32,139.76,0.104,0.079
0.000000000,32.180,1.383,0.053,0.000,-3.139,-179.845,13.005,3.946,7.892,0.000,77.32,139.76,0.104,0.079
0.000000000,32.280,1.387,0.053,0.000,-3.140,-179.882,13.050,3.946,7.892,0.000,77.32,139.76,0.104,0.079
0.000000000,32.381,1.391,0.053,0.000,-3.140,-179.926,13.106,3.946,7.892,0.000,77.32,139.76,0.104,0.079
0.000000000,32.481,1.393,0.053,0.000,-3.141,-179.949,13.140,3.946,7.892,0.000,77.32,139.76,0.104,0.079
0.000000000,32.584,1.397,0.054,0.000,-3.141,-179.984,13.195,3.946,7.892,0.000,77.32,139.76,0.104,0.079
0.000000000,32.682,1.399,0.054,0.000,3.141,179.989,13.240,3.946,7.892,0.000,77.32,139.76,0.104,0.079
0.000000000,32.781,1.401,0.054,0.000,3.141,179.969,13.274,3.946,7.892,0.000,77.32,139.76,0.104,0.079
0.000000000,32.885,1.403,0.054,0.000,3.141,179.944,13.319,3.946,7.892,0.000,77.32,139.76,0.104,0.079
0.000000000,32.982,1.406,0.054,0.000,3.140,179.920,13.363,4.042,8.084,0.000,79.20,141.46,0.096,0.081
0.000000000,33.081,1.407,0.054,0.000,3.140,179.907,13.386,4.042,8.084,0.000,79.20,141.46,0.096,0.081
0.000000000,33.181,1.409,0.054,0.000,3.140,179.883,13.431,4.042,8.084,0.000,79.20,141.46,0.096,0.081
0.000000000,33.280,1.410,0.054,0.000,3.139,179.863,13.465,4.042,8.084,0.000,79.20,141.46,0.096,0.081
0.000000000,33.383,1.411,0.055,0.000,3.139,179.849,13.487,4.042,8.084,0.000,79.20,141.46,0.096,0.081
0.000000000,33.480,1.413,0.055,0.000,3.139,179.823,13.532,4.042,8.084,0.000,79.20,141.46,0.096,0.081
0.000000000,33.581,1.415,0.055,0.000,3.138,179.791,13.588,4.042,8.084,0.000,79.20,141.46,0.096,0.081
0.000000000,33.681,1.416,0.055,0.000,3.138,179.773,13.622,4.042,8.084,0.000,79.20,141.46,0.096,0.081
0.000000000,33.781,1.417,0.055,0.000,3.137,179.745,13.667,4.042,8.084,0.000,79.20,141.46,0.096,0.081
0.000000000,33.882,1.418,0.055,0.000,3.137,179.723,13.701,4.042,8.084,0.000,79.20,141.46,0.096,0.081
0.000000000,33.981,1.419,0.055,0.000,3.136,179.708,13.724,4.061,8.121,0.000,79.56,144.05,0.018,0.074
0.000000000,34.087,1.420,0.055,0.000,3.136,179.676,13.769,4.061,8.121,0.000,79.56,144.05,0.018,0.074
0.000000000,34.181,1.420,0.056,0.000,3.136,179.659,13.791,4.061,8.121,0.000,79.56,144.05,0.018,0.074
0.000000000,34.280,1.421,0.056,0.000,3.135,179.642,13.814,4.061,8.121,0.000,79.56,144.05,0.018,0.074
0.000000000,34.381,1.421,0.056,0.000,3.135,179.614,13.848,4.061,8.121,0.000,79.56,144.05,0.018,0.074
0.000000000,34.481,1.422,0.056,0.000,3.135,179.604,13.859,4.061,8.121,0.000,79.56,144.05,0.018,0.074
0.000000000,34.580,1.422,0.056,0.000,3.135,179.594,13.870,4.061,8.121,0.000,79.56,144.05,0.018,0.074
0.000000000,34.681,1.423,0.056,0.000,3.134,179.563,13.904,4.061,8.121,0.000,79.56,144.05,0.018,0.074
0.000000000,34.781,1.423,0.056,0.000,3.133,179.529,13.938,4.061,8.121,0.000,79.56,144.05,0.018,0.074
0.000000000,34.881,1.424,0.056,0.000,3.133,179.485,13.983,4.061,8.121,0.000,79.56,144.05,0.018,0.074
0.000000000,34.981,1.425,0.056,0.000,3.132,179.463,14.005,4.097,8.195,0.000,80.28,142.86,0.037,0.071
0.000000000,35.081,1.425,0.056,0.000,3.132,179.441,14.028,4.097,8.195,0.000,80.28,142.86,0.037,0.071
0.000000000,35.181,1.427,0.056,0.000,3.131,179.400,14.073,4.097,8.195,0.000,80.28,142.86,0.037,0.071
0.000000000,35.281,1.427,0.057,0.000,3.131,179.380,14.095,4.097,8.195,0.000,80.28,142.86,0.037,0.071
0.000000000,35.380,1.428,0.057,0.000,3.130,179.361,14.118,4.097,8.195,0.000,80.28,142.86,0.037,0.071
0.000000000,35.481,1.429,0.057,0.000,3.130,179.335,14.152,4.097,8.195,0.000,80.28,142.86,0.037,0.071
0.000000000,35.580,1.431,0.057,0.000,3.129,179.300,14.197,4.097,8.195,0.000,80.28,142.86,0.037,0.071
0.000000000,35.681,1.432,0.057,0.000,3.129,179.284,14.220,4.097,8.195,0.000,80.28,142.86,0.037,0.071
0.000000000,35.781,1.434,0.057,0.000,3.129,179.251,14.265,4.097,8.195,0.000,80.28,142.86,0.037,0.071
0.000000000,35.884,1.435,0.057,0.000,3.128,179.234,14.288,4.097,8.195,0.000,80.28,142.86,0.037,0.071
0.000000000,35.981,1.437,0.057,0.000,3.128,179.200,14.333,4.138,8.276,0.000,81.08,143.18,0.041,0.068
0.000000000,36.080,1.438,0.057,0.000,3.127,179.183,14.356,4.138,8.276,0.000,81.08,143.18,0.041,0.068
0.000000000,36.182,1.439,0.058,0.000,3.127,179.156,14.390,4.138,8.276,0.000,81.08,143.18,0.041,0.068
0.000000000,36.283,1.441,0.058,0.000,3.126,179.128,14.424,4.138,8.276,0.000,81.08,143.18,0.041,0.068
0.000000000,36.385,1.442,0.058,0.000,3.126,179.099,14.459,4.138,8.276,0.000,81.08,143.18,0.041,0.068
0.000000000,36.480,1.444,0.058,0.000,3.125,179.068,14.493,4.138,8.276,0.000,81.08,143.18,0.041,0.068
0.000000000,36.582,1.445,0.058,0.000,3.125,179.035,14.527,4.138,8.276,0.000,81.08,143.18,0.041,0.068
0.000000000,36.681,1.447,0.058,0.000,3.124,178.987,14.573,4.138,8.276,0.000,81.08,143.18,0.041,0.068
0.000000000,36.781,1.448,0.058,0.000,3.123,178.948,14.607,4.138,8.276,0.000,81.08,143.18,0.041,0.068
0.000000000,36.881,1.449,0.058,0.000,3.123,178.920,14.630,4.138,8.276,0.000,81.08,143.18,0.041,0.068
0.000000000,36.981,1.450,0.058,0.000,3.122,178.891,14.653,4.273,8.546,0.000,83.72,142.52,0.135,0.074
0.000000000,37.081,1.451,0.058,0.000,3.121,178.847,14.687,4.273,8.546,0.000,83.72,142.52,0.135,0.074
0.000000000,37.181,1.451,0.058,0.000,3.121,178.847,14.687,4.273,8.546,0.000,83.72,142.52,0.135,0.074
0.000000000,37.280,1.451,0.059,0.000,3.120,178.784,14.733,4.273,8.546,0.000,83.72,142.52,0.135,0.074
0.000000000,37.381,1.452,0.059,0.000,3.119,178.720,14.779,4.273,8.546,0.000,83.72,142.52,0.135,0.074
0.000000000,37.481,1.452,0.059,0.000,3.118,178.649,14.825,4.273,8.546,0.000,83.72,142.52,0.135,0.074
0.000000000,37.581,1.453,0.059,0.000,3.117,178.575,14.871,4.273,8.546,0.000,83.72,142.52,0.135,0.074
0.000000000,37.681,1.453,0.059,0.000,3.116,178.536,14.893,4.273,8.546,0.000,83.72,142.52,0.135,0.074
0.000000000,37.780,1.453,0.059,0.000,3.115,178.478,14.928,4.273,8.546,0.000,83.72,142.52,0.135,0.074
0.000000000,37.881,1.454,0.059,0.000,3.114,178.439,14.950,4.273,8.546,0.000,83.72,142.52,0.135,0.074
0.000000000,37.980,1.454,0.059,0.000,3.113,178.381,14.985,4.308,8.615,0.000,84.40,142.90,0.035,0.070
0.000000000,38.081,1.455,0.060,0.000,3.113,178.343,15.006,4.308,8.615,0.000,84.40,142.90,0.035,0.070
0.000000000,38.181,1.456,0.060,0.000,3.111,178.269,15.049,4.308,8.615,0.000,84.40,142.90,0.035,0.070
0.000000000,38.281,1.456,0.060,0.000,3.111,178.251,15.060,4.308,8.615,0.000,84.40,142.90,0.035,0.070
0.000000000,38.381,1.457,0.060,0.000,3.110,178.182,15.104,4.308,8.615,0.000,84.40,142.90,0.035,0.070
0.000000000,38.481,1.458,0.060,0.000,3.109,178.149,15.126,4.308,8.615,0.000,84.40,142.90,0.035,0.070
0.000000000,38.581,1.459,0.060,0.000,3.108,178.101,15.159,4.308,8.615,0.000,84.40,142.90,0.035,0.070
0.000000000,38.681,1.459,0.060,0.000,3.108,178.070,15.181,4.308,8.615,0.000,84.40,142.90,0.035,0.070
0.000000000,38.780,1.460,0.060,0.000,3.107,178.025,15.215,4.308,8.615,0.000,84.40,142.90,0.035,0.070
0.000000000,38.880,1.461,0.060,0.000,3.107,177.996,15.238,4.308,8.615,0.000,84.40,142.90,0.035,0.070
0.000000000,38.981,1.462,0.060,0.000,3.106,177.955,15.271,4.403,8.807,0.000,86.28,142.66,0.096,0.073
0.000000000,39.081,1.463,0.060,0.000,3.105,177.928,15.294,4.403,8.807,0.000,86.28,142.66,0.096,0.073
0.000000000,39.181,1.463,0.061,0.000,3.105,177.887,15.328,4.403,8.807,0.000,86.28,142.66,0.096,0.073
0.000000000,39.280,1.464,0.061,0.000,3.104,177.836,15.373,4.403,8.807,0.000,86.28,142.66,0.096,0.073
0.000000000,39.380,1.465,0.061,0.000,3.104,177.823,15.385,4.403,8.807,0.000,86.28,142.66,0.096,0.073
0.000000000,39.480,1.465,0.061,0.000,3.103,177.798,15.407,4.403,8.807,0.000,86.28,142.66,0.096,0.073
0.000000000,39.583,1.466,0.061,0.000,3.103,177.762,15.441,4.403,8.807,0.000,86.28,142.66,0.096,0.073
0.000000000,39.681,1.467,0.061,0.000,3.102,177.725,15.476,4.403,8.807,0.000,86.28,142.66,0.096,0.073
0.000000000,39.781,1.467,0.061,0.000,3.101,177.701,15.499,4.403,8.807,0.000,86.28,142.66,0.096,0.073
0.000000000,39.881,1.468,0.061,0.000,3.101,177.653,15.544,4.403,8.807,0.000,86.28,142.66,0.096,0.073
0.000000000,39.983,1.469,0.061,0.000,3.100,177.619,15.579,4.452,8.905,0.000,87.24,144.37,0.049,0.071
0.000000000,40.083,1.469,0.061,0.000,3.099,177.584,15.613,4.452,8.905,0.000,87.24,144.37,0.049,0.071
0.000000000,40.181,1.469,0.062,0.000,3.099,177.562,15.636,4.452,8.905,0.000,87.24,144.37,0.049,0.071
0.000000000,40.281,1.469,0.062,0.000,3.099,177.550,15.648,4.452,8.905,0.000,87.24,144.37,0.049,0.071
0.000000000,40.383,1.470,0.062,0.000,3.098,177.527,15.671,4.452,8.905,0.000,87.24,144.37,0.049,0.071
0.000000000,40.481,1.470,0.062,0.000,3.098,177.493,15.706,4.452,8.905,0.000,87.24,144.37,0.049,0.071
0.000000000,40.581,1.470,0.062,0.000,3.098,177.482,15.717,4.452,8.905,0.000,87.24,144.37,0.049,0.071
0.000000000,40.681,1.470,0.062,0.000,3.097,177.451,15.752,4.452,8.905,0.000,87.24,144.37,0.049,0.071
0.000000000,40.781,1.470,0.062,0.000,3.097,177.431,15.775,4.452,8.905,0.000,87.24,144.37,0.049,0.071
0.000000000,40.881,1.470,0.062,0.000,3.096,177.404,15.810,4.452,8.905,0.000,87.24,144.37,0.049,0.071
0.000000000,40.981,1.471,0.062,0.000,3.096,177.372,15.857,4.499,8.999,0.000,88.16,144.92,0.047,0.068
0.000000000,41.081,1.471,0.062,0.000,3.095,177.343,15.903,4.499,8.999,0.000,88.16,144.92,0.047,0.068
0.000000000,41.180,1.471,0.062,0.000,3.095,177.331,15.926,4.499,8.999,0.000,88.16,144.92,0.047,0.068
0.000000000,41.281,1.471,0.062,0.000,3.095,177.319,15.950,4.499,8.999,0.000,88.16,144.92,0.047,0.068
0.000000000,41.381,1.471,0.063,0.000,3.095,177.305,15.985,4.499,8.999,0.000,88.16,144.92,0.047,0.068
0.000000000,41.480,1.471,0.063,0.000,3.094,177.294,16.020,4.499,8.999,0.000,88.16,144.92,0.047,0.068
0.000000000,41.581,1.471,0.063,0.000,3.094,177.289,16.043,4.499,8.999,0.000,88.16,144.92,0.047,0.068
0.000000000,41.680,1.471,0.063,0.000,3.094,177.287,16.090,4.499,8.999,0.000,88.16,144.92,0.047,0.068
0.000000000,41.781,1.471,0.063,0.000,3.094,177.289,16.113,4.499,8.999,0.000,88.16,144.92,0.047,0.068
0.000000000,41.882,1.471,0.063,0.000,3.094,177.302,16.160,4.499,8.999,0.000,88.16,144.92,0.047,0.068
0.000000000,41.984,1.470,0.063,0.000,3.095,177.326,16.207,4.499,8.999,0.000,88.16,144.92,0.000,0.061
0.000000000,42.080,1.470,0.063,0.000,3.095,177.344,16.230,4.499,8.999,0.000,88.16,144.92,0.000,0.061
0.000000000,42.182,1.469,0.063,0.000,3.096,177.380,16.265,4.499,8.999,0.000,88.16,144.92,0.000,0.061
0.000000000,42.281,1.468,0.064,0.000,3.097,177.465,16.323,4.499,8.999,0.000,88.16,144.92,0.000,0.061
0.000000000,42.381,1.468,0.064,0.000,3.098,177.508,16.346,4.499,8.999,0.000,88.16,144.92,0.000,0.061
0.000000000,42.480,1.466,0.064,0.000,3.100,177.612,16.393,4.499,8.999,0.000,88.16,144.92,0.000,0.061
0.000000000,42.582,1.466,0.064,0.000,3.100,177.642,16.404,4.499,8.999,0.000,88.16,144.92,0.000,0.061
0.000000000,42.681,1.465,0.064,0.000,3.102,177.707,16.428,4.499,8.999,0.000,88.16,144.92,0.000,0.061
0.000000000,42.781,1.464,0.064,0.000,3.103,177.817,16.462,4.499,8.999,0.000,88.16,144.92,0.000,0.061
0.000000000,42.881,1.463,0.064,0.000,3.107,177.989,16.508,4.499,8.999,0.000,88.16,144.92,0.000,0.061
0.000000000,42.982,1.461,0.064,0.000,3.109,178.134,16.543,4.704,9.407,0.000,92.16,151.66,0.204,0.076
0.000000000,43.081,1.460,0.064,0.000,3.111,178.236,16.566,4.704,9.407,0.000,92.16,151.66,0.204,0.076
0.000000000,43.181,1.459,0.065,0.000,3.114,178.398,16.601,4.704,9.407,0.000,92.16,151.66,0.204,0.076
0.000000000,43.280,1.457,0.065,0.000,3.118,178.627,16.647,4.704,9.407,0.000,92.16,151.66,0.204,0.076
0.000000000,43.380,1.455,0.065,0.000,3.122,178.874,16.693,4.704,9.407,0.000,92.16,151.66,0.204,0.076
0.000000000,43.481,1.454,0.065,0.000,3.125,179.074,16.727,4.704,9.407,0.000,92.16,151.66,0.204,0.076
0.000000000,43.580,1.453,0.065,0.000,3.128,179.214,16.750,4.704,9.407,0.000,92.16,151.66,0.204,0.076
0.000000000,43.681,1.452,0.065,0.000,3.132,179.434,16.785,4.704,9.407,0.000,92.16,151.66,0.204,0.076
0.000000000,43.781,1.450,0.065,0.000,3.136,179.669,16.819,4.704,9.407,0.000,92.16,151.66,0.204,0.076
0.000000000,43.881,1.449,0.065,0.000,3.140,179.916,16.853,4.704,9.407,0.000,92.16,151.66,0.204,0.076
0.000000000,43.981,1.449,0.065,0.000,-3.140,-179.912,16.876,4.797,9.595,0.000,94.00,155.02,0.094,0.077
0.000000000,44.089,1.448,0.066,0.000,-3.135,-179.645,16.911,4.797,9.595,0.000,94.00,155.02,0.094,0.077
0.000000000,44.181,1.447,0.066,0.000,-3.132,-179.461,16.933,4.797,9.595,0.000,94.00,155.02,0.094,0.077
0.000000000,44.281,1.446,0.066,0.000,-3.124,-178.988,16.991,4.797,9.595,0.000,94.00,155.02,0.094,0.077
0.000000000,44.383,1.445,0.066,0.000,-3.117,-178.603,17.036,4.797,9.595,0.000,94.00,155.02,0.094,0.077
0.000000000,44.483,1.444,0.066,0.000,-3.114,-178.411,17.059,4.797,9.595,0.000,94.00,155.02,0.094,0.077
0.000000000,44.580,1.444,0.066,0.000,-3.107,-178.039,17.105,4.797,9.595,0.000,94.00,155.02,0.094,0.077
0.000000000,44.681,1.444,0.066,0.000,-3.104,-177.861,17.128,4.797,9.595,0.000,94.00,155.02,0.094,0.077
0.000000000,44.781,1.443,0.066,0.000,-3.100,-177.606,17.162,4.797,9.595,0.000,94.00,155.02,0.094,0.077
0.000000000,44.883,1.443,0.066,0.000,-3.097,-177.445,17.185,4.797,9.595,0.000,94.00,155.02,0.094,0.077
0.000000000,44.981,1.443,0.067,0.000,-3.091,-177.082,17.242,4.993,9.987,0.000,97.84,157.75,0.196,0.089
0.000000000,45.081,1.444,0.067,0.000,-3.088,-176.952,17.264,4.993,9.987,0.000,97.84,157.75,0.196,0.089
0.000000000,45.182,1.444,0.067,0.000,-3.086,-176.830,17.287,4.993,9.987,0.000,97.84,157.75,0.196,0.089
0.000000000,45.281,1.444,0.067,0.000,-3.083,-176.663,17.321,4.993,9.987,0.000,97.84,157.75,0.196,0.089
0.000000000,45.384,1.444,0.067,0.000,-3.079,-176.419,17.378,4.993,9.987,0.000,97.84,157.75,0.196,0.089
0.000000000,45.481,1.445,0.067,0.000,-3.076,-176.242,17.424,4.993,9.987,0.000,97.84,157.75,0.196,0.089
0.000000000,45.581,1.446,0.067,0.000,-3.074,-176.113,17.459,4.993,9.987,0.000,97.84,157.75,0.196,0.089
0.000000000,45.681,1.447,0.067,0.000,-3.071,-175.939,17.505,4.993,9.987,0.000,97.84,157.75,0.196,0.089
0.000000000,45.781,1.447,0.068,0.000,-3.068,-175.802,17.539,4.993,9.987,0.000,97.84,157.75,0.196,0.089
0.000000000,45.881,1.448,0.068,0.000,-3.067,-175.708,17.562,4.993,9.987,0.000,97.84,157.75,0.196,0.089
0.000000000,45.984,1.449,0.068,0.000,-3.064,-175.562,17.597,5.173,10.346,0.000,101.36,161.14,0.180,0.098
0.000000000,46.080,1.449,0.068,0.000,-3.063,-175.511,17.608,5.173,10.346,0.000,101.36,161.14,0.180,0.098
0.000000000,46.180,1.449,0.068,0.000,-3.060,-175.301,17.654,5.173,10.346,0.000,101.36,161.14,0.180,0.098
0.000000000,46.282,1.450,0.068,0.000,-3.058,-175.190,17.677,5.173,10.346,0.000,101.36,161.14,0.180,0.098
0.000000000,46.380,1.451,0.068,0.000,-3.052,-174.891,17.735,5.173,10.346,0.000,101.36,161.14,0.180,0.098
0.000000000,46.480,1.451,0.068,0.000,-3.048,-174.637,17.782,5.173,10.346,0.000,101.36,161.14,0.180,0.098
0.000000000,46.580,1.452,0.068,0.000,-3.046,-174.508,17.805,5.173,10.346,0.000,101.36,161.14,0.180,0.098
0.000000000,46.681,1.452,0.068,0.000,-3.042,-174.310,17.840,5.173,10.346,0.000,101.36,161.14,0.180,0.098
0.000000000,46.782,1.453,0.069,0.000,-3.038,-174.047,17.887,5.173,10.346,0.000,101.36,161.14,0.180,0.098
0.000000000,46.883,1.454,0.069,0.000,-3.034,-173.850,17.922,5.173,10.346,0.000,101.36,161.14,0.180,0.098
0.000000000,46.983,1.455,0.069,0.000,-3.028,-173.514,17.981,5.304,10.608,0.000,103.92,163.66,0.131,0.102
0.000000000,47.082,1.455,0.069,0.000,-3.025,-173.305,18.016,5.304,10.608,0.000,103.92,163.66,0.131,0.102
0.000000000,47.181,1.455,0.069,0.000,-3.021,-173.084,18.051,5.304,10.608,0.000,103.92,163.66,0.131,0.102
0.000000000,47.282,1.455,0.069,0.000,-3.015,-172.770,18.098,5.304,10.608,0.000,103.92,163.66,0.131,0.102
0.000000000,47.381,1.455,0.069,0.000,-3.008,-172.344,18.157,5.304,10.608,0.000,103.92,163.66,0.131,0.102
0.000000000,47.481,1.456,0.070,0.000,-3.005,-172.166,18.181,5.304,10.608,0.000,103.92,163.66,0.131,0.102
0.000000000,47.583,1.456,0.070,0.000,-2.998,-171.791,18.228,5.304,10.608,0.000,103.92,163.66,0.131,0.102
0.000000000,47.681,1.456,0.070,0.000,-2.995,-171.595,18.252,5.304,10.608,0.000,103.92,163.66,0.131,0.102
0.000000000,47.782,1.456,0.070,0.000,-2.990,-171.286,18.287,5.304,10.608,0.000,103.92,163.66,0.131,0.102
0.000000000,47.881,1.457,0.070,0.000,-2.982,-170.844,18.334,5.304,10.608,0.000,103.92,163.66,0.131,0.102
0.000000000,47.980,1.457,0.070,0.000,-2.978,-170.608,18.358,5.328,10.657,0.000,104.40,162.47,0.025,0.094
0.000000000,48.081,1.458,0.070,0.000,-2.969,-170.101,18.405,5.328,10.657,0.000,104.40,162.47,0.025,0.094
0.000000000,48.182,1.459,0.070,0.000,-2.964,-169.827,18.428,5.328,10.657,0.000,104.40,162.47,0.025,0.094
0.000000000,48.281,1.461,0.070,0.000,-2.954,-169.232,18.476,5.328,10.657,0.000,104.40,162.47,0.025,0.094
0.000000000,48.381,1.463,0.071,0.000,-2.939,-168.391,18.535,5.328,10.657,0.000,104.40,162.47,0.025,0.094
0.000000000,48.481,1.465,0.071,0.000,-2.926,-167.630,18.582,5.328,10.657,0.000,104.40,162.47,0.025,0.094
0.000000000,48.580,1.467,0.071,0.000,-2.911,-166.783,18.629,5.328,10.657,0.000,104.40,162.47,0.025,0.094
0.000000000,48.680,1.469,0.071,0.000,-2.899,-166.088,18.665,5.328,10.657,0.000,104.40,162.47,0.025,0.094
0.000000000,48.781,1.471,0.071,0.000,-2.881,-165.079,18.712,5.328,10.657,0.000,104.40,162.47,0.025,0.094
0.000000000,48.880,1.472,0.071,0.000,-2.872,-164.538,18.736,5.328,10.657,0.000,104.40,162.47,0.025,0.094
0.000000000,48.985,1.475,0.071,0.000,-2.852,-163.381,18.783,5.459,10.918,0.000,106.96,172.86,0.131,0.098
0.000000000,49.085,1.477,0.072,0.000,-2.830,-162.125,18.830,5.459,10.918,0.000,106.96,172.86,0.131,0.098
0.000000000,49.181,1.478,0.072,0.000,-2.818,-161.459,18.854,5.459,10.918,0.000,106.96,172.86,0.131,0.098
0.000000000,49.281,1.481,0.072,0.000,-2.781,-159.320,18.925,5.459,10.918,0.000,106.96,172.86,0.131,0.098
0.000000000,49.381,1.482,0.072,0.000,-2.761,-158.174,18.961,5.459,10.918,0.000,106.96,172.86,0.131,0.098
0.000000000,49.480,1.484,0.072,0.000,-2.733,-156.576,19.008,5.459,10.918,0.000,106.96,172.86,0.131,0.098
0.000000000,49.583,1.485,0.072,0.000,-2.704,-154.901,19.056,5.459,10.918,0.000,106.96,172.86,0.131,0.098
0.000000000,49.680,1.485,0.072,0.000,-2.688,-154.038,19.080,5.459,10.918,0.000,106.96,172.86,0.131,0.098
0.000000000,49.781,1.485,0.072,0.000,-2.681,-153.601,19.092,5.459,10.918,0.000,106.96,172.86,0.131,0.098
0.000000000,49.881,1.486,0.073,0.000,-2.650,-151.819,19.139,5.459,10.918,0.000,106.96,172.86,0.131,0.098
0.000000000,49.981,1.485,0.073,0.000,-2.618,-149.992,19.186,5.749,11.498,0.000,112.64,181.41,0.290,0.117
0.000000000,50.082,1.484,0.073,0.000,-2.593,-148.596,19.222,5.749,11.498,0.000,112.64,181.41,0.290,0.117
0.000000000,50.180,1.483,0.073,0.000,-2.569,-147.184,19.257,5.749,11.498,0.000,112.64,181.41,0.290,0.117
0.000000000,50.284,1.481,0.073,0.000,-2.544,-145.758,19.292,5.749,11.498,0.000,112.64,181.41,0.290,0.117
0.000000000,50.380,1.479,0.073,0.000,-2.519,-144.321,19.328,5.749,11.498,0.000,112.64,181.41,0.290,0.117
0.000000000,50.483,1.473,0.073,0.000,-2.469,-141.437,19.398,5.749,11.498,0.000,112.64,181.41,0.290,0.117
0.000000000,50.581,1.468,0.073,0.000,-2.443,-139.994,19.433,5.749,11.498,0.000,112.64,181.41,0.290,0.117
0.000000000,50.681,1.463,0.074,0.000,-2.418,-138.560,19.467,5.749,11.498,0.000,112.64,181.41,0.290,0.117
0.000000000,50.782,1.457,0.074,0.000,-2.393,-137.135,19.502,5.749,11.498,0.000,112.64,181.41,0.290,0.117
0.000000000,50.880,1.450,0.074,0.000,-2.369,-135.719,19.536,5.749,11.498,0.000,112.64,181.41,0.290,0.117
0.000000000,50.981,1.437,0.074,0.000,-2.328,-133.387,19.593,5.855,11.710,0.000,114.72,187.73,0.106,0.116
0.000000000,51.081,1.431,0.074,0.000,-2.312,-132.462,19.615,5.855,11.710,0.000,114.72,187.73,0.106,0.116
0.000000000,51.181,1.421,0.074,0.000,-2.288,-131.084,19.648,5.855,11.710,0.000,114.72,187.73,0.106,0.116
0.000000000,51.281,1.412,0.074,0.000,-2.264,-129.717,19.681,5.855,11.710,0.000,114.72,187.73,0.106,0.116
0.000000000,51.381,1.398,0.074,0.000,-2.232,-127.911,19.725,5.855,11.710,0.000,114.72,187.73,0.106,0.116
0.000000000,51.482,1.381,0.074,0.000,-2.194,-125.684,19.779,5.855,11.710,0.000,114.72,187.73,0.106,0.116
0.000000000,51.581,1.369,0.075,0.000,-2.167,-124.152,19.816,5.855,11.710,0.000,114.72,187.73,0.106,0.116
0.000000000,51.682,1.356,0.075,0.000,-2.137,-122.432,19.858,5.855,11.710,0.000,114.72,187.73,0.106,0.116
0.000000000,51.781,1.347,0.075,0.000,-2.115,-121.160,19.890,5.855,11.710,0.000,114.72,187.73,0.106,0.116
0.000000000,51.886,1.338,0.075,0.000,-2.093,-119.902,19.921,5.855,11.710,0.000,114.72,187.73,0.106,0.116
0.000000000,51.981,1.329,0.075,0.000,-2.071,-118.657,19.952,5.933,11.865,0.000,116.24,192.02,0.078,0.112
0.000000000,52.084,1.317,0.075,0.000,-2.042,-117.013,19.992,5.933,11.865,0.000,116.24,192.02,0.078,0.112
0.000000000,52.182,1.301,0.075,0.000,-2.007,-114.987,20.043,5.933,11.865,0.000,116.24,192.02,0.078,0.112
0.000000000,52.281,1.291,0.075,0.000,-1.986,-113.786,20.073,5.933,11.865,0.000,116.24,192.02,0.078,0.112
0.000000000,52.381,1.273,0.076,0.000,-1.951,-111.807,20.122,5.933,11.865,0.000,116.24,192.02,0.078,0.112
0.000000000,52.481,1.256,0.076,0.000,-1.924,-110.248,20.162,5.933,11.865,0.000,116.24,192.02,0.078,0.112
0.000000000,52.581,1.243,0.076,0.000,-1.904,-109.095,20.191,5.933,11.865,0.000,116.24,192.02,0.078,0.112
0.000000000,52.680,1.228,0.076,0.000,-1.884,-107.957,20.219,5.933,11.865,0.000,116.24,192.02,0.078,0.112
0.000000000,52.783,1.208,0.076,0.000,-1.858,-106.470,20.257,5.933,11.865,0.000,116.24,192.02,0.078,0.112
0.000000000,52.880,1.191,0.076,0.000,-1.839,-105.380,20.285,5.933,11.865,0.000,116.24,192.02,0.078,0.112
0.000000000,52.981,1.163,0.076,0.000,-1.809,-103.624,20.331,5.977,11.955,0.000,117.12,193.64,0.045,0.105
0.000000000,53.081,1.140,0.076,0.000,-1.785,-102.284,20.367,5.977,11.955,0.000,117.12,193.64,0.045,0.105
0.000000000,53.183,1.129,0.076,0.000,-1.774,-101.637,20.384,5.977,11.955,0.000,117.12,193.64,0.045,0.105
0.000000000,53.281,1.107,0.076,0.000,-1.752,-100.395,20.419,5.977,11.955,0.000,117.12,193.64,0.045,0.105
0.000000000,53.385,1.081,0.077,0.000,-1.727,-98.947,20.462,5.977,11.955,0.000,117.12,193.64,0.045,0.105
0.000000000,53.481,1.072,0.077,0.000,-1.717,-98.402,20.479,5.977,11.955,0.000,117.12,193.64,0.045,0.105
0.000000000,53.591,1.050,0.077,0.000,-1.695,-97.132,20.521,5.977,11.955,0.000,117.12,193.64,0.045,0.105
0.000000000,53.681,1.036,0.077,0.000,-1.679,-96.212,20.554,5.977,11.955,0.000,117.12,193.64,0.045,0.105
0.000000000,53.781,1.028,0.077,0.000,-1.668,-95.582,20.578,5.977,11.955,0.000,117.12,193.64,0.045,0.105
0.000000000,53.881,1.019,0.077,0.000,-1.655,-94.820,20.610,5.977,11.955,0.000,117.12,193.64,0.045,0.105
0.000000000,53.981,1.012,0.077,0.000,-1.643,-94.152,20.642,6.014,12.028,0.000,117.84,195.78,0.037,0.098
0.000000000,54.081,1.009,0.077,0.000,-1.636,-93.712,20.666,6.014,12.028,0.000,117.84,195.78,0.037,0.098
0.000000000,54.181,1.007,0.077,0.000,-1.629,-93.324,20.690,6.014,12.028,0.000,117.84,195.78,0.037,0.098
0.000000000,54.281,1.007,0.077,0.000,-1.620,-92.799,20.730,6.014,12.028,0.000,117.84,195.78,0.037,0.098
0.000000000,54.380,1.008,0.077,0.000,-1.615,-92.558,20.754,6.014,12.028,0.000,117.84,195.78,0.037,0.098
0.000000000,54.481,1.013,0.077,0.000,-1.611,-92.285,20.794,6.014,12.028,0.000,117.84,195.78,0.037,0.098
0.000000000,54.581,1.020,0.078,0.000,-1.609,-92.187,20.827,6.014,12.028,0.000,117.84,195.78,0.037,0.098
0.000000000,54.681,1.029,0.078,0.000,-1.609,-92.198,20.860,6.014,12.028,0.000,117.84,195.78,0.037,0.098
0.000000000,54.781,1.039,0.078,0.000,-1.611,-92.322,20.893,6.014,12.028,0.000,117.84,195.78,0.037,0.098
0.000000000,54.881,1.055,0.078,0.000,-1.617,-92.638,20.936,6.014,12.028,0.000,117.84,195.78,0.037,0.098
0.000000000,54.983,1.062,0.078,0.000,-1.620,-92.814,20.953,6.026,12.053,0.000,118.08,197.05,0.012,0.090
0.000000000,55.081,1.077,0.078,0.000,-1.628,-93.254,20.988,6.026,12.053,0.000,118.08,197.05,0.012,0.090
0.000000000,55.181,1.093,0.078,0.000,-1.637,-93.809,21.024,6.026,12.053,0.000,118.08,197.05,0.012,0.090
0.000000000,55.281,1.106,0.078,0.000,-1.646,-94.302,21.052,6.026,12.053,0.000,118.08,197.05,0.012,0.090
0.000000000,55.380,1.123,0.078,0.000,-1.659,-95.063,21.089,6.026,12.053,0.000,118.08,197.05,0.012,0.090
0.000000000,55.481,1.136,0.078,0.000,-1.670,-95.712,21.118,6.026,12.053,0.000,118.08,197.05,0.012,0.090
0.000000000,55.581,1.154,0.078,0.000,-1.687,-96.686,21.156,6.026,12.053,0.000,118.08,197.05,0.012,0.090
0.000000000,55.680,1.172,0.079,0.000,-1.707,-97.783,21.196,6.026,12.053,0.000,118.08,197.05,0.012,0.090
0.000000000,55.780,1.181,0.079,0.000,-1.717,-98.377,21.215,6.026,12.053,0.000,118.08,197.05,0.012,0.090
0.000000000,55.881,1.207,0.079,0.000,-1.751,-100.347,21.276,6.026,12.053,0.000,118.08,197.05,0.012,0.090
0.000000000,55.981,1.225,0.079,0.000,-1.777,-101.814,21.318,6.051,12.102,0.000,118.56,198.61,0.024,0.083
0.000000000,56.080,1.241,0.079,0.000,-1.805,-103.401,21.360,6.051,12.102,0.000,118.56,198.61,0.024,0.083
0.000000000,56.182,1.257,0.079,0.000,-1.834,-105.100,21.403,6.051,12.102,0.000,118.56,198.61,0.024,0.083
0.000000000,56.281,1.272,0.079,0.000,-1.866,-106.902,21.446,6.051,12.102,0.000,118.56,198.61,0.024,0.083
0.000000000,56.381,1.289,0.080,0.000,-1.907,-109.281,21.501,6.051,12.102,0.000,118.56,198.61,0.024,0.083
0.000000000,56.481,1.304,0.080,0.000,-1.951,-111.777,21.556,6.051,12.102,0.000,118.56,198.61,0.024,0.083
0.000000000,56.580,1.312,0.080,0.000,-1.978,-113.319,21.590,6.051,12.102,0.000,118.56,198.61,0.024,0.083
0.000000000,56.681,1.324,0.080,0.000,-2.024,-115.946,21.646,6.051,12.102,0.000,118.56,198.61,0.024,0.083
0.000000000,56.780,1.337,0.080,0.000,-2.089,-119.699,21.725,6.051,12.102,0.000,118.56,198.61,0.024,0.083
0.000000000,56.881,1.342,0.080,0.000,-2.127,-121.861,21.770,6.051,12.102,0.000,118.56,198.61,0.024,0.083
0.000000000,56.981,1.346,0.080,0.000,-2.165,-124.022,21.816,6.145,12.290,0.000,120.40,203.27,0.094,0.084
0.000000000,57.080,1.349,0.081,0.000,-2.212,-126.713,21.873,6.145,12.290,0.000,120.40,203.27,0.094,0.084
0.000000000,57.180,1.351,0.081,0.000,-2.258,-129.381,21.929,6.145,12.290,0.000,120.40,203.27,0.094,0.084
0.000000000,57.282,1.351,0.081,0.000,-2.295,-131.489,21.974,6.145,12.290,0.000,120.40,203.27,0.094,0.084
0.000000000,57.380,1.351,0.081,0.000,-2.331,-133.567,22.019,6.145,12.290,0.000,120.40,203.27,0.094,0.084
0.000000000,57.481,1.349,0.081,0.000,-2.367,-135.611,22.063,6.145,12.290,0.000,120.40,203.27,0.094,0.084
0.000000000,57.581,1.348,0.081,0.000,-2.402,-137.616,22.108,6.145,12.290,0.000,120.40,203.27,0.094,0.084
0.000000000,57.681,1.346,0.082,0.000,-2.436,-139.581,22.152,6.145,12.290,0.000,120.40,203.27,0.094,0.084
0.000000000,57.780,1.343,0.082,0.000,-2.478,-141.972,22.207,6.145,12.290,0.000,120.40,203.27,0.094,0.084
0.000000000,57.880,1.340,0.082,0.000,-2.510,-143.831,22.251,6.145,12.290,0.000,120.40,203.27,0.094,0.084
0.000000000,57.980,1.338,0.082,0.000,-2.534,-145.191,22.284,6.255,12.510,0.000,122.56,206.85,0.110,0.087
0.000000000,58.080,1.334,0.082,0.000,-2.565,-146.959,22.327,6.255,12.510,0.000,122.56,206.85,0.110,0.087
0.000000000,58.181,1.329,0.082,0.000,-2.602,-149.090,22.381,6.255,12.510,0.000,122.56,206.85,0.110,0.087
0.000000000,58.281,1.321,0.082,0.000,-2.651,-151.913,22.455,6.255,12.510,0.000,122.56,206.85,0.110,0.087
0.000000000,58.383,1.316,0.083,0.000,-2.684,-153.810,22.508,6.255,12.510,0.000,122.56,206.85,0.110,0.087
0.000000000,58.480,1.310,0.083,0.000,-2.716,-155.606,22.560,6.255,12.510,0.000,122.56,206.85,0.110,0.087
0.000000000,58.581,1.302,0.083,0.000,-2.757,-157.950,22.633,6.255,12.510,0.000,122.56,206.85,0.110,0.087
0.000000000,58.681,1.297,0.083,0.000,-2.784,-159.504,22.685,6.255,12.510,0.000,122.56,206.85,0.110,0.087
0.000000000,58.781,1.293,0.083,0.000,-2.809,-160.958,22.736,6.255,12.510,0.000,122.56,206.85,0.110,0.087
0.000000000,58.882,1.288,0.084,0.000,-2.838,-162.579,22.797,6.255,12.510,0.000,122.56,206.85,0.110,0.087
0.000000000,58.980,1.286,0.084,0.000,-2.855,-163.585,22.837,6.569,13.139,0.000,128.72,213.04,0.314,0.110
0.000000000,59.081,1.281,0.084,0.000,-2.887,-165.424,22.918,6.569,13.139,0.000,128.72,213.04,0.314,0.110
0.000000000,59.180,1.278,0.084,0.000,-2.909,-166.670,22.978,6.569,13.139,0.000,128.72,213.04,0.314,0.110
0.000000000,59.280,1.275,0.084,0.000,-2.932,-168.011,23.048,6.569,13.139,0.000,128.72,213.04,0.314,0.110
0.000000000,59.383,1.275,0.084,0.000,-2.948,-168.917,23.099,6.569,13.139,0.000,128.72,213.04,0.314,0.110
0.000000000,59.480,1.274,0.085,0.000,-2.966,-169.967,23.159,6.569,13.139,0.000,128.72,213.04,0.314,0.110
0.000000000,59.581,1.275,0.085,0.000,-2.984,-170.991,23.219,6.569,13.139,0.000,128.72,213.04,0.314,0.110
0.000000000,59.681,1.275,0.085,0.000,-2.999,-171.825,23.269,6.569,13.139,0.000,128.72,213.04,0.314,0.110
0.000000000,59.781,1.276,0.085,0.000,-3.019,-172.960,23.339,6.569,13.139,0.000,128.72,213.04,0.314,0.110
0.000000000,59.880,1.276,0.085,0.000,-3.035,-173.889,23.399,6.569,13.139,0.000,128.72,213.04,0.314,0.110
0.000000000,59.981,1.276,0.086,0.000,-3.050,-174.765,23.459,6.857,13.715,0.000,134.36,222.92,0.288,0.127
0.000000000,60.080,1.277,0.086,0.000,-3.067,-175.722,23.529,6.857,13.715,0.000,134.36,222.92,0.288,0.127
0.000000000,60.181,1.277,0.086,0.000,-3.080,-176.478,23.589,6.857,13.715,0.000,134.36,222.92,0.288,0.127
0.000000000,60.284,1.277,0.086,0.000,-3.090,-177.056,23.639,6.857,13.715,0.000,134.36,222.92,0.288,0.127
0.000000000,60.380,1.277,0.086,0.000,-3.094,-177.273,23.659,6.857,13.715,0.000,134.36,222.92,0.288,0.127
0.000000000,60.482,1.276,0.086,0.000,-3.101,-177.678,23.699,6.857,13.715,0.000,134.36,222.92,0.288,0.127
0.000000000,60.584,1.276,0.087,0.000,-3.111,-178.219,23.759,6.857,13.715,0.000,134.36,222.92,0.288,0.127
0.000000000,60.681,1.276,0.087,0.000,-3.119,-178.678,23.820,6.857,13.715,0.000,134.36,222.92,0.288,0.127
0.000000000,60.782,1.276,0.087,0.000,-3.124,-178.997,23.870,6.857,13.715,0.000,134.36,222.92,0.288,0.127
0.000000000,60.880,1.276,0.087,0.000,-3.129,-179.264,23.920,6.857,13.715,0.000,134.36,222.92,0.288,0.127
0.000000000,60.981,1.276,0.087,0.000,-3.133,-179.484,23.971,6.929,13.858,0.000,135.76,224.41,0.071,0.122
0.000000000,61.081,1.276,0.087,0.000,-3.135,-179.594,24.001,6.929,13.858,0.000,135.76,224.41,0.071,0.122
0.000000000,61.183,1.276,0.087,0.000,-3.138,-179.777,24.062,6.929,13.858,0.000,135.76,224.41,0.071,0.122
0.000000000,61.280,1.276,0.087,0.000,-3.139,-179.827,24.082,6.929,13.858,0.000,135.76,224.41,0.071,0.122
0.000000000,61.380,1.277,0.088,0.000,-3.140,-179.929,24.132,6.929,13.858,0.000,135.76,224.41,0.071,0.122
0.000000000,61.481,1.278,0.088,0.000,-3.141,-179.962,24.153,6.929,13.858,0.000,135.76,224.41,0.071,0.122
0.000000000,61.580,1.280,0.088,0.000,3.141,179.971,24.203,6.929,13.858,0.000,135.76,224.41,0.071,0.122
0.000000000,61.681,1.282,0.088,0.000,3.140,179.931,24.244,6.929,13.858,0.000,135.76,224.41,0.071,0.122
0.000000000,61.780,1.285,0.088,0.000,3.140,179.905,24.295,6.929,13.858,0.000,135.76,224.41,0.071,0.122
0.000000000,61.881,1.287,0.088,0.000,3.140,179.906,24.335,6.929,13.858,0.000,135.76,224.41,0.071,0.122
0.000000000,61.981,1.288,0.088,0.000,3.140,179.933,24.376,7.025,14.049,0.000,137.64,228.38,0.096,0.119
0.000000000,62.091,1.289,0.088,0.000,3.141,179.972,24.407,7.025,14.049,0.000,137.64,228.38,0.096,0.119
0.000000000,62.182,1.289,0.089,0.000,-3.140,-179.916,24.458,7.025,14.049,0.000,137.64,228.38,0.096,0.119
0.000000000,62.285,1.288,0.089,0.000,-3.138,-179.817,24.489,7.025,14.049,0.000,137.64,228.38,0.096,0.119
0.000000000,62.380,1.287,0.089,0.000,-3.136,-179.690,24.520,7.025,14.049,0.000,137.64,228.38,0.096,0.119
0.000000000,62.481,1.284,0.089,0.000,-3.132,-179.472,24.561,7.025,14.049,0.000,137.64,228.38,0.096,0.119
0.000000000,62.581,1.279,0.089,0.000,-3.128,-179.194,24.602,7.025,14.049,0.000,137.64,228.38,0.096,0.119
0.000000000,62.680,1.276,0.089,0.000,-3.125,-179.031,24.623,7.025,14.049,0.000,137.64,228.38,0.096,0.119
0.000000000,62.781,1.268,0.089,0.000,-3.118,-178.652,24.664,7.025,14.049,0.000,137.64,228.38,0.096,0.119
0.000000000,62.881,1.262,0.089,0.000,-3.112,-178.326,24.694,7.025,14.049,0.000,137.64,228.38,0.096,0.119
0.000000000,62.985,1.255,0.089,0.000,-3.106,-177.963,24.725,7.102,14.205,0.000,139.16,231.69,0.078,0.115
0.000000000,63.081,1.251,0.089,0.000,-3.102,-177.703,24.745,7.102,14.205,0.000,139.16,231.69,0.078,0.115
0.000000000,63.181,1.240,0.089,0.000,-3.089,-177.004,24.795,7.102,14.205,0.000,139.16,231.69,0.078,0.115
0.000000000,63.281,1.237,0.089,0.000,-3.087,-176.856,24.805,7.102,14.205,0.000,139.16,231.69,0.078,0.115
0.000000000,63.380,1.230,0.090,0.000,-3.076,-176.253,24.845,7.102,14.205,0.000,139.16,231.69,0.078,0.115
0.000000000,63.481,1.223,0.090,0.000,-3.065,-175.640,24.884,7.102,14.205,0.000,139.16,231.69,0.078,0.115
0.000000000,63.581,1.221,0.090,0.000,-3.060,-175.335,24.903,7.102,14.205,0.000,139.16,231.69,0.078,0.115
0.000000000,63.681,1.220,0.090,0.000,-3.058,-175.184,24.913,7.102,14.205,0.000,139.16,231.69,0.078,0.115
0.000000000,63.781,1.216,0.090,0.000,-3.047,-174.597,24.952,7.102,14.205,0.000,139.16,231.69,0.078,0.115
0.000000000,63.881,1.215,0.090,0.000,-3.040,-174.177,24.981,7.102,14.205,0.000,139.16,231.69,0.078,0.115
0.000000000,63.981,1.214,0.090,0.000,-3.033,-173.784,25.010,7.170,14.339,0.000,140.48,229.28,0.067,0.110
0.000000000,64.083,1.216,0.090,0.000,-3.023,-173.197,25.059,7.170,14.339,0.000,140.48,229.28,0.067,0.110
0.000000000,64.180,1.217,0.090,0.000,-3.019,-172.988,25.078,7.170,14.339,0.000,140.48,229.28,0.067,0.110
0.000000000,64.282,1.228,0.090,0.000,-3.007,-172.278,25.161,7.170,14.339,0.000,140.48,229.28,0.067,0.110
0.000000000,64.380,1.237,0.091,0.000,-3.002,-171.990,25.210,7.170,14.339,0.000,140.48,229.28,0.067,0.110
0.000000000,64.480,1.246,0.091,0.000,-2.998,-171.789,25.259,7.170,14.339,0.000,140.48,229.28,0.067,0.110
0.000000000,64.581,1.258,0.091,0.000,-2.996,-171.656,25.317,7.170,14.339,0.000,140.48,229.28,0.067,0.110
0.000000000,64.680,1.267,0.091,0.000,-2.995,-171.622,25.366,7.170,14.339,0.000,140.48,229.28,0.067,0.110
0.000000000,64.781,1.279,0.091,0.000,-2.996,-171.664,25.425,7.170,14.339,0.000,140.48,229.28,0.067,0.110
0.000000000,64.881,1.288,0.091,0.000,-2.998,-171.755,25.475,7.170,14.339,0.000,140.48,229.28,0.067,0.110
0.000000000,64.981,1.296,0.091,0.000,-3.000,-171.888,25.526,7.270,14.539,0.000,142.44,233.27,0.100,0.109
0.000000000,65.081,1.307,0.092,0.000,-3.004,-172.128,25.598,7.270,14.539,0.000,142.44,233.27,0.100,0.109
0.000000000,65.183,1.311,0.092,0.000,-3.006,-172.246,25.629,7.270,14.539,0.000,142.44,233.27,0.100,0.109
0.000000000,65.281,1.320,0.092,0.000,-3.012,-172.547,25.702,7.270,14.539,0.000,142.44,233.27,0.100,0.109
0.000000000,65.381,1.327,0.092,0.000,-3.016,-172.822,25.766,7.270,14.539,0.000,142.44,233.27,0.100,0.109
0.000000000,65.481,1.332,0.092,0.000,-3.020,-173.058,25.819,7.270,14.539,0.000,142.44,233.27,0.100,0.109
0.000000000,65.581,1.336,0.093,0.000,-3.025,-173.345,25.883,7.270,14.539,0.000,142.44,233.27,0.100,0.109
0.000000000,65.681,1.340,0.093,0.000,-3.030,-173.635,25.948,7.270,14.539,0.000,142.44,233.27,0.100,0.109
0.000000000,65.781,1.343,0.093,0.000,-3.035,-173.875,26.002,7.270,14.539,0.000,142.44,233.27,0.100,0.109
0.000000000,65.881,1.345,0.093,0.000,-3.040,-174.161,26.067,7.270,14.539,0.000,142.44,233.27,0.100,0.109
0.000000000,65.981,1.346,0.093,0.000,-3.045,-174.488,26.144,7.345,14.691,0.000,143.92,234.69,0.076,0.106
0.000000000,66.081,1.345,0.094,0.000,-3.049,-174.714,26.199,7.345,14.691,0.000,143.92,234.69,0.076,0.106
0.000000000,66.180,1.344,0.094,0.000,-3.053,-174.929,26.253,7.345,14.691,0.000,143.92,234.69,0.076,0.106
0.000000000,66.281,1.342,0.094,0.000,-3.056,-175.122,26.308,7.345,14.691,0.000,143.92,234.69,0.076,0.106
0.000000000,66.381,1.339,0.094,0.000,-3.059,-175.285,26.363,7.345,14.691,0.000,143.92,234.69,0.076,0.106
0.000000000,66.481,1.332,0.094,0.000,-3.062,-175.423,26.429,7.345,14.691,0.000,143.92,234.69,0.076,0.106
0.000000000,66.581,1.323,0.094,0.000,-3.063,-175.483,26.494,7.345,14.691,0.000,143.92,234.69,0.076,0.106
0.000000000,66.681,1.315,0.095,0.000,-3.063,-175.472,26.548,7.345,14.691,0.000,143.92,234.69,0.076,0.106
0.000000000,66.780,1.305,0.095,0.000,-3.062,-175.411,26.601,7.345,14.691,0.000,143.92,234.69,0.076,0.106
0.000000000,66.881,1.295,0.095,0.000,-3.060,-175.313,26.654,7.345,14.691,0.000,143.92,234.69,0.076,0.106
0.000000000,66.981,1.282,0.095,0.000,-3.057,-175.141,26.727,7.441,14.882,0.000,145.80,232.47,0.096,0.105
0.000000000,67.089,1.269,0.095,0.000,-3.054,-174.976,26.799,7.441,14.882,0.000,145.80,232.47,0.096,0.105
0.000000000,67.181,1.263,0.095,0.000,-3.053,-174.898,26.839,7.441,14.882,0.000,145.80,232.47,0.096,0.105
0.000000000,67.281,1.254,0.096,0.000,-3.051,-174.817,26.900,7.441,14.882,0.000,145.80,232.47,0.096,0.105
0.000000000,67.380,1.248,0.096,0.000,-3.051,-174.789,26.940,7.441,14.882,0.000,145.80,232.47,0.096,0.105
0.000000000,67.480,1.240,0.096,0.000,-3.051,-174.793,27.009,7.441,14.882,0.000,145.80,232.47,0.096,0.105
0.000000000,67.581,1.235,0.096,0.000,-3.051,-174.833,27.059,7.441,14.882,0.000,145.80,232.47,0.096,0.105
0.000000000,67.681,1.231,0.096,0.000,-3.053,-174.917,27.118,7.441,14.882,0.000,145.80,232.47,0.096,0.105
0.000000000,67.780,1.228,0.096,0.000,-3.055,-175.035,27.177,7.441,14.882,0.000,145.80,232.47,0.096,0.105
0.000000000,67.880,1.227,0.097,0.000,-3.057,-175.153,27.226,7.441,14.882,0.000,145.80,232.47,0.096,0.105
0.000000000,67.981,1.226,0.097,0.000,-3.059,-175.286,27.275,7.560,15.119,0.000,148.12,231.84,0.118,0.106
0.000000000,68.081,1.226,0.097,0.000,-3.062,-175.458,27.334,7.560,15.119,0.000,148.12,231.84,0.118,0.106
0.000000000,68.180,1.228,0.097,0.000,-3.065,-175.640,27.393,7.560,15.119,0.000,148.12,231.84,0.118,0.106
0.000000000,68.281,1.229,0.097,0.000,-3.069,-175.827,27.452,7.560,15.119,0.000,148.12,231.84,0.118,0.106
0.000000000,68.381,1.231,0.097,0.000,-3.072,-175.984,27.502,7.560,15.119,0.000,148.12,231.84,0.118,0.106
0.000000000,68.482,1.235,0.098,0.000,-3.075,-176.172,27.561,7.560,15.119,0.000,148.12,231.84,0.118,0.106
0.000000000,68.585,1.238,0.098,0.000,-3.078,-176.358,27.621,7.560,15.119,0.000,148.12,231.84,0.118,0.106
0.000000000,68.681,1.241,0.098,0.000,-3.081,-176.510,27.671,7.560,15.119,0.000,148.12,231.84,0.118,0.106
0.000000000,68.781,1.243,0.098,0.000,-3.083,-176.661,27.720,7.560,15.119,0.000,148.12,231.84,0.118,0.106
0.000000000,68.881,1.247,0.098,0.000,-3.087,-176.864,27.790,7.560,15.119,0.000,148.12,231.84,0.118,0.106
0.000000000,68.981,1.250,0.098,0.000,-3.090,-177.032,27.851,7.641,15.283,0.000,149.72,238.19,0.082,0.104
0.000000000,69.080,1.253,0.099,0.000,-3.093,-177.195,27.911,7.641,15.283,0.000,149.72,238.19,0.082,0.104
0.000000000,69.181,1.255,0.099,0.000,-3.095,-177.326,27.961,7.641,15.283,0.000,149.72,238.19,0.082,0.104
0.000000000,69.280,1.258,0.099,0.000,-3.098,-177.477,28.022,7.641,15.283,0.000,149.72,238.19,0.082,0.104
0.000000000,69.381,1.261,0.099,0.000,-3.100,-177.622,28.083,7.641,15.283,0.000,149.72,238.19,0.082,0.104
0.000000000,69.481,1.264,0.099,0.000,-3.102,-177.738,28.133,7.641,15.283,0.000,149.72,238.19,0.082,0.104
0.000000000,69.592,1.265,0.099,0.000,-3.103,-177.784,28.154,7.641,15.283,0.000,149.72,238.19,0.082,0.104
0.000000000,69.681,1.266,0.099,0.000,-3.104,-177.850,28.184,7.641,15.283,0.000,149.72,238.19,0.082,0.104
0.000000000,69.781,1.268,0.099,0.000,-3.105,-177.917,28.215,7.641,15.283,0.000,149.72,238.19,0.082,0.104
0.000000000,69.880,1.271,0.100,0.000,-3.107,-178.025,28.266,7.641,15.283,0.000,149.72,238.19,0.082,0.104
0.000000000,69.980,1.274,0.100,0.000,-3.109,-178.132,28.317,7.745,15.491,0.000,151.76,237.46,0.104,0.104
0.000000000,70.081,1.280,0.100,0.000,-3.112,-178.297,28.399,7.745,15.491,0.000,151.76,237.46,0.104,0.104
0.000000000,70.180,1.283,0.100,0.000,-3.113,-178.378,28.440,7.745,15.491,0.000,151.76,237.46,0.104,0.104
0.000000000,70.281,1.288,0.100,0.000,-3.115,-178.473,28.491,7.745,15.491,0.000,151.76,237.46,0.104,0.104
0.000000000,70.380,1.295,0.100,0.000,-3.117,-178.581,28.553,7.745,15.491,0.000,151.76,237.46,0.104,0.104
0.000000000,70.482,1.301,0.101,0.000,-3.118,-178.665,28.605,7.745,15.491,0.000,151.76,237.46,0.104,0.104
0.000000000,70.580,1.308,0.101,0.000,-3.120,-178.758,28.667,7.745,15.491,0.000,151.76,237.46,0.104,0.104
0.000000000,70.681,1.314,0.101,0.000,-3.121,-178.845,28.730,7.745,15.491,0.000,151.76,237.46,0.104,0.104
0.000000000,70.781,1.319,0.101,0.000,-3.123,-178.914,28.782,7.745,15.491,0.000,151.76,237.46,0.104,0.104
0.000000000,70.880,1.322,0.101,0.000,-3.124,-178.979,28.835,7.745,15.491,0.000,151.76,237.46,0.104,0.104
0.000000000,70.980,1.326,0.101,0.000,-3.125,-179.064,28.908,7.837,15.675,0.000,153.56,239.22,0.092,0.103
0.000000000,71.081,1.327,0.102,0.000,-3.126,-179.100,28.940,7.837,15.675,0.000,153.56,239.22,0.092,0.103
0.000000000,71.181,1.327,0.102,0.000,-3.127,-179.169,29.003,7.837,15.675,0.000,153.56,239.22,0.092,0.103
0.000000000,71.280,1.327,0.102,0.000,-3.128,-179.249,29.076,7.837,15.675,0.000,153.56,239.22,0.092,0.103
0.000000000,71.381,1.327,0.102,0.000,-3.129,-179.294,29.118,7.837,15.675,0.000,153.56,239.22,0.092,0.103
0.000000000,71.480,1.328,0.102,0.000,-3.131,-179.371,29.192,7.837,15.675,0.000,153.56,239.22,0.092,0.103
0.000000000,71.580,1.329,0.102,0.000,-3.132,-179.425,29.244,7.837,15.675,0.000,153.56,239.22,0.092,0.103
0.000000000,71.680,1.331,0.103,0.000,-3.133,-179.500,29.318,7.837,15.675,0.000,153.56,239.22,0.092,0.103
0.000000000,71.780,1.333,0.103,0.000,-3.134,-179.559,29.382,7.837,15.675,0.000,153.56,239.22,0.092,0.103
0.000000000,71.881,1.334,0.103,0.000,-3.135,-179.604,29.435,7.837,15.675,0.000,153.56,239.22,0.092,0.103
0.000000000,71.981,1.336,0.103,0.000,-3.135,-179.645,29.489,7.878,15.756,0.000,154.36,239.30,0.041,0.096
0.000000000,72.081,1.338,0.103,0.000,-3.136,-179.680,29.543,7.878,15.756,0.000,154.36,239.30,0.041,0.096
0.000000000,72.181,1.340,0.103,0.000,-3.136,-179.706,29.597,7.878,15.756,0.000,154.36,239.30,0.041,0.096
0.000000000,72.281,1.342,0.104,0.000,-3.137,-179.720,29.662,7.878,15.756,0.000,154.36,239.30,0.041,0.096
0.000000000,72.381,1.344,0.104,0.000,-3.136,-179.701,29.739,7.878,15.756,0.000,154.36,239.30,0.041,0.096
0.000000000,72.481,1.346,0.104,0.000,-3.136,-179.653,29.804,7.878,15.756,0.000,154.36,239.30,0.041,0.096
0.000000000,72.581,1.347,0.104,0.000,-3.134,-179.573,29.870,7.878,15.756,0.000,154.36,239.30,0.041,0.096
0.000000000,72.680,1.349,0.104,0.000,-3.132,-179.475,29.925,7.878,15.756,0.000,154.36,239.30,0.041,0.096
0.000000000,72.780,1.351,0.105,0.000,-3.129,-179.282,30.002,7.878,15.756,0.000,154.36,239.30,0.041,0.096
0.000000000,72.882,1.352,0.105,0.000,-3.126,-179.100,30.057,7.878,15.756,0.000,154.36,239.30,0.041,0.096
0.000000000,72.981,1.353,0.105,0.000,-3.122,-178.879,30.112,7.901,15.801,0.000,154.80,237.79,0.022,0.089
0.000000000,73.080,1.354,0.105,0.000,-3.116,-178.557,30.178,7.901,15.801,0.000,154.80,237.79,0.022,0.089
0.000000000,73.181,1.355,0.105,0.000,-3.110,-178.174,30.244,7.901,15.801,0.000,154.80,237.79,0.022,0.089
0.000000000,73.280,1.355,0.105,0.000,-3.105,-177.894,30.289,7.901,15.801,0.000,154.80,237.79,0.022,0.089
0.000000000,73.380,1.356,0.106,0.000,-3.097,-177.455,30.355,7.901,15.801,0.000,154.80,237.79,0.022,0.089
0.000000000,73.480,1.356,0.106,0.000,-3.089,-177.014,30.421,7.901,15.801,0.000,154.80,237.79,0.022,0.089
0.000000000,73.580,1.356,0.106,0.000,-3.083,-176.665,30.476,7.901,15.801,0.000,154.80,237.79,0.022,0.089
0.000000000,73.681,1.355,0.106,0.000,-3.078,-176.348,30.531,7.901,15.801,0.000,154.80,237.79,0.022,0.089
0.000000000,73.782,1.355,0.106,0.000,-3.073,-176.073,30.586,7.901,15.801,0.000,154.80,237.79,0.022,0.089
0.000000000,73.880,1.354,0.106,0.000,-3.068,-175.805,30.652,7.901,15.801,0.000,154.80,237.79,0.022,0.089
0.000000000,73.980,1.354,0.107,0.000,-3.065,-175.597,30.717,7.927,15.854,0.000,155.32,235.78,0.027,0.083
0.000000000,74.081,1.353,0.107,0.000,-3.062,-175.459,30.772,7.927,15.854,0.000,155.32,235.78,0.027,0.083
0.000000000,74.181,1.353,0.107,0.000,-3.060,-175.343,30.826,7.927,15.854,0.000,155.32,235.78,0.027,0.083
0.000000000,74.280,1.353,0.107,0.000,-3.059,-175.241,30.881,7.927,15.854,0.000,155.32,235.78,0.027,0.083
0.000000000,74.384,1.354,0.107,0.000,-3.056,-175.123,30.946,7.927,15.854,0.000,155.32,235.78,0.027,0.083
0.000000000,74.480,1.354,0.107,0.000,-3.054,-174.987,31.011,7.927,15.854,0.000,155.32,235.78,0.027,0.083
0.000000000,74.581,1.354,0.108,0.000,-3.051,-174.811,31.076,7.927,15.854,0.000,155.32,235.78,0.027,0.083
0.000000000,74.681,1.354,0.108,0.000,-3.048,-174.621,31.130,7.927,15.854,0.000,155.32,235.78,0.027,0.083
0.000000000,74.780,1.353,0.108,0.000,-3.043,-174.328,31.195,7.927,15.854,0.000,155.32,235.78,0.027,0.083
0.000000000,74.880,1.349,0.108,0.000,-3.035,-173.874,31.271,7.927,15.854,0.000,155.32,235.78,0.027,0.083
0.000000000,74.980,1.343,0.108,0.000,-3.024,-173.276,31.347,7.960,15.919,0.000,155.96,237.29,0.033,0.078
0.000000000,75.080,1.337,0.109,0.000,-3.015,-172.753,31.400,7.960,15.919,0.000,155.96,237.29,0.033,0.078
0.000000000,75.180,1.325,0.109,0.000,-3.000,-171.876,31.475,7.960,15.919,0.000,155.96,237.29,0.033,0.078
0.000000000,75.281,1.313,0.109,0.000,-2.984,-170.977,31.538,7.960,15.919,0.000,155.96,237.29,0.033,0.078
0.000000000,75.381,1.303,0.109,0.000,-2.969,-170.117,31.590,7.960,15.919,0.000,155.96,237.29,0.033,0.078
0.000000000,75.480,1.288,0.109,0.000,-2.945,-168.742,31.661,7.960,15.919,0.000,155.96,237.29,0.033,0.078
0.000000000,75.580,1.278,0.109,0.000,-2.926,-167.632,31.712,7.960,15.919,0.000,155.96,237.29,0.033,0.078
0.000000000,75.680,1.269,0.110,0.000,-2.905,-166.418,31.762,7.960,15.919,0.000,155.96,237.29,0.033,0.078
0.000000000,75.781,1.258,0.110,0.000,-2.872,-164.545,31.832,7.960,15.919,0.000,155.96,237.29,0.033,0.078
0.000000000,75.881,1.251,0.110,0.000,-2.847,-163.095,31.881,7.960,15.919,0.000,155.96,237.29,0.033,0.078
0.000000000,75.981,1.243,0.110,0.000,-2.814,-161.248,31.939,8.074,16.148,0.000,158.20,241.57,0.114,0.081
0.000000000,76.083,1.236,0.110,0.000,-2.780,-159.307,31.998,8.074,16.148,0.000,158.20,241.57,0.114,0.081
0.000000000,76.180,1.231,0.110,0.000,-2.751,-157.636,32.046,8.074,16.148,0.000,158.20,241.57,0.114,0.081
0.000000000,76.280,1.224,0.111,0.000,-2.716,-155.587,32.104,8.074,16.148,0.000,158.20,241.57,0.114,0.081
0.000000000,76.381,1.219,0.111,0.000,-2.691,-154.207,32.143,8.074,16.148,0.000,158.20,241.57,0.114,0.081
0.000000000,76.480,1.210,0.111,0.000,-2.655,-152.132,32.200,8.074,16.148,0.000,158.20,241.57,0.114,0.081
0.000000000,76.580,1.202,0.111,0.000,-2.625,-150.411,32.249,8.074,16.148,0.000,158.20,241.57,0.114,0.081
0.000000000,76.681,1.190,0.111,0.000,-2.584,-148.029,32.316,8.074,16.148,0.000,158.20,241.57,0.114,0.081
0.000000000,76.781,1.178,0.111,0.000,-2.549,-146.029,32.373,8.074,16.148,0.000,158.20,241.57,0.114,0.081
0.000000000,76.881,1.164,0.111,0.000,-2.515,-144.085,32.430,8.074,16.148,0.000,158.20,241.57,0.114,0.081
0.000000000,76.981,1.152,0.112,0.000,-2.487,-142.515,32.477,8.260,16.520,0.000,161.84,247.08,0.186,0.092
0.000000000,77.081,1.134,0.112,0.000,-2.456,-140.695,32.532,8.260,16.520,0.000,161.84,247.08,0.186,0.092
0.000000000,77.180,1.122,0.112,0.000,-2.435,-139.524,32.569,8.260,16.520,0.000,161.84,247.08,0.186,0.092
0.000000000,77.282,1.101,0.112,0.000,-2.406,-137.834,32.622,8.260,16.520,0.000,161.84,247.08,0.186,0.092
0.000000000,77.380,1.083,0.112,0.000,-2.382,-136.490,32.666,8.260,16.520,0.000,161.84,247.08,0.186,0.092
0.000000000,77.480,1.064,0.112,0.000,-2.360,-135.207,32.708,8.260,16.520,0.000,161.84,247.08,0.186,0.092
0.000000000,77.582,1.044,0.112,0.000,-2.338,-133.982,32.750,8.260,16.520,0.000,161.84,247.08,0.186,0.092
0.000000000,77.680,1.015,0.112,0.000,-2.310,-132.354,32.807,8.260,16.520,0.000,161.84,247.08,0.186,0.092
0.000000000,77.781,0.994,0.113,0.000,-2.291,-131.237,32.847,8.260,16.520,0.000,161.84,247.08,0.186,0.092
0.000000000,77.882,0.978,0.113,0.000,-2.275,-130.358,32.879,8.260,16.520,0.000,161.84,247.08,0.186,0.092
0.000000000,77.980,0.955,0.113,0.000,-2.252,-129.047,32.925,8.341,16.683,0.000,163.44,248.73,0.082,0.091
0.000000000,78.080,0.937,0.113,0.000,-2.233,-127.944,32.962,8.341,16.683,0.000,163.44,248.73,0.082,0.091
0.000000000,78.181,0.919,0.113,0.000,-2.213,-126.817,32.998,8.341,16.683,0.000,163.44,248.73,0.082,0.091
0.000000000,78.280,0.903,0.113,0.000,-2.193,-125.663,33.034,8.341,16.683,0.000,163.44,248.73,0.082,0.091
0.000000000,78.380,0.887,0.113,0.000,-2.173,-124.485,33.069,8.341,16.683,0.000,163.44,248.73,0.082,0.091
0.000000000,78.481,0.876,0.113,0.000,-2.156,-123.526,33.097,8.341,16.683,0.000,163.44,248.73,0.082,0.091
0.000000000,78.581,0.864,0.113,0.000,-2.139,-122.556,33.124,8.341,16.683,0.000,163.44,248.73,0.082,0.091
0.000000000,78.680,0.846,0.113,0.000,-2.113,-121.080,33.164,8.341,16.683,0.000,163.44,248.73,0.082,0.091
0.000000000,78.780,0.830,0.113,0.000,-2.087,-119.570,33.203,8.341,16.683,0.000,163.44,248.73,0.082,0.091
0.000000000,78.880,0.817,0.113,0.000,-2.064,-118.277,33.235,8.341,16.683,0.000,163.44,248.73,0.082,0.091
0.000000000,78.980,0.803,0.114,0.000,-2.032,-116.405,33.280,8.601,17.202,0.000,168.52,255.84,0.259,0.108
0.000000000,79.081,0.798,0.114,0.000,-2.017,-115.581,33.299,8.601,17.202,0.000,168.52,255.84,0.259,0.108
0.000000000,79.181,0.790,0.114,0.000,-1.983,-113.611,33.343,8.601,17.202,0.000,168.52,255.84,0.259,0.108
0.000000000,79.283,0.788,0.114,0.000,-1.963,-112.456,33.368,8.601,17.202,0.000,168.52,255.84,0.259,0.108
0.000000000,79.381,0.788,0.114,0.000,-1.927,-110.390,33.413,8.601,17.202,0.000,168.52,255.84,0.259,0.108
0.000000000,79.480,0.792,0.114,0.000,-1.900,-108.889,33.445,8.601,17.202,0.000,168.52,255.84,0.259,0.108
0.000000000,79.581,0.801,0.114,0.000,-1.863,-106.763,33.491,8.601,17.202,0.000,168.52,255.84,0.259,0.108
0.000000000,79.682,0.811,0.114,0.000,-1.837,-105.234,33.524,8.601,17.202,0.000,168.52,255.84,0.259,0.108
0.000000000,79.780,0.822,0.114,0.000,-1.810,-103.704,33.558,8.601,17.202,0.000,168.52,255.84,0.259,0.108
0.000000000,79.881,0.836,0.114,0.000,-1.783,-102.184,33.592,8.601,17.202,0.000,168.52,255.84,0.259,0.108
0.000000000,79.983,0.853,0.114,0.000,-1.752,-100.392,33.634,8.811,17.622,0.000,172.64,263.17,0.210,0.118
0.000000000,80.081,0.867,0.114,0.000,-1.727,-98.936,33.670,8.811,17.622,0.000,172.64,263.17,0.210,0.118
0.000000000,80.180,0.888,0.115,0.000,-1.692,-96.967,33.722,8.811,17.622,0.000,172.64,263.17,0.210,0.118
0.000000000,80.285,0.903,0.115,0.000,-1.669,-95.621,33.759,8.811,17.622,0.000,172.64,263.17,0.210,0.118
0.000000000,80.380,0.921,0.115,0.000,-1.642,-94.086,33.805,8.811,17.622,0.000,172.64,263.17,0.210,0.118
0.000000000,80.482,0.935,0.115,0.000,-1.621,-92.884,33.844,8.811,17.622,0.000,172.64,263.17,0.210,0.118
0.000000000,80.581,0.950,0.115,0.000,-1.602,-91.762,33.884,8.811,17.622,0.000,172.64,263.17,0.210,0.118
0.000000000,80.680,0.968,0.115,0.000,-1.580,-90.530,33.933,8.811,17.622,0.000,172.64,263.17,0.210,0.118
0.000000000,80.781,0.990,0.115,0.000,-1.558,-89.267,33.991,8.811,17.622,0.000,172.64,263.17,0.210,0.118
0.000000000,80.881,1.007,0.115,0.000,-1.544,-88.490,34.034,8.811,17.622,0.000,172.64,263.17,0.210,0.118
0.000000000,80.981,1.027,0.116,0.000,-1.531,-87.699,34.085,8.913,17.826,0.000,174.64,266.34,0.102,0.116
0.000000000,81.081,1.050,0.116,0.000,-1.520,-87.062,34.138,8.913,17.826,0.000,174.64,266.34,0.102,0.116
0.000000000,81.180,1.070,0.116,0.000,-1.512,-86.654,34.183,8.913,17.826,0.000,174.64,266.34,0.102,0.116
0.000000000,81.280,1.095,0.116,0.000,-1.506,-86.302,34.238,8.913,17.826,0.000,174.64,266.34,0.102,0.116
0.000000000,81.381,1.122,0.116,0.000,-1.503,-86.092,34.294,8.913,17.826,0.000,174.64,266.34,0.102,0.116
0.000000000,81.480,1.154,0.116,0.000,-1.501,-86.012,34.362,8.913,17.826,0.000,174.64,266.34,0.102,0.116
0.000000000,81.580,1.181,0.116,0.000,-1.502,-86.065,34.421,8.913,17.826,0.000,174.64,266.34,0.102,0.116
0.000000000,81.681,1.206,0.117,0.000,-1.505,-86.210,34.481,8.913,17.826,0.000,174.64,266.34,0.102,0.116
0.000000000,81.781,1.222,0.117,0.000,-1.507,-86.344,34.522,8.913,17.826,0.000,174.64,266.34,0.102,0.116
0.000000000,81.881,1.243,0.117,0.000,-1.511,-86.585,34.584,8.913,17.826,0.000,174.64,266.34,0.102,0.116
0.000000000,81.980,1.258,0.117,0.000,-1.515,-86.809,34.637,9.036,18.071,0.000,177.04,275.63,0.122,0.117
0.000000000,82.081,1.273,0.117,0.000,-1.519,-87.044,34.690,9.036,18.071,0.000,177.04,275.63,0.122,0.117
0.000000000,82.181,1.289,0.117,0.000,-1.524,-87.332,34.754,9.036,18.071,0.000,177.04,275.63,0.122,0.117
0.000000000,82.281,1.305,0.118,0.000,-1.530,-87.666,34.829,9.036,18.071,0.000,177.04,275.63,0.122,0.117
0.000000000,82.380,1.315,0.118,0.000,-1.534,-87.894,34.883,9.036,18.071,0.000,177.04,275.63,0.122,0.117
0.000000000,82.481,1.326,0.118,0.000,-1.539,-88.156,34.948,9.036,18.071,0.000,177.04,275.63,0.122,0.117
0.000000000,82.581,1.335,0.118,0.000,-1.543,-88.405,35.012,9.036,18.071,0.000,177.04,275.63,0.122,0.117
0.000000000,82.681,1.343,0.118,0.000,-1.547,-88.640,35.077,9.036,18.071,0.000,177.04,275.63,0.122,0.117
0.000000000,82.781,1.347,0.118,0.000,-1.550,-88.792,35.121,9.036,18.071,0.000,177.04,275.63,0.122,0.117
0.000000000,82.881,1.354,0.119,0.000,-1.554,-89.047,35.196,9.036,18.071,0.000,177.04,275.63,0.122,0.117
0.000000000,82.980,1.357,0.119,0.000,-1.557,-89.190,35.240,9.144,18.288,0.000,179.16,274.58,0.108,0.116
0.000000000,83.081,1.361,0.119,0.000,-1.560,-89.403,35.305,9.144,18.288,0.000,179.16,274.58,0.108,0.116
0.000000000,83.181,1.364,0.119,0.000,-1.563,-89.578,35.360,9.144,18.288,0.000,179.16,274.58,0.108,0.116
0.000000000,83.293,1.366,0.119,0.000,-1.567,-89.783,35.425,9.144,18.288,0.000,179.16,274.58,0.108,0.116
0.000000000,83.380,1.368,0.119,0.000,-1.570,-89.947,35.479,9.144,18.288,0.000,179.16,274.58,0.108,0.116
0.000000000,83.487,1.369,0.119,0.000,-1.573,-90.098,35.533,9.144,18.288,0.000,179.16,274.58,0.108,0.116
0.000000000,83.581,1.370,0.120,0.000,-1.575,-90.266,35.598,9.144,18.288,0.000,179.16,274.58,0.108,0.116
0.000000000,83.680,1.371,0.120,0.000,-1.578,-90.395,35.652,9.144,18.288,0.000,179.16,274.58,0.108,0.116
0.000000000,83.783,1.371,0.120,0.000,-1.580,-90.537,35.717,9.144,18.288,0.000,179.16,274.58,0.108,0.116
0.000000000,83.881,1.371,0.120,0.000,-1.582,-90.646,35.771,9.144,18.288,0.000,179.16,274.58,0.108,0.116
0.000000000,83.981,1.370,0.120,0.000,-1.584,-90.747,35.824,9.191,18.382,0.000,180.08,273.83,0.047,0.109
0.000000000,84.081,1.369,0.120,0.000,-1.586,-90.843,35.878,9.191,18.382,0.000,180.08,273.83,0.047,0.109
0.000000000,84.182,1.368,0.120,0.000,-1.587,-90.933,35.931,9.191,18.382,0.000,180.08,273.83,0.047,0.109
0.000000000,84.280,1.367,0.121,0.000,-1.588,-91.014,35.985,9.191,18.382,0.000,180.08,273.83,0.047,0.109
0.000000000,84.380,1.366,0.121,0.000,-1.590,-91.087,36.038,9.191,18.382,0.000,180.08,273.83,0.047,0.109
0.000000000,84.481,1.365,0.121,0.000,-1.591,-91.153,36.091,9.191,18.382,0.000,180.08,273.83,0.047,0.109
0.000000000,84.582,1.364,0.121,0.000,-1.592,-91.211,36.144,9.191,18.382,0.000,180.08,273.83,0.047,0.109
0.000000000,84.681,1.364,0.121,0.000,-1.593,-91.260,36.197,9.191,18.382,0.000,180.08,273.83,0.047,0.109
0.000000000,84.781,1.363,0.121,0.000,-1.594,-91.308,36.261,9.191,18.382,0.000,180.08,273.83,0.047,0.109
0.000000000,84.881,1.362,0.122,0.000,-1.594,-91.350,36.334,9.191,18.382,0.000,180.08,273.83,0.047,0.109
0.000000000,84.981,1.361,0.122,0.000,-1.595,-91.378,36.398,9.270,18.541,0.000,181.64,274.88,0.080,0.106
0.000000000,85.081,1.361,0.122,0.000,-1.595,-91.397,36.450,9.270,18.541,0.000,181.64,274.88,0.080,0.106
0.000000000,85.184,1.360,0.122,0.000,-1.595,-91.412,36.492,9.270,18.541,0.000,181.64,274.88,0.080,0.106
0.000000000,85.280,1.360,0.122,0.000,-1.596,-91.431,36.545,9.270,18.541,0.000,181.64,274.88,0.080,0.106
0.000000000,85.381,1.360,0.122,0.000,-1.596,-91.454,36.598,9.270,18.541,0.000,181.64,274.88,0.080,0.106
0.000000000,85.480,1.360,0.122,0.000,-1.597,-91.490,36.661,9.270,18.541,0.000,181.64,274.88,0.080,0.106
0.000000000,85.581,1.361,0.123,0.000,-1.598,-91.537,36.724,9.270,18.541,0.000,181.64,274.88,0.080,0.106
0.000000000,85.680,1.362,0.123,0.000,-1.598,-91.579,36.777,9.270,18.541,0.000,181.64,274.88,0.080,0.106
0.000000000,85.780,1.363,0.123,0.000,-1.599,-91.621,36.829,9.270,18.541,0.000,181.64,274.88,0.080,0.106
0.000000000,85.881,1.365,0.123,0.000,-1.600,-91.680,36.903,9.270,18.541,0.000,181.64,274.88,0.080,0.106
0.000000000,85.980,1.366,0.123,0.000,-1.601,-91.711,36.945,9.350,18.700,0.000,183.20,275.57,0.080,0.104
0.000000000,86.081,1.367,0.123,0.000,-1.602,-91.763,37.018,9.350,18.700,0.000,183.20,275.57,0.080,0.104
0.000000000,86.180,1.368,0.123,0.000,-1.602,-91.796,37.071,9.350,18.700,0.000,183.20,275.57,0.080,0.104
0.000000000,86.280,1.370,0.124,0.000,-1.603,-91.832,37.134,9.350,18.700,0.000,183.20,275.57,0.080,0.104
0.000000000,86.382,1.371,0.124,0.000,-1.603,-91.866,37.197,9.350,18.700,0.000,183.20,275.57,0.080,0.104
0.000000000,86.481,1.371,0.124,0.000,-1.604,-91.892,37.250,9.350,18.700,0.000,183.20,275.57,0.080,0.104
0.000000000,86.580,1.372,0.124,0.000,-1.604,-91.924,37.313,9.350,18.700,0.000,183.20,275.57,0.080,0.104
0.000000000,86.683,1.371,0.124,0.000,-1.605,-91.961,37.377,9.350,18.700,0.000,183.20,275.57,0.080,0.104
0.000000000,86.780,1.370,0.124,0.000,-1.606,-92.019,37.440,9.350,18.700,0.000,183.20,275.57,0.080,0.104
0.000000000,86.881,1.368,0.125,0.000,-1.608,-92.109,37.504,9.350,18.700,0.000,183.20,275.57,0.080,0.104
0.000000000,86.981,1.365,0.125,0.000,-1.610,-92.240,37.568,9.399,18.798,0.000,184.16,274.50,0.049,0.098
0.000000000,87.080,1.363,0.125,0.000,-1.612,-92.387,37.621,9.399,18.798,0.000,184.16,274.50,0.049,0.098
0.000000000,87.181,1.360,0.125,0.000,-1.616,-92.568,37.674,9.399,18.798,0.000,184.16,274.50,0.049,0.098
0.000000000,87.281,1.357,0.125,0.000,-1.619,-92.781,37.727,9.399,18.798,0.000,184.16,274.50,0.049,0.098
0.000000000,87.380,1.355,0.125,0.000,-1.623,-92.972,37.769,9.399,18.798,0.000,184.16,274.50,0.049,0.098
0.000000000,87.481,1.352,0.125,0.000,-1.626,-93.178,37.811,9.399,18.798,0.000,184.16,274.50,0.049,0.098
0.000000000,87.581,1.350,0.126,0.000,-1.631,-93.458,37.864,9.399,18.798,0.000,184.16,274.50,0.049,0.098
0.000000000,87.680,1.347,0.126,0.000,-1.637,-93.821,37.928,9.399,18.798,0.000,184.16,274.50,0.049,0.098
0.000000000,87.780,1.345,0.126,0.000,-1.644,-94.201,37.991,9.399,18.798,0.000,184.16,274.50,0.049,0.098
0.000000000,87.880,1.344,0.126,0.000,-1.650,-94.523,38.043,9.399,18.798,0.000,184.16,274.50,0.049,0.098
0.000000000,87.981,1.343,0.126,0.000,-1.658,-94.972,38.117,9.501,19.002,0.000,186.16,276.40,0.102,0.098
0.000000000,88.080,1.343,0.126,0.000,-1.662,-95.221,38.159,9.501,19.002,0.000,186.16,276.40,0.102,0.098
0.000000000,88.180,1.344,0.126,0.000,-1.667,-95.521,38.211,9.501,19.002,0.000,186.16,276.40,0.102,0.098
0.000000000,88.281,1.345,0.127,0.000,-1.672,-95.798,38.264,9.501,19.002,0.000,186.16,276.40,0.102,0.098
0.000000000,88.381,1.346,0.127,0.000,-1.675,-95.997,38.306,9.501,19.002,0.000,186.16,276.40,0.102,0.098
0.000000000,88.480,1.347,0.127,0.000,-1.679,-96.213,38.358,9.501,19.002,0.000,186.16,276.40,0.102,0.098
0.000000000,88.580,1.348,0.127,0.000,-1.682,-96.384,38.411,9.501,19.002,0.000,186.16,276.40,0.102,0.098
0.000000000,88.681,1.351,0.127,0.000,-1.685,-96.552,38.484,9.501,19.002,0.000,186.16,276.40,0.102,0.098
0.000000000,88.781,1.352,0.127,0.000,-1.686,-96.601,38.516,9.501,19.002,0.000,186.16,276.40,0.102,0.098
0.000000000,88.881,1.354,0.127,0.000,-1.687,-96.657,38.568,9.501,19.002,0.000,186.16,276.40,0.102,0.098
0.000000000,88.982,1.355,0.127,0.000,-1.687,-96.680,38.610,9.632,19.263,0.000,188.72,278.99,0.131,0.102
0.000000000,89.081,1.357,0.128,0.000,-1.687,-96.683,38.663,9.632,19.263,0.000,188.72,278.99,0.131,0.102
0.000000000,89.180,1.358,0.128,0.000,-1.687,-96.662,38.716,9.632,19.263,0.000,188.72,278.99,0.131,0.102
0.000000000,89.281,1.359,0.128,0.000,-1.686,-96.624,38.768,9.632,19.263,0.000,188.72,278.99,0.131,0.102
0.000000000,89.380,1.360,0.128,0.000,-1.686,-96.578,38.821,9.632,19.263,0.000,188.72,278.99,0.131,0.102
0.000000000,89.480,1.361,0.128,0.000,-1.685,-96.522,38.884,9.632,19.263,0.000,188.72,278.99,0.131,0.102
0.000000000,89.581,1.361,0.128,0.000,-1.684,-96.474,38.948,9.632,19.263,0.000,188.72,278.99,0.131,0.102
0.000000000,89.681,1.361,0.128,0.000,-1.683,-96.445,38.990,9.632,19.263,0.000,188.72,278.99,0.131,0.102
0.000000000,89.780,1.362,0.129,0.000,-1.683,-96.407,39.043,9.632,19.263,0.000,188.72,278.99,0.131,0.102
0.000000000,89.881,1.363,0.129,0.000,-1.682,-96.353,39.106,9.632,19.263,0.000,188.72,278.99,0.131,0.102
0.000000000,89.980,1.364,0.129,0.000,-1.681,-96.295,39.159,9.720,19.439,0.000,190.44,278.94,0.088,0.100
0.000000000,90.080,1.366,0.129,0.000,-1.679,-96.171,39.245,9.720,19.439,0.000,190.44,278.94,0.088,0.100
0.000000000,90.183,1.367,0.129,0.000,-1.678,-96.134,39.266,9.720,19.439,0.000,190.44,278.94,0.088,0.100
0.000000000,90.280,1.369,0.129,0.000,-1.676,-96.012,39.330,9.720,19.439,0.000,190.44,278.94,0.088,0.100
0.000000000,90.382,1.370,0.129,0.000,-1.675,-95.945,39.362,9.720,19.439,0.000,190.44,278.94,0.088,0.100
0.000000000,90.481,1.372,0.129,0.000,-1.672,-95.803,39.427,9.720,19.439,0.000,190.44,278.94,0.088,0.100
0.000000000,90.581,1.374,0.130,0.000,-1.670,-95.702,39.471,9.720,19.439,0.000,190.44,278.94,0.088,0.100
0.000000000,90.680,1.376,0.130,0.000,-1.668,-95.571,39.525,9.720,19.439,0.000,190.44,278.94,0.088,0.100
0.000000000,90.781,1.377,0.130,0.000,-1.666,-95.436,39.580,9.720,19.439,0.000,190.44,278.94,0.088,0.100
0.000000000,90.881,1.379,0.130,0.000,-1.663,-95.298,39.635,9.720,19.439,0.000,190.44,278.94,0.088,0.100
0.000000000,90.980,1.381,0.130,0.000,-1.661,-95.188,39.679,9.832,19.664,0.000,192.64,282.18,0.112,0.102
0.000000000,91.081,1.384,0.130,0.000,-1.658,-95.025,39.745,9.832,19.664,0.000,192.64,282.18,0.112,0.102
0.000000000,91.180,1.385,0.130,0.000,-1.657,-94.916,39.790,9.832,19.664,0.000,192.64,282.18,0.112,0.102
0.000000000,91.280,1.388,0.131,0.000,-1.654,-94.754,39.856,9.832,19.664,0.000,192.64,282.18,0.112,0.102
0.000000000,91.381,1.389,0.131,0.000,-1.651,-94.619,39.912,9.832,19.664,0.000,192.64,282.18,0.112,0.102
0.000000000,91.480,1.391,0.131,0.000,-1.648,-94.429,39.991,9.832,19.664,0.000,192.64,282.18,0.112,0.102
0.000000000,91.580,1.392,0.131,0.000,-1.646,-94.321,40.036,9.832,19.664,0.000,192.64,282.18,0.112,0.102
0.000000000,91.680,1.393,0.131,0.000,-1.644,-94.213,40.080,9.832,19.664,0.000,192.64,282.18,0.112,0.102
0.000000000,91.780,1.393,0.131,0.000,-1.642,-94.079,40.136,9.832,19.664,0.000,192.64,282.18,0.112,0.102
0.000000000,91.881,1.394,0.131,0.000,-1.639,-93.895,40.215,9.832,19.664,0.000,192.64,282.18,0.112,0.102
0.000000000,91.980,1.395,0.132,0.000,-1.636,-93.742,40.282,9.942,19.884,0.000,194.80,283.61,0.110,0.102
0.000000000,92.084,1.395,0.132,0.000,-1.634,-93.619,40.338,9.942,19.884,0.000,194.80,283.61,0.110,0.102
0.000000000,92.181,1.395,0.132,0.000,-1.632,-93.524,40.383,9.942,19.884,0.000,194.80,283.61,0.110,0.102
0.000000000,92.280,1.395,0.132,0.000,-1.631,-93.454,40.416,9.942,19.884,0.000,194.80,283.61,0.110,0.102
0.000000000,92.381,1.395,0.132,0.000,-1.629,-93.344,40.472,9.942,19.884,0.000,194.80,283.61,0.110,0.102
0.000000000,92.481,1.395,0.132,0.000,-1.627,-93.218,40.540,9.942,19.884,0.000,194.80,283.61,0.110,0.102
0.000000000,92.581,1.395,0.132,0.000,-1.625,-93.122,40.595,9.942,19.884,0.000,194.80,283.61,0.110,0.102
0.000000000,92.681,1.394,0.133,0.000,-1.624,-93.032,40.651,9.942,19.884,0.000,194.80,283.61,0.110,0.102
0.000000000,92.781,1.394,0.133,0.000,-1.622,-92.932,40.718,9.942,19.884,0.000,194.80,283.61,0.110,0.102
0.000000000,92.881,1.394,0.133,0.000,-1.621,-92.856,40.775,9.942,19.884,0.000,194.80,283.61,0.110,0.102
0.000000000,92.983,1.394,0.133,0.000,-1.620,-92.800,40.819,9.995,19.990,0.000,195.84,287.03,0.053,0.097
0.000000000,93.081,1.394,0.133,0.000,-1.619,-92.750,40.864,9.995,19.990,0.000,195.84,287.03,0.053,0.097
0.000000000,93.181,1.393,0.133,0.000,-1.618,-92.704,40.909,9.995,19.990,0.000,195.84,287.03,0.053,0.097
0.000000000,93.281,1.392,0.133,0.000,-1.617,-92.652,40.966,9.995,19.990,0.000,195.84,287.03,0.053,0.097
0.000000000,93.381,1.390,0.133,0.000,-1.616,-92.610,41.022,9.995,19.990,0.000,195.84,287.03,0.053,0.097
0.000000000,93.481,1.389,0.134,0.000,-1.616,-92.577,41.078,9.995,19.990,0.000,195.84,287.03,0.053,0.097
0.000000000,93.582,1.387,0.134,0.000,-1.615,-92.556,41.134,9.995,19.990,0.000,195.84,287.03,0.053,0.097
0.000000000,93.680,1.386,0.134,0.000,-1.615,-92.545,41.179,9.995,19.990,0.000,195.84,287.03,0.053,0.097
0.000000000,93.781,1.384,0.134,0.000,-1.615,-92.538,41.247,9.995,19.990,0.000,195.84,287.03,0.053,0.097
0.000000000,93.883,1.382,0.134,0.000,-1.615,-92.540,41.314,9.995,19.990,0.000,195.84,287.03,0.053,0.097
0.000000000,93.983,1.381,0.134,0.000,-1.615,-92.547,41.359,10.085,20.170,0.000,197.60,287.72,0.090,0.097
0.000000000,94.082,1.379,0.134,0.000,-1.615,-92.558,41.404,10.085,20.170,0.000,197.60,287.72,0.090,0.097
0.000000000,94.181,1.376,0.135,0.000,-1.616,-92.576,41.459,10.085,20.170,0.000,197.60,287.72,0.090,0.097
0.000000000,94.281,1.374,0.135,0.000,-1.616,-92.590,41.504,10.085,20.170,0.000,197.60,287.72,0.090,0.097
0.000000000,94.386,1.372,0.135,0.000,-1.616,-92.597,41.537,10.085,20.170,0.000,197.60,287.72,0.090,0.097
0.000000000,94.481,1.369,0.135,0.000,-1.616,-92.598,41.592,10.085,20.170,0.000,197.60,287.72,0.090,0.097
0.000000000,94.580,1.366,0.135,0.000,-1.616,-92.577,41.647,10.085,20.170,0.000,197.60,287.72,0.090,0.097
0.000000000,94.681,1.363,0.135,0.000,-1.615,-92.529,41.702,10.085,20.170,0.000,197.60,287.72,0.090,0.097
0.000000000,94.780,1.360,0.135,0.000,-1.614,-92.460,41.756,10.085,20.170,0.000,197.60,287.72,0.090,0.097
0.000000000,94.881,1.357,0.135,0.000,-1.612,-92.338,41.833,10.085,20.170,0.000,197.60,287.72,0.090,0.097
0.000000000,94.980,1.355,0.136,0.000,-1.609,-92.207,41.898,10.195,20.390,0.000,199.76,287.83,0.110,0.098
0.000000000,95.081,1.354,0.136,0.000,-1.607,-92.076,41.952,10.195,20.390,0.000,199.76,287.83,0.110,0.098
0.000000000,95.180,1.353,0.136,0.000,-1.604,-91.886,42.017,10.195,20.390,0.000,199.76,287.83,0.110,0.098
0.000000000,95.281,1.352,0.136,0.000,-1.600,-91.646,42.082,10.195,20.390,0.000,199.76,287.83,0.110,0.098
0.000000000,95.381,1.352,0.136,0.000,-1.593,-91.285,42.158,10.195,20.390,0.000,199.76,287.83,0.110,0.098
0.000000000,95.481,1.352,0.136,0.000,-1.586,-90.888,42.223,10.195,20.390,0.000,199.76,287.83,0.110,0.098
0.000000000,95.580,1.353,0.137,0.000,-1.578,-90.398,42.288,10.195,20.390,0.000,199.76,287.83,0.110,0.098
0.000000000,95.681,1.355,0.137,0.000,-1.568,-89.818,42.353,10.195,20.390,0.000,199.76,287.83,0.110,0.098
0.000000000,95.781,1.358,0.137,0.000,-1.558,-89.275,42.408,10.195,20.390,0.000,199.76,287.83,0.110,0.098
0.000000000,95.882,1.362,0.137,0.000,-1.544,-88.453,42.485,10.195,20.390,0.000,199.76,287.83,0.110,0.098
0.000000000,95.980,1.364,0.137,0.000,-1.535,-87.968,42.528,10.322,20.643,0.000,202.24,294.14,0.127,0.101
0.000000000,96.080,1.368,0.137,0.000,-1.521,-87.124,42.606,10.322,20.643,0.000,202.24,294.14,0.127,0.101
0.000000000,96.181,1.371,0.138,0.000,-1.511,-86.546,42.661,10.322,20.643,0.000,202.24,294.14,0.127,0.101
0.000000000,96.281,1.373,0.138,0.000,-1.499,-85.902,42.728,10.322,20.643,0.000,202.24,294.14,0.127,0.101
0.000000000,96.381,1.374,0.138,0.000,-1.489,-85.337,42.795,10.322,20.643,0.000,202.24,294.14,0.127,0.101
0.000000000,96.481,1.374,0.138,0.000,-1.482,-84.940,42.851,10.322,20.643,0.000,202.24,294.14,0.127,0.101
0.000000000,96.582,1.373,0.138,0.000,-1.476,-84.563,42.918,10.322,20.643,0.000,202.24,294.14,0.127,0.101
0.000000000,96.680,1.371,0.138,0.000,-1.473,-84.375,42.962,10.322,20.643,0.000,202.24,294.14,0.127,0.101
0.000000000,96.781,1.367,0.138,0.000,-1.469,-84.159,43.040,10.322,20.643,0.000,202.24,294.14,0.127,0.101
0.000000000,96.881,1.363,0.139,0.000,-1.467,-84.080,43.106,10.322,20.643,0.000,202.24,294.14,0.127,0.101
0.000000000,96.980,1.357,0.139,0.000,-1.468,-84.090,43.183,10.565,21.129,0.000,207.00,299.99,0.243,0.115
0.000000000,97.080,1.352,0.139,0.000,-1.469,-84.154,43.237,10.565,21.129,0.000,207.00,299.99,0.243,0.115
0.000000000,97.182,1.345,0.139,0.000,-1.471,-84.283,43.302,10.565,21.129,0.000,207.00,299.99,0.243,0.115
0.000000000,97.283,1.341,0.139,0.000,-1.473,-84.390,43.346,10.565,21.129,0.000,207.00,299.99,0.243,0.115
0.000000000,97.388,1.334,0.139,0.000,-1.476,-84.571,43.410,10.565,21.129,0.000,207.00,299.99,0.243,0.115
0.000000000,97.480,1.329,0.140,0.000,-1.479,-84.725,43.463,10.565,21.129,0.000,207.00,299.99,0.243,0.115
0.000000000,97.581,1.324,0.140,0.000,-1.481,-84.868,43.516,10.565,21.129,0.000,207.00,299.99,0.243,0.115
0.000000000,97.680,1.318,0.140,0.000,-1.484,-85.025,43.591,10.565,21.129,0.000,207.00,299.99,0.243,0.115
0.000000000,97.781,1.313,0.140,0.000,-1.485,-85.103,43.654,10.565,21.129,0.000,207.00,299.99,0.243,0.115
0.000000000,97.881,1.309,0.140,0.000,-1.485,-85.110,43.717,10.565,21.129,0.000,207.00,299.99,0.243,0.115
0.000000000,97.981,1.306,0.140,0.000,-1.484,-85.049,43.769,10.812,21.623,0.000,211.84,308.38,0.247,0.128
0.000000000,98.081,1.303,0.140,0.000,-1.482,-84.917,43.821,10.812,21.623,0.000,211.84,308.38,0.247,0.128
0.000000000,98.181,1.301,0.141,0.000,-1.478,-84.708,43.873,10.812,21.623,0.000,211.84,308.38,0.247,0.128
0.000000000,98.282,1.298,0.141,0.000,-1.473,-84.413,43.925,10.812,21.623,0.000,211.84,308.38,0.247,0.128
0.000000000,98.381,1.295,0.141,0.000,-1.462,-83.748,44.008,10.812,21.623,0.000,211.84,308.38,0.247,0.128
0.000000000,98.480,1.293,0.141,0.000,-1.454,-83.319,44.049,10.812,21.623,0.000,211.84,308.38,0.247,0.128
0.000000000,98.580,1.291,0.141,0.000,-1.443,-82.688,44.100,10.812,21.623,0.000,211.84,308.38,0.247,0.128
0.000000000,98.680,1.288,0.141,0.000,-1.427,-81.787,44.161,10.812,21.623,0.000,211.84,308.38,0.247,0.128
0.000000000,98.780,1.285,0.141,0.000,-1.415,-81.096,44.202,10.812,21.623,0.000,211.84,308.38,0.247,0.128
0.000000000,98.881,1.280,0.141,0.000,-1.391,-79.704,44.273,10.812,21.623,0.000,211.84,308.38,0.247,0.128
0.000000000,98.980,1.275,0.142,0.000,-1.375,-78.802,44.313,10.953,21.905,0.000,214.60,309.71,0.141,0.130
0.000000000,99.080,1.267,0.142,0.000,-1.349,-77.299,44.374,10.953,21.905,0.000,214.60,309.71,0.141,0.130
0.000000000,99.181,1.257,0.142,0.000,-1.320,-75.630,44.434,10.953,21.905,0.000,214.60,309.71,0.141,0.130
0.000000000,99.281,1.247,0.142,0.000,-1.294,-74.124,44.484,10.953,21.905,0.000,214.60,309.71,0.141,0.130
0.000000000,99.380,1.236,0.142,0.000,-1.266,-72.527,44.533,10.953,21.905,0.000,214.60,309.71,0.141,0.130
0.000000000,99.481,1.223,0.142,0.000,-1.237,-70.857,44.581,10.953,21.905,0.000,214.60,309.71,0.141,0.130
0.000000000,99.580,1.206,0.142,0.000,-1.200,-68.779,44.639,10.953,21.905,0.000,214.60,309.71,0.141,0.130
0.000000000,99.681,1.185,0.142,0.000,-1.163,-66.642,44.695,10.953,21.905,0.000,214.60,309.71,0.141,0.130
0.000000000,99.780,1.163,0.143,0.000,-1.125,-64.466,44.750,10.953,21.905,0.000,214.60,309.71,0.141,0.130
0.000000000,99.893,1.147,0.143,0.000,-1.100,-63.006,44.787,10.953,21.905,0.000,214.60,309.71,0.141,0.130
0.000000000,99.980,1.121,0.143,0.000,-1.062,-60.824,44.840,11.273,22.546,0.000,220.88,317.34,0.320,0.149
0.000000000,100.081,1.093,0.143,0.000,-1.024,-58.668,44.892,11.273,22.546,0.000,220.88,317.34,0.320,0.149
0.000000000,100.180,1.064,0.143,0.000,-0.987,-56.551,44.942,11.273,22.546,0.000,220.88,317.34,0.320,0.149
0.000000000,100.280,1.039,0.143,0.000,-0.957,-54.828,44.983,11.273,22.546,0.000,220.88,317.34,0.320,0.149
0.000000000,100.381,1.013,0.143,0.000,-0.928,-53.152,45.022,11.273,22.546,0.000,220.88,317.34,0.320,0.149
0.000000000,100.480,0.987,0.143,0.000,-0.899,-51.533,45.061,11.273,22.546,0.000,220.88,317.34,0.320,0.149
0.000000000,100.580,0.949,0.143,0.000,-0.862,-49.367,45.113,11.273,22.546,0.000,220.88,317.34,0.320,0.149
0.000000000,100.682,0.923,0.143,0.000,-0.836,-47.894,45.148,11.273,22.546,0.000,220.88,317.34,0.320,0.149
0.000000000,100.781,0.895,0.144,0.000,-0.811,-46.488,45.183,11.273,22.546,0.000,220.88,317.34,0.320,0.149
0.000000000,100.881,0.862,0.144,0.000,-0.783,-44.885,45.223,11.273,22.546,0.000,220.88,317.34,0.320,0.149
0.000000000,100.980,0.833,0.144,0.000,-0.761,-43.624,45.256,11.720,23.440,0.000,229.64,329.51,0.447,0.178
0.000000000,101.080,0.804,0.144,0.000,-0.740,-42.425,45.287,11.720,23.440,0.000,229.64,329.51,0.447,0.178
0.000000000,101.180,0.791,0.144,0.000,-0.732,-41.961,45.299,11.720,23.440,0.000,229.64,329.51,0.447,0.178
0.000000000,101.280,0.744,0.144,0.000,-0.705,-40.389,45.340,11.720,23.440,0.000,229.64,329.51,0.447,0.178
0.000000000,101.381,0.700,0.144,0.000,-0.682,-39.073,45.373,11.720,23.440,0.000,229.64,329.51,0.447,0.178
0.000000000,101.480,0.652,0.144,0.000,-0.659,-37.764,45.404,11.720,23.440,0.000,229.64,329.51,0.447,0.178
0.000000000,101.581,0.603,0.144,0.000,-0.636,-36.435,45.433,11.720,23.440,0.000,229.64,329.51,0.447,0.178
0.000000000,101.681,0.561,0.144,0.000,-0.616,-35.298,45.455,11.720,23.440,0.000,229.64,329.51,0.447,0.178
0.000000000,101.781,0.504,0.144,0.000,-0.587,-33.639,45.482,11.720,23.440,0.000,229.64,329.51,0.447,0.178
0.000000000,101.881,0.458,0.144,0.000,-0.561,-32.128,45.503,11.720,23.440,0.000,229.64,329.51,0.447,0.178
0.000000000,101.981,0.429,0.144,0.000,-0.542,-31.069,45.516,11.883,23.767,0.000,232.84,334.67,0.163,0.177
0.000000000,102.080,0.391,0.144,0.000,-0.513,-29.399,45.533,11.883,23.767,0.000,232.84,334.67,0.163,0.177
0.000000000,102.181,0.364,0.144,0.000,-0.487,-27.931,45.546,11.883,23.767,0.000,232.84,334.67,0.163,0.177
0.000000000,102.281,0.337,0.144,0.000,-0.455,-26.098,45.560,11.883,23.767,0.000,232.84,334.67,0.163,0.177
0.000000000,102.380,0.318,0.144,0.000,-0.428,-24.525,45.571,11.883,23.767,0.000,232.84,334.67,0.163,0.177
0.000000000,102.481,0.299,0.144,0.000,-0.395,-22.607,45.584,11.883,23.767,0.000,232.84,334.67,0.163,0.177
0.000000000,102.581,0.283,0.144,0.000,-0.361,-20.685,45.595,11.883,23.767,0.000,232.84,334.67,0.163,0.177
0.000000000,102.681,0.274,0.144,0.000,-0.339,-19.409,45.603,11.883,23.767,0.000,232.84,334.67,0.163,0.177
0.000000000,102.782,0.260,0.144,0.000,-0.300,-17.202,45.615,11.883,23.767,0.000,232.84,334.67,0.163,0.177
0.000000000,102.880,0.254,0.144,0.000,-0.273,-15.651,45.624,11.883,23.767,0.000,232.84,334.67,0.163,0.177
0.000000000,102.982,0.248,0.144,0.000,-0.241,-13.827,45.635,12.184,24.367,0.000,238.72,345.29,0.300,0.189
0.000000000,103.081,0.245,0.144,0.000,-0.210,-12.046,45.647,12.184,24.367,0.000,238.72,345.29,0.300,0.189
0.000000000,103.180,0.245,0.144,0.000,-0.195,-11.172,45.652,12.184,24.367,0.000,238.72,345.29,0.300,0.189
0.000000000,103.280,0.247,0.144,0.000,-0.160,-9.174,45.666,12.184,24.367,0.000,238.72,345.29,0.300,0.189
0.000000000,103.381,0.249,0.144,0.000,-0.136,-7.781,45.677,12.184,24.367,0.000,238.72,345.29,0.300,0.189
0.000000000,103.481,0.253,0.144,0.000,-0.112,-6.420,45.687,12.184,24.367,0.000,238.72,345.29,0.300,0.189
0.000000000,103.581,0.259,0.144,0.000,-0.084,-4.833,45.701,12.184,24.367,0.000,238.72,345.29,0.300,0.189
0.000000000,103.681,0.264,0.144,0.000,-0.062,-3.545,45.712,12.184,24.367,0.000,238.72,345.29,0.300,0.189
0.000000000,103.781,0.273,0.144,0.000,-0.035,-2.032,45.726,12.184,24.367,0.000,238.72,345.29,0.300,0.189
0.000000000,103.880,0.282,0.144,0.000,-0.014,-0.785,45.739,12.184,24.367,0.000,238.72,345.29,0.300,0.189
0.000000000,103.981,0.292,0.144,0.000,0.004,0.214,45.749,12.414,24.829,0.000,243.24,344.78,0.231,0.193
0.000000000,104.081,0.302,0.144,0.000,0.021,1.223,45.760,12.414,24.829,0.000,243.24,344.78,0.231,0.193
0.000000000,104.180,0.314,0.144,0.000,0.039,2.244,45.772,12.414,24.829,0.000,243.24,344.78,0.231,0.193
0.000000000,104.280,0.328,0.144,0.000,0.057,3.284,45.784,12.414,24.829,0.000,243.24,344.78,0.231,0.193
0.000000000,104.380,0.358,0.144,0.000,0.095,5.421,45.810,12.414,24.829,0.000,243.24,344.78,0.231,0.193
0.000000000,104.481,0.378,0.144,0.000,0.119,6.792,45.827,12.414,24.829,0.000,243.24,344.78,0.231,0.193
0.000000000,104.581,0.398,0.144,0.000,0.143,8.183,45.846,12.414,24.829,0.000,243.24,344.78,0.231,0.193
0.000000000,104.680,0.426,0.144,0.000,0.177,10.145,45.873,12.414,24.829,0.000,243.24,344.78,0.231,0.193
0.000000000,104.781,0.437,0.144,0.000,0.192,10.986,45.886,12.414,24.829,0.000,243.24,344.78,0.231,0.193
0.000000000,104.880,0.455,0.144,0.000,0.216,12.382,45.907,12.414,24.829,0.000,243.24,344.78,0.231,0.193
0.000000000,104.980,0.471,0.144,0.000,0.240,13.764,45.930,12.414,24.829,0.000,243.24,344.78,0.000,0.174
0.000000000,105.084,0.480,0.144,0.000,0.255,14.584,45.943,12.414,24.829,0.000,243.24,344.78,0.000,0.174
0.000000000,105.182,0.491,0.144,0.000,0.273,15.667,45.962,12.414,24.829,0.000,243.24,344.78,0.000,0.174
0.000000000,105.291,0.496,0.144,0.000,0.283,16.203,45.971,12.414,24.829,0.000,243.24,344.78,0.000,0.174
0.000000000,105.380,0.508,0.144,0.000,0.306,17.525,45.994,12.414,24.829,0.000,243.24,344.78,0.000,0.174
0.000000000,105.480,0.519,0.144,0.000,0.333,19.068,46.023,12.414,24.829,0.000,243.24,344.78,0.000,0.174
0.000000000,105.581,0.525,0.144,0.000,0.355,20.317,46.047,12.414,24.829,0.000,243.24,344.78,0.000,0.174
0.000000000,105.680,0.530,0.144,0.000,0.384,22.017,46.081,12.414,24.829,0.000,243.24,344.78,0.000,0.174
0.000000000,105.781,0.530,0.144,0.000,0.405,23.208,46.105,12.414,24.829,0.000,243.24,344.78,0.000,0.174
0.000000000,105.880,0.527,0.144,0.000,0.430,24.626,46.133,12.414,24.829,0.000,243.24,344.78,0.000,0.174
0.000000000,105.988,0.522,0.144,0.000,0.450,25.808,46.157,12.804,25.608,0.000,250.88,360.79,0.390,0.196
0.000000000,106.080,0.516,0.144,0.000,0.467,26.757,46.175,12.804,25.608,0.000,250.88,360.79,0.390,0.196
0.000000000,106.181,0.503,0.144,0.000,0.492,28.189,46.202,12.804,25.608,0.000,250.88,360.79,0.390,0.196
0.000000000,106.281,0.490,0.144,0.000,0.513,29.393,46.223,12.804,25.608,0.000,250.88,360.79,0.390,0.196
0.000000000,106.381,0.472,0.144,0.000,0.539,30.854,46.248,12.804,25.608,0.000,250.88,360.79,0.390,0.196
0.000000000,106.482,0.458,0.144,0.000,0.556,31.835,46.263,12.804,25.608,0.000,250.88,360.79,0.390,0.196
0.000000000,106.580,0.440,0.144,0.000,0.577,33.063,46.282,12.804,25.608,0.000,250.88,360.79,0.390,0.196
0.000000000,106.690,0.417,0.144,0.000,0.603,34.529,46.303,12.804,25.608,0.000,250.88,360.79,0.390,0.196
0.000000000,106.781,0.402,0.144,0.000,0.619,35.493,46.316,12.804,25.608,0.000,250.88,360.79,0.390,0.196
0.000000000,106.880,0.391,0.144,0.000,0.632,36.203,46.326,12.804,25.608,0.000,250.88,360.79,0.390,0.196
0.000000000,106.982,0.382,0.144,0.000,0.644,36.898,46.335,12.943,25.886,0.000,253.60,368.21,0.138,0.190
0.000000000,107.080,0.371,0.144,0.000,0.660,37.797,46.347,12.943,25.886,0.000,253.60,368.21,0.138,0.190
0.000000000,107.181,0.367,0.144,0.000,0.667,38.232,46.353,12.943,25.886,0.000,253.60,368.21,0.138,0.190
0.000000000,107.280,0.359,0.144,0.000,0.685,39.265,46.367,12.943,25.886,0.000,253.60,368.21,0.138,0.190
0.000000000,107.381,0.359,0.144,0.000,0.705,40.383,46.385,12.943,25.886,0.000,253.60,368.21,0.138,0.190
0.000000000,107.480,0.365,0.144,0.000,0.716,41.046,46.397,12.943,25.886,0.000,253.60,368.21,0.138,0.190
0.000000000,107.581,0.378,0.144,0.000,0.729,41.771,46.412,12.943,25.886,0.000,253.60,368.21,0.138,0.190
0.000000000,107.680,0.399,0.144,0.000,0.740,42.379,46.429,12.943,25.886,0.000,253.60,368.21,0.138,0.190
0.000000000,107.796,0.432,0.144,0.000,0.749,42.941,46.450,12.943,25.886,0.000,253.60,368.21,0.138,0.190
0.000000000,107.880,0.458,0.144,0.000,0.754,43.214,46.466,12.943,25.886,0.000,253.60,368.21,0.138,0.190
0.000000000,107.981,0.495,0.144,0.000,0.758,43.439,46.486,12.951,25.902,0.000,253.76,372.36,0.008,0.172
0.000000000,108.080,0.544,0.144,0.000,0.760,43.534,46.514,12.951,25.902,0.000,253.76,372.36,0.008,0.172
0.000000000,108.184,0.579,0.144,0.000,0.759,43.492,46.534,12.951,25.902,0.000,253.76,372.36,0.008,0.172
0.000000000,108.280,0.624,0.144,0.000,0.756,43.318,46.560,12.951,25.902,0.000,253.76,372.36,0.008,0.172
0.000000000,108.380,0.681,0.145,0.000,0.749,42.928,46.595,12.951,25.902,0.000,253.76,372.36,0.008,0.172
0.000000000,108.480,0.730,0.145,0.000,0.741,42.451,46.626,12.951,25.902,0.000,253.76,372.36,0.008,0.172
0.000000000,108.581,0.790,0.145,0.000,0.728,41.700,46.666,12.951,25.902,0.000,253.76,372.36,0.008,0.172
0.000000000,108.681,0.840,0.145,0.000,0.714,40.926,46.702,12.951,25.902,0.000,253.76,372.36,0.008,0.172
0.000000000,108.787,0.899,0.145,0.000,0.695,39.821,46.748,12.951,25.902,0.000,253.76,372.36,0.008,0.172
0.000000000,108.882,0.928,0.145,0.000,0.684,39.199,46.773,12.951,25.902,0.000,253.76,372.36,0.008,0.172
0.000000000,108.981,0.993,0.145,0.000,0.656,37.561,46.832,13.008,26.017,0.000,254.88,375.06,0.057,0.160
0.000000000,109.080,1.011,0.145,0.000,0.647,37.046,46.849,13.008,26.017,0.000,254.88,375.06,0.057,0.160
0.000000000,109.180,1.037,0.145,0.000,0.632,36.232,46.876,13.008,26.017,0.000,254.88,375.06,0.057,0.160
0.000000000,109.281,1.079,0.145,0.000,0.607,34.769,46.922,13.008,26.017,0.000,254.88,375.06,0.057,0.160
0.000000000,109.380,1.127,0.145,0.000,0.573,32.826,46.980,13.008,26.017,0.000,254.88,375.06,0.057,0.160
0.000000000,109.481,1.163,0.145,0.000,0.542,31.048,47.029,13.008,26.017,0.000,254.88,375.06,0.057,0.160
0.000000000,109.580,1.204,0.145,0.000,0.501,28.716,47.090,13.008,26.017,0.000,254.88,375.06,0.057,0.160
0.000000000,109.681,1.235,0.146,0.000,0.464,26.606,47.143,13.008,26.017,0.000,254.88,375.06,0.057,0.160
0.000000000,109.781,1.264,0.146,0.000,0.425,24.346,47.196,13.008,26.017,0.000,254.88,375.06,0.057,0.160
0.000000000,109.880,1.290,0.146,0.000,0.383,21.941,47.251,13.008,26.017,0.000,254.88,375.06,0.057,0.160
0.000000000,109.980,1.312,0.146,0.000,0.339,19.400,47.306,13.039,26.078,0.000,255.48,375.98,0.031,0.147
0.000000000,110.081,1.331,0.146,0.000,0.292,16.739,47.362,13.039,26.078,0.000,255.48,375.98,0.031,0.147
0.000000000,110.183,1.347,0.146,0.000,0.244,13.970,47.418,13.039,26.078,0.000,255.48,375.98,0.031,0.147
0.000000000,110.281,1.360,0.146,0.000,0.184,10.534,47.486,13.039,26.078,0.000,255.48,375.98,0.031,0.147
0.000000000,110.381,1.367,0.147,0.000,0.122,6.999,47.554,13.039,26.078,0.000,255.48,375.98,0.031,0.147
0.000000000,110.481,1.369,0.147,0.000,0.091,5.204,47.588,13.039,26.078,0.000,255.48,375.98,0.031,0.147
0.000000000,110.580,1.369,0.147,0.000,0.017,0.970,47.667,13.039,26.078,0.000,255.48,375.98,0.031,0.147
0.000000000,110.680,1.361,0.147,0.000,-0.057,-3.289,47.744,13.039,26.078,0.000,255.48,375.98,0.031,0.147
0.000000000,110.780,1.354,0.147,0.000,-0.100,-5.720,47.788,13.039,26.078,0.000,255.48,375.98,0.031,0.147
0.000000000,110.881,1.342,0.147,0.000,-0.153,-8.746,47.842,13.039,26.078,0.000,255.48,375.98,0.031,0.147
0.000000000,110.981,1.323,0.147,0.000,-0.215,-12.336,47.906,13.525,27.050,0.000,265.00,391.75,0.486,0.181
0.000000000,111.081,1.305,0.147,0.000,-0.267,-15.280,47.958,13.525,27.050,0.000,265.00,391.75,0.486,0.181
0.000000000,111.180,1.279,0.148,0.000,-0.327,-18.744,48.018,13.525,27.050,0.000,265.00,391.75,0.486,0.181
0.000000000,111.281,1.261,0.148,0.000,-0.367,-21.007,48.057,13.525,27.050,0.000,265.00,391.75,0.486,0.181
0.000000000,111.381,1.230,0.148,0.000,-0.424,-24.316,48.115,13.525,27.050,0.000,265.00,391.75,0.486,0.181
0.000000000,111.481,1.208,0.148,0.000,-0.462,-26.461,48.152,13.525,27.050,0.000,265.00,391.75,0.486,0.181
0.000000000,111.580,1.174,0.148,0.000,-0.516,-29.577,48.206,13.525,27.050,0.000,265.00,391.75,0.486,0.181
0.000000000,111.680,1.151,0.148,0.000,-0.551,-31.582,48.240,13.525,27.050,0.000,265.00,391.75,0.486,0.181
0.000000000,111.780,1.121,0.148,0.000,-0.594,-34.007,48.283,13.525,27.050,0.000,265.00,391.75,0.486,0.181
0.000000000,111.881,1.091,0.148,0.000,-0.634,-36.332,48.324,13.525,27.050,0.000,265.00,391.75,0.486,0.181
0.000000000,111.981,1.061,0.148,0.000,-0.673,-38.553,48.363,14.066,28.132,0.000,275.60,411.34,0.541,0.217
0.000000000,112.081,1.025,0.148,0.000,-0.717,-41.075,48.409,14.066,28.132,0.000,275.60,411.34,0.541,0.217
0.000000000,112.181,1.001,0.148,0.000,-0.745,-42.669,48.439,14.066,28.132,0.000,275.60,411.34,0.541,0.217
0.000000000,112.281,0.967,0.149,0.000,-0.784,-44.924,48.482,14.066,28.132,0.000,275.60,411.34,0.541,0.217
0.000000000,112.380,0.940,0.149,0.000,-0.815,-46.678,48.516,14.066,28.132,0.000,275.60,411.34,0.541,0.217
0.000000000,112.481,0.915,0.149,0.000,-0.843,-48.314,48.550,14.066,28.132,0.000,275.60,411.34,0.541,0.217
0.000000000,112.581,0.892,0.149,0.000,-0.870,-49.830,48.583,14.066,28.132,0.000,275.60,411.34,0.541,0.217
0.000000000,112.681,0.859,0.149,0.000,-0.908,-52.010,48.634,14.066,28.132,0.000,275.60,411.34,0.541,0.217
0.000000000,112.781,0.845,0.149,0.000,-0.925,-52.988,48.659,14.066,28.132,0.000,275.60,411.34,0.541,0.217
0.000000000,112.881,0.828,0.149,0.000,-0.948,-54.312,48.695,14.066,28.132,0.000,275.60,411.34,0.541,0.217
0.000000000,112.981,0.812,0.149,0.000,-0.971,-55.647,48.737,14.268,28.536,0.000,279.56,415.50,0.202,0.216
0.000000000,113.080,0.806,0.149,0.000,-0.983,-56.312,48.760,14.268,28.536,0.000,279.56,415.50,0.202,0.216
0.000000000,113.180,0.802,0.149,0.000,-0.993,-56.913,48.783,14.268,28.536,0.000,279.56,415.50,0.202,0.216
0.000000000,113.280,0.798,0.149,0.000,-1.005,-57.590,48.813,14.268,28.536,0.000,279.56,415.50,0.202,0.216
0.000000000,113.381,0.797,0.149,0.000,-1.018,-58.321,48.848,14.268,28.536,0.000,279.56,415.50,0.202,0.216
0.000000000,113.480,0.797,0.149,0.000,-1.028,-58.888,48.877,14.268,28.536,0.000,279.56,415.50,0.202,0.216
0.000000000,113.581,0.798,0.149,0.000,-1.036,-59.332,48.901,14.268,28.536,0.000,279.56,415.50,0.202,0.216
0.000000000,113.681,0.800,0.149,0.000,-1.049,-60.124,48.943,14.268,28.536,0.000,279.56,415.50,0.202,0.216
0.000000000,113.781,0.803,0.149,0.000,-1.062,-60.850,48.979,14.268,28.536,0.000,279.56,415.50,0.202,0.216
0.000000000,113.881,0.805,0.149,0.000,-1.071,-61.367,49.004,14.268,28.536,0.000,279.56,415.50,0.202,0.216
0.000000000,113.983,0.806,0.149,0.000,-1.083,-62.055,49.035,14.666,29.332,0.000,287.36,428.80,0.398,0.234
0.000000000,114.081,0.807,0.150,0.000,-1.096,-62.785,49.066,14.666,29.332,0.000,287.36,428.80,0.398,0.234
0.000000000,114.180,0.807,0.150,0.000,-1.109,-63.553,49.097,14.666,29.332,0.000,287.36,428.80,0.398,0.234
0.000000000,114.286,0.806,0.150,0.000,-1.123,-64.351,49.129,14.666,29.332,0.000,287.36,428.80,0.398,0.234
0.000000000,114.381,0.806,0.150,0.000,-1.137,-65.160,49.160,14.666,29.332,0.000,287.36,428.80,0.398,0.234
0.000000000,114.480,0.806,0.150,0.000,-1.151,-65.966,49.191,14.666,29.332,0.000,287.36,428.80,0.398,0.234
0.000000000,114.580,0.809,0.150,0.000,-1.165,-66.755,49.223,14.666,29.332,0.000,287.36,428.80,0.398,0.234
0.000000000,114.681,0.813,0.150,0.000,-1.178,-67.512,49.255,14.666,29.332,0.000,287.36,428.80,0.398,0.234
0.000000000,114.781,0.820,0.150,0.000,-1.191,-68.242,49.287,14.666,29.332,0.000,287.36,428.80,0.398,0.234
0.000000000,114.880,0.828,0.150,0.000,-1.203,-68.952,49.320,14.666,29.332,0.000,287.36,428.80,0.398,0.234
0.000000000,114.983,0.836,0.150,0.000,-1.216,-69.654,49.354,15.166,30.332,0.000,297.16,432.00,0.500,0.261
0.000000000,115.081,0.844,0.150,0.000,-1.231,-70.506,49.394,15.166,30.332,0.000,297.16,432.00,0.500,0.261
0.000000000,115.180,0.850,0.150,0.000,-1.243,-71.245,49.429,15.166,30.332,0.000,297.16,432.00,0.500,0.261
0.000000000,115.280,0.853,0.150,0.000,-1.260,-72.185,49.470,15.166,30.332,0.000,297.16,432.00,0.500,0.261
0.000000000,115.381,0.854,0.150,0.000,-1.275,-73.030,49.505,15.166,30.332,0.000,297.16,432.00,0.500,0.261
0.000000000,115.481,0.852,0.150,0.000,-1.291,-73.945,49.540,15.166,30.332,0.000,297.16,432.00,0.500,0.261
0.000000000,115.581,0.846,0.150,0.000,-1.315,-75.365,49.588,15.166,30.332,0.000,297.16,432.00,0.500,0.261
0.000000000,115.680,0.839,0.150,0.000,-1.335,-76.491,49.622,15.166,30.332,0.000,297.16,432.00,0.500,0.261
0.000000000,115.780,0.828,0.151,0.000,-1.361,-77.976,49.662,15.166,30.332,0.000,297.16,432.00,0.500,0.261
0.000000000,115.882,0.816,0.151,0.000,-1.385,-79.330,49.695,15.166,30.332,0.000,297.16,432.00,0.500,0.261
0.000000000,115.984,0.804,0.151,0.000,-1.410,-80.788,49.727,15.278,30.557,0.000,299.36,433.86,0.112,0.246
0.000000000,116.081,0.784,0.151,0.000,-1.448,-82.987,49.772,15.278,30.557,0.000,299.36,433.86,0.112,0.246
0.000000000,116.181,0.766,0.151,0.000,-1.483,-84.993,49.808,15.278,30.557,0.000,299.36,433.86,0.112,0.246
0.000000000,116.281,0.751,0.151,0.000,-1.514,-86.731,49.838,15.278,30.557,0.000,299.36,433.86,0.112,0.246
0.000000000,116.381,0.734,0.151,0.000,-1.551,-88.869,49.873,15.278,30.557,0.000,299.36,433.86,0.112,0.246
0.000000000,116.482,0.721,0.151,0.000,-1.583,-90.675,49.901,15.278,30.557,0.000,299.36,433.86,0.112,0.246
0.000000000,116.581,0.708,0.151,0.000,-1.621,-92.851,49.935,15.278,30.557,0.000,299.36,433.86,0.112,0.246
0.000000000,116.683,0.699,0.151,0.000,-1.652,-94.656,49.963,15.278,30.557,0.000,299.36,433.86,0.112,0.246
0.000000000,116.780,0.691,0.151,0.000,-1.695,-97.140,50.001,15.278,30.557,0.000,299.36,433.86,0.112,0.246
0.000000000,116.881,0.689,0.151,0.000,-1.720,-98.528,50.023,15.278,30.557,0.000,299.36,433.86,0.112,0.246
0.000000000,116.981,0.689,0.151,0.000,-1.755,-100.554,50.057,15.397,30.794,0.000,301.68,441.14,0.118,0.233
0.000000000,117.081,0.692,0.151,0.000,-1.778,-101.864,50.080,15.397,30.794,0.000,301.68,441.14,0.118,0.233
0.000000000,117.180,0.699,0.151,0.000,-1.817,-104.091,50.119,15.397,30.794,0.000,301.68,441.14,0.118,0.233
0.000000000,117.280,0.706,0.151,0.000,-1.844,-105.643,50.148,15.397,30.794,0.000,301.68,441.14,0.118,0.233
0.000000000,117.381,0.713,0.151,0.000,-1.871,-107.180,50.177,15.397,30.794,0.000,301.68,441.14,0.118,0.233
0.000000000,117.483,0.723,0.151,0.000,-1.903,-109.019,50.212,15.397,30.794,0.000,301.68,441.14,0.118,0.233
0.000000000,117.581,0.730,0.151,0.000,-1.930,-110.558,50.242,15.397,30.794,0.000,301.68,441.14,0.118,0.233
0.000000000,117.681,0.739,0.152,0.000,-1.962,-112.416,50.278,15.397,30.794,0.000,301.68,441.14,0.118,0.233
0.000000000,117.780,0.746,0.152,0.000,-1.989,-113.962,50.308,15.397,30.794,0.000,301.68,441.14,0.118,0.233
0.000000000,117.881,0.756,0.152,0.000,-2.032,-116.412,50.357,15.397,30.794,0.000,301.68,441.14,0.118,0.233
0.000000000,117.985,0.762,0.152,0.000,-2.058,-117.910,50.388,15.458,30.916,0.000,302.88,439.94,0.061,0.216
0.000000000,118.080,0.768,0.152,0.000,-2.083,-119.369,50.419,15.458,30.916,0.000,302.88,439.94,0.061,0.216
0.000000000,118.183,0.774,0.152,0.000,-2.108,-120.786,50.451,15.458,30.916,0.000,302.88,439.94,0.061,0.216
0.000000000,118.280,0.782,0.152,0.000,-2.137,-122.441,50.488,15.458,30.916,0.000,302.88,439.94,0.061,0.216
0.000000000,118.381,0.787,0.152,0.000,-2.156,-123.525,50.514,15.458,30.916,0.000,302.88,439.94,0.061,0.216
0.000000000,118.480,0.796,0.152,0.000,-2.184,-125.141,50.552,15.458,30.916,0.000,302.88,439.94,0.061,0.216
0.000000000,118.580,0.805,0.152,0.000,-2.213,-126.769,50.591,15.458,30.916,0.000,302.88,439.94,0.061,0.216
0.000000000,118.681,0.814,0.152,0.000,-2.237,-128.154,50.624,15.458,30.916,0.000,302.88,439.94,0.061,0.216
0.000000000,118.781,0.821,0.152,0.000,-2.257,-129.291,50.651,15.458,30.916,0.000,302.88,439.94,0.061,0.216
0.000000000,118.881,0.831,0.152,0.000,-2.287,-131.059,50.691,15.458,30.916,0.000,302.88,439.94,0.061,0.216
0.000000000,118.981,0.839,0.152,0.000,-2.309,-132.290,50.718,15.528,31.055,0.000,304.24,442.37,0.069,0.201
0.000000000,119.082,0.847,0.152,0.000,-2.337,-133.894,50.753,15.528,31.055,0.000,304.24,442.37,0.069,0.201
0.000000000,119.180,0.856,0.152,0.000,-2.366,-135.585,50.788,15.528,31.055,0.000,304.24,442.37,0.069,0.201
0.000000000,119.281,0.863,0.152,0.000,-2.398,-137.372,50.823,15.528,31.055,0.000,304.24,442.37,0.069,0.201
0.000000000,119.381,0.870,0.153,0.000,-2.431,-139.261,50.859,15.528,31.055,0.000,304.24,442.37,0.069,0.201
0.000000000,119.481,0.876,0.153,0.000,-2.473,-141.671,50.903,15.528,31.055,0.000,304.24,442.37,0.069,0.201
0.000000000,119.587,0.881,0.153,0.000,-2.510,-143.807,50.939,15.528,31.055,0.000,304.24,442.37,0.069,0.201
0.000000000,119.681,0.883,0.153,0.000,-2.549,-146.063,50.976,15.528,31.055,0.000,304.24,442.37,0.069,0.201
0.000000000,119.781,0.885,0.153,0.000,-2.591,-148.442,51.012,15.528,31.055,0.000,304.24,442.37,0.069,0.201
0.000000000,119.882,0.885,0.153,0.000,-2.635,-150.949,51.049,15.528,31.055,0.000,304.24,442.37,0.069,0.201
0.000000000,119.985,0.883,0.153,0.000,-2.690,-154.117,51.092,15.564,31.129,0.000,304.96,441.82,0.037,0.185
0.000000000,120.080,0.879,0.153,0.000,-2.738,-156.887,51.129,15.564,31.129,0.000,304.96,441.82,0.037,0.185
0.000000000,120.182,0.872,0.153,0.000,-2.809,-160.937,51.179,15.564,31.129,0.000,304.96,441.82,0.037,0.185
0.000000000,120.281,0.865,0.153,0.000,-2.872,-164.550,51.222,15.564,31.129,0.000,304.96,441.82,0.037,0.185
0.000000000,120.380,0.858,0.153,0.000,-2.926,-167.645,51.257,15.564,31.129,0.000,304.96,441.82,0.037,0.185
0.000000000,120.480,0.850,0.153,0.000,-2.992,-171.446,51.299,15.564,31.129,0.000,304.96,441.82,0.037,0.185
0.000000000,120.580,0.843,0.153,0.000,-3.049,-174.673,51.334,15.564,31.129,0.000,304.96,441.82,0.037,0.185
0.000000000,120.686,0.833,0.153,0.000,-3.129,-179.264,51.382,15.564,31.129,0.000,304.96,441.82,0.037,0.185
0.000000000,120.783,0.825,0.154,0.000,3.085,176.745,51.422,15.564,31.129,0.000,304.96,441.82,0.037,0.185
0.000000000,120.880,0.819,0.154,0.000,3.026,173.391,51.456,15.564,31.129,0.000,304.96,441.82,0.037,0.185
0.000000000,121.006,0.812,0.154,0.000,2.956,169.339,51.496,15.566,31.133,0.000,305.00,445.24,0.002,0.166
0.000000000,121.080,0.808,0.154,0.000,2.896,165.945,51.528,15.566,31.133,0.000,305.00,445.24,0.002,0.166
0.000000000,121.181,0.803,0.154,0.000,2.825,161.859,51.567,15.566,31.133,0.000,305.00,445.24,0.002,0.166
0.000000000,121.280,0.800,0.154,0.000,2.765,158.443,51.600,15.566,31.133,0.000,305.00,445.24,0.002,0.166
0.000000000,121.380,0.796,0.154,0.000,2.694,154.339,51.638,15.566,31.133,0.000,305.00,445.24,0.002,0.166
0.000000000,121.480,0.789,0.154,0.000,2.610,149.560,51.681,15.566,31.133,0.000,305.00,445.24,0.002,0.166
0.000000000,121.581,0.787,0.154,0.000,2.587,148.197,51.694,15.566,31.133,0.000,305.00,445.24,0.002,0.166
0.000000000,121.680,0.779,0.154,0.000,2.516,144.130,51.731,15.566,31.133,0.000,305.00,445.24,0.002,0.166
0.000000000,121.781,0.768,0.154,0.000,2.433,139.408,51.773,15.566,31.133,0.000,305.00,445.24,0.002,0.166
0.000000000,121.882,0.761,0.154,0.000,2.386,136.714,51.797,15.566,31.133,0.000,305.00,445.24,0.002,0.166
0.000000000,121.980,0.753,0.154,0.000,2.327,133.344,51.826,15.566,31.133,0.000,305.00,447.38,0.000,0.150
0.000000000,122.081,0.744,0.154,0.000,2.257,129.294,51.861,15.566,31.133,0.000,305.00,447.38,0.000,0.150
0.000000000,122.182,0.740,0.154,0.000,2.209,126.590,51.883,15.566,31.133,0.000,305.00,447.38,0.000,0.150
0.000000000,122.282,0.735,0.154,0.000,2.150,123.201,51.911,15.566,31.133,0.000,305.00,447.38,0.000,0.150
0.000000000,122.381,0.731,0.154,0.000,2.091,119.806,51.939,15.566,31.133,0.000,305.00,447.38,0.000,0.150
0.000000000,122.481,0.730,0.154,0.000,1.996,114.358,51.983,15.566,31.133,0.000,305.00,447.38,0.000,0.150
0.000000000,122.581,0.731,0.154,0.000,1.948,111.627,52.004,15.566,31.133,0.000,305.00,447.38,0.000,0.150
0.000000000,122.685,0.735,0.155,0.000,1.877,107.524,52.037,15.566,31.133,0.000,305.00,447.38,0.000,0.150
0.000000000,122.780,0.742,0.155,0.000,1.805,103.414,52.070,15.566,31.133,0.000,305.00,447.38,0.000,0.150
0.000000000,122.881,0.748,0.155,0.000,1.745,99.983,52.098,15.566,31.133,0.000,305.00,447.38,0.000,0.150
0.000000000,122.981,0.757,0.155,0.000,1.673,95.858,52.132,15.566,31.133,0.000,305.00,448.65,0.000,0.135
0.000000000,123.081,0.765,0.155,0.000,1.613,92.419,52.161,15.566,31.133,0.000,305.00,448.65,0.000,0.135
0.000000000,123.181,0.774,0.155,0.000,1.541,88.291,52.197,15.566,31.133,0.000,305.00,448.65,0.000,0.135
0.000000000,123.281,0.782,0.155,0.000,1.469,84.175,52.233,15.566,31.133,0.000,305.00,448.65,0.000,0.135
0.000000000,123.381,0.788,0.155,0.000,1.410,80.765,52.264,15.566,31.133,0.000,305.00,448.65,0.000,0.135
0.000000000,123.497,0.795,0.155,0.000,1.327,76.040,52.307,15.566,31.133,0.000,305.00,448.65,0.000,0.135
0.000000000,123.581,0.800,0.155,0.000,1.269,72.713,52.338,15.566,31.133,0.000,305.00,448.65,0.000,0.135
0.000000000,123.683,0.806,0.155,0.000,1.200,68.778,52.376,15.566,31.133,0.000,305.00,448.65,0.000,0.135
0.000000000,123.781,0.808,0.155,0.000,1.166,66.831,52.395,15.566,31.133,0.000,305.00,448.65,0.000,0.135
0.000000000,123.880,0.813,0.155,0.000,1.099,62.972,52.434,15.566,31.133,0.000,305.00,448.65,0.000,0.135
0.000000000,123.998,0.817,0.155,0.000,1.044,59.790,52.466,15.922,31.843,0.000,311.96,457.58,0.355,0.157
0.000000000,124.081,0.822,0.155,0.000,0.978,56.010,52.506,15.922,31.843,0.000,311.96,457.58,0.355,0.157
0.000000000,124.181,0.827,0.155,0.000,0.923,52.896,52.539,15.922,31.843,0.000,311.96,457.58,0.355,0.157
0.000000000,124.280,0.832,0.155,0.000,0.869,49.818,52.573,15.922,31.843,0.000,311.96,457.58,0.355,0.157
0.000000000,124.385,0.838,0.155,0.000,0.817,46.784,52.606,15.922,31.843,0.000,311.96,457.58,0.355,0.157
0.000000000,124.480,0.844,0.155,0.000,0.765,43.803,52.640,15.922,31.843,0.000,311.96,457.58,0.355,0.157
0.000000000,124.582,0.851,0.156,0.000,0.714,40.885,52.675,15.922,31.843,0.000,311.96,457.58,0.355,0.157
0.000000000,124.681,0.858,0.156,0.000,0.664,38.035,52.709,15.922,31.843,0.000,311.96,457.58,0.355,0.157
0.000000000,124.780,0.869,0.156,0.000,0.596,34.171,52.759,15.922,31.843,0.000,311.96,457.58,0.355,0.157
0.000000000,124.880,0.876,0.156,0.000,0.550,31.506,52.795,15.922,31.843,0.000,311.96,457.58,0.355,0.157
0.000000000,124.981,0.884,0.156,0.000,0.496,28.424,52.838,16.264,32.529,0.000,318.68,465.02,0.343,0.175
0.000000000,125.081,0.889,0.156,0.000,0.453,25.958,52.875,16.264,32.529,0.000,318.68,465.02,0.343,0.175
0.000000000,125.183,0.892,0.156,0.000,0.420,24.055,52.904,16.264,32.529,0.000,318.68,465.02,0.343,0.175
0.000000000,125.297,0.893,0.156,0.000,0.380,21.766,52.941,16.264,32.529,0.000,318.68,465.02,0.343,0.175
0.000000000,125.381,0.891,0.156,0.000,0.342,19.579,52.978,16.264,32.529,0.000,318.68,465.02,0.343,0.175
0.000000000,125.481,0.888,0.156,0.000,0.305,17.498,53.015,16.264,32.529,0.000,318.68,465.02,0.343,0.175
0.000000000,125.582,0.879,0.156,0.000,0.264,15.148,53.059,16.264,32.529,0.000,318.68,465.02,0.343,0.175
0.000000000,125.680,0.870,0.156,0.000,0.232,13.317,53.094,16.264,32.529,0.000,318.68,465.02,0.343,0.175
0.000000000,125.780,0.853,0.156,0.000,0.191,10.949,53.144,16.264,32.529,0.000,318.68,465.02,0.343,0.175
0.000000000,125.882,0.845,0.156,0.000,0.175,10.001,53.165,16.264,32.529,0.000,318.68,465.02,0.343,0.175
0.000000000,125.989,0.822,0.156,0.000,0.138,7.927,53.212,16.477,32.954,0.000,322.84,463.83,0.212,0.179
0.000000000,126.084,0.798,0.157,0.000,0.105,6.015,53.257,16.477,32.954,0.000,322.84,463.83,0.212,0.179
0.000000000,126.181,0.786,0.157,0.000,0.091,5.233,53.276,16.477,32.954,0.000,322.84,463.83,0.212,0.179
0.000000000,126.281,0.767,0.157,0.000,0.069,3.969,53.307,16.477,32.954,0.000,322.84,463.83,0.212,0.179
0.000000000,126.381,0.747,0.157,0.000,0.048,2.736,53.336,16.477,32.954,0.000,322.84,463.83,0.212,0.179
0.000000000,126.481,0.722,0.157,0.000,0.022,1.275,53.371,16.477,32.954,0.000,322.84,463.83,0.212,0.179
0.000000000,126.581,0.702,0.157,0.000,0.001,0.063,53.398,16.477,32.954,0.000,322.84,463.83,0.212,0.179
0.000000000,126.680,0.683,0.157,0.000,-0.020,-1.154,53.425,16.477,32.954,0.000,322.84,463.83,0.212,0.179
0.000000000,126.781,0.660,0.157,0.000,-0.046,-2.616,53.456,16.477,32.954,0.000,322.84,463.83,0.212,0.179
0.000000000,126.880,0.643,0.157,0.000,-0.067,-3.830,53.480,16.477,32.954,0.000,322.84,463.83,0.212,0.179
0.000000000,126.985,0.623,0.157,0.000,-0.092,-5.262,53.509,16.963,33.925,0.000,332.36,485.90,0.486,0.210
0.000000000,127.080,0.608,0.157,0.000,-0.112,-6.425,53.533,16.963,33.925,0.000,332.36,485.90,0.486,0.210
0.000000000,127.181,0.597,0.157,0.000,-0.128,-7.330,53.551,16.963,33.925,0.000,332.36,485.90,0.486,0.210
0.000000000,127.280,0.580,0.157,0.000,-0.154,-8.849,53.582,16.963,33.925,0.000,332.36,485.90,0.486,0.210
0.000000000,127.380,0.570,0.157,0.000,-0.176,-10.071,53.609,16.963,33.925,0.000,332.36,485.90,0.486,0.210
0.000000000,127.480,0.564,0.157,0.000,-0.192,-11.024,53.631,16.963,33.925,0.000,332.36,485.90,0.486,0.210
0.000000000,127.581,0.559,0.157,0.000,-0.211,-12.076,53.657,16.963,33.925,0.000,332.36,485.90,0.486,0.210
0.000000000,127.682,0.559,0.157,0.000,-0.227,-13.021,53.683,16.963,33.925,0.000,332.36,485.90,0.486,0.210
0.000000000,127.780,0.564,0.157,0.000,-0.242,-13.852,53.710,16.963,33.925,0.000,332.36,485.90,0.486,0.210
0.000000000,127.880,0.569,0.157,0.000,-0.250,-14.337,53.729,16.963,33.925,0.000,332.36,485.90,0.486,0.210
0.000000000,127.984,0.576,0.157,0.000,-0.258,-14.764,53.748,17.161,34.321,0.000,336.24,492.43,0.198,0.209
0.000000000,128.080,0.590,0.157,0.000,-0.267,-15.289,53.776,17.161,34.321,0.000,336.24,492.43,0.198,0.209
0.000000000,128.185,0.605,0.157,0.000,-0.273,-15.614,53.801,17.161,34.321,0.000,336.24,492.43,0.198,0.209
0.000000000,128.281,0.619,0.157,0.000,-0.276,-15.799,53.822,17.161,34.321,0.000,336.24,492.43,0.198,0.209
0.000000000,128.380,0.643,0.157,0.000,-0.278,-15.949,53.853,17.161,34.321,0.000,336.24,492.43,0.198,0.209
0.000000000,128.481,0.661,0.157,0.000,-0.279,-15.964,53.875,17.161,34.321,0.000,336.24,492.43,0.198,0.209
0.000000000,128.581,0.680,0.157,0.000,-0.278,-15.917,53.898,17.161,34.321,0.000,336.24,492.43,0.198,0.209
0.000000000,128.680,0.707,0.157,0.000,-0.275,-15.773,53.927,17.161,34.321,0.000,336.24,492.43,0.198,0.209
0.000000000,128.781,0.736,0.157,0.000,-0.271,-15.549,53.958,17.161,34.321,0.000,336.24,492.43,0.198,0.209
0.000000000,128.881,0.773,0.157,0.000,-0.265,-15.193,53.996,17.161,34.321,0.000,336.24,492.43,0.198,0.209
0.000000000,128.987,0.799,0.157,0.000,-0.260,-14.912,54.023,17.318,34.636,0.000,339.32,503.89,0.157,0.204
0.000000000,129.080,0.832,0.158,0.000,-0.253,-14.517,54.058,17.318,34.636,0.000,339.32,503.89,0.157,0.204
0.000000000,129.184,0.860,0.158,0.000,-0.247,-14.175,54.087,17.318,34.636,0.000,339.32,503.89,0.157,0.204
0.000000000,129.280,0.888,0.158,0.000,-0.241,-13.816,54.117,17.318,34.636,0.000,339.32,503.89,0.157,0.204
0.000000000,129.380,0.936,0.158,0.000,-0.230,-13.172,54.172,17.318,34.636,0.000,339.32,503.89,0.157,0.204
0.000000000,129.481,0.971,0.158,0.000,-0.222,-12.715,54.213,17.318,34.636,0.000,339.32,503.89,0.157,0.204
0.000000000,129.581,1.003,0.158,0.000,-0.214,-12.271,54.255,17.318,34.636,0.000,339.32,503.89,0.157,0.204
0.000000000,129.681,1.041,0.158,0.000,-0.205,-11.764,54.307,17.318,34.636,0.000,339.32,503.89,0.157,0.204
0.000000000,129.781,1.070,0.158,0.000,-0.198,-11.373,54.352,17.318,34.636,0.000,339.32,503.89,0.157,0.204
0.000000000,129.880,1.093,0.158,0.000,-0.193,-11.083,54.389,17.318,34.636,0.000,339.32,503.89,0.157,0.204
0.000000000,129.989,1.120,0.158,0.000,-0.188,-10.751,54.435,17.440,34.881,0.000,341.72,501.52,0.122,0.195
0.000000000,130.080,1.150,0.158,0.000,-0.182,-10.400,54.493,17.440,34.881,0.000,341.72,501.52,0.122,0.195
0.000000000,130.180,1.179,0.158,0.000,-0.176,-10.098,54.551,17.440,34.881,0.000,341.72,501.52,0.122,0.195
0.000000000,130.280,1.201,0.159,0.000,-0.172,-9.875,54.601,17.440,34.881,0.000,341.72,501.52,0.122,0.195
0.000000000,130.380,1.222,0.159,0.000,-0.169,-9.669,54.651,17.440,34.881,0.000,341.72,501.52,0.122,0.195
0.000000000,130.481,1.241,0.159,0.000,-0.165,-9.475,54.703,17.440,34.881,0.000,341.72,501.52,0.122,0.195
0.000000000,130.581,1.258,0.159,0.000,-0.162,-9.293,54.755,17.440,34.881,0.000,341.72,501.52,0.122,0.195
0.000000000,130.681,1.273,0.159,0.000,-0.159,-9.118,54.807,17.440,34.881,0.000,341.72,501.52,0.122,0.195
0.000000000,130.781,1.292,0.159,0.000,-0.155,-8.886,54.881,17.440,34.881,0.000,341.72,501.52,0.122,0.195
0.000000000,130.881,1.304,0.159,0.000,-0.152,-8.728,54.934,17.440,34.881,0.000,341.72,501.52,0.122,0.195
0.000000000,130.991,1.313,0.159,0.000,-0.150,-8.607,54.977,17.649,35.297,0.000,345.80,507.45,0.208,0.197
0.000000000,131.081,1.323,0.159,0.000,-0.148,-8.465,55.032,17.649,35.297,0.000,345.80,507.45,0.208,0.197
0.000000000,131.180,1.334,0.160,0.000,-0.145,-8.314,55.097,17.649,35.297,0.000,345.80,507.45,0.208,0.197
0.000000000,131.281,1.344,0.160,0.000,-0.143,-8.195,55.162,17.649,35.297,0.000,345.80,507.45,0.208,0.197
0.000000000,131.381,1.350,0.160,0.000,-0.142,-8.142,55.206,17.649,35.297,0.000,345.80,507.45,0.208,0.197
0.000000000,131.480,1.355,0.160,0.000,-0.142,-8.116,55.250,17.649,35.297,0.000,345.80,507.45,0.208,0.197
0.000000000,131.588,1.365,0.160,0.000,-0.143,-8.172,55.338,17.649,35.297,0.000,345.80,507.45,0.208,0.197
0.000000000,131.681,1.370,0.160,0.000,-0.145,-8.283,55.393,17.649,35.297,0.000,345.80,507.45,0.208,0.197
0.000000000,131.781,1.375,0.160,0.000,-0.147,-8.446,55.448,17.649,35.297,0.000,345.80,507.45,0.208,0.197
0.000000000,131.880,1.379,0.160,0.000,-0.151,-8.651,55.503,17.649,35.297,0.000,345.80,507.45,0.208,0.197
0.000000000,131.991,1.383,0.161,0.000,-0.155,-8.884,55.558,17.924,35.848,0.000,351.20,512.57,0.276,0.205
0.000000000,132.096,1.386,0.161,0.000,-0.160,-9.184,55.624,17.924,35.848,0.000,351.20,512.57,0.276,0.205
0.000000000,132.181,1.388,0.161,0.000,-0.165,-9.431,55.679,17.924,35.848,0.000,351.20,512.57,0.276,0.205
0.000000000,132.281,1.390,0.161,0.000,-0.169,-9.659,55.734,17.924,35.848,0.000,351.20,512.57,0.276,0.205
0.000000000,132.381,1.391,0.161,0.000,-0.173,-9.896,55.800,17.924,35.848,0.000,351.20,512.57,0.276,0.205
0.000000000,132.480,1.392,0.161,0.000,-0.175,-10.026,55.844,17.924,35.848,0.000,351.20,512.57,0.276,0.205
0.000000000,132.596,1.393,0.161,0.000,-0.178,-10.211,55.932,17.924,35.848,0.000,351.20,512.57,0.276,0.205
0.000000000,132.681,1.393,0.161,0.000,-0.179,-10.270,55.976,17.924,35.848,0.000,351.20,512.57,0.276,0.205
0.000000000,132.780,1.394,0.162,0.000,-0.180,-10.322,56.030,17.924,35.848,0.000,351.20,512.57,0.276,0.205
0.000000000,132.881,1.394,0.162,0.000,-0.181,-10.369,56.096,17.924,35.848,0.000,351.20,512.57,0.276,0.205
0.000000000,132.987,1.394,0.162,0.000,-0.182,-10.420,56.162,18.118,36.236,0.000,355.00,510.15,0.194,0.204
0.000000000,133.081,1.393,0.162,0.000,-0.183,-10.470,56.206,18.118,36.236,0.000,355.00,510.15,0.194,0.204
0.000000000,133.180,1.392,0.162,0.000,-0.184,-10.564,56.260,18.118,36.236,0.000,355.00,510.15,0.194,0.204
0.000000000,133.280,1.390,0.162,0.000,-0.187,-10.706,56.315,18.118,36.236,0.000,355.00,510.15,0.194,0.204
0.000000000,133.381,1.386,0.162,0.000,-0.192,-11.008,56.391,18.118,36.236,0.000,355.00,510.15,0.194,0.204
0.000000000,133.480,1.383,0.162,0.000,-0.197,-11.315,56.445,18.118,36.236,0.000,355.00,510.15,0.194,0.204
0.000000000,133.580,1.377,0.163,0.000,-0.204,-11.708,56.499,18.118,36.236,0.000,355.00,510.15,0.194,0.204
0.000000000,133.680,1.370,0.163,0.000,-0.215,-12.300,56.563,18.118,36.236,0.000,355.00,510.15,0.194,0.204
0.000000000,133.781,1.363,0.163,0.000,-0.223,-12.777,56.606,18.118,36.236,0.000,355.00,510.15,0.194,0.204
0.000000000,133.895,1.350,0.163,0.000,-0.240,-13.776,56.680,18.118,36.236,0.000,355.00,510.15,0.194,0.204
0.000000000,133.989,1.342,0.163,0.000,-0.252,-14.445,56.722,18.232,36.465,0.000,357.24,512.33,0.114,0.195
0.000000000,134.080,1.327,0.163,0.000,-0.272,-15.590,56.784,18.232,36.465,0.000,357.24,512.33,0.114,0.195
0.000000000,134.180,1.315,0.163,0.000,-0.287,-16.449,56.825,18.232,36.465,0.000,357.24,512.33,0.114,0.195
0.000000000,134.281,1.297,0.163,0.000,-0.312,-17.886,56.886,18.232,36.465,0.000,357.24,512.33,0.114,0.195
0.000000000,134.381,1.277,0.163,0.000,-0.340,-19.503,56.946,18.232,36.465,0.000,357.24,512.33,0.114,0.195
0.000000000,134.480,1.262,0.164,0.000,-0.361,-20.683,56.985,18.232,36.465,0.000,357.24,512.33,0.114,0.195
0.000000000,134.580,1.246,0.164,0.000,-0.383,-21.943,57.023,18.232,36.465,0.000,357.24,512.33,0.114,0.195
0.000000000,134.680,1.229,0.164,0.000,-0.406,-23.287,57.061,18.232,36.465,0.000,357.24,512.33,0.114,0.195
0.000000000,134.780,1.207,0.164,0.000,-0.438,-25.075,57.108,18.232,36.465,0.000,357.24,512.33,0.114,0.195
0.000000000,134.880,1.184,0.164,0.000,-0.471,-26.979,57.154,18.232,36.465,0.000,357.24,512.33,0.114,0.195
0.000000000,134.981,1.159,0.164,0.000,-0.506,-28.987,57.198,18.447,36.894,0.000,361.44,525.30,0.214,0.197
0.000000000,135.080,1.133,0.164,0.000,-0.543,-31.085,57.242,18.447,36.894,0.000,361.44,525.30,0.214,0.197
0.000000000,135.180,1.107,0.164,0.000,-0.580,-33.255,57.285,18.447,36.894,0.000,361.44,525.30,0.214,0.197
0.000000000,135.281,1.085,0.164,0.000,-0.611,-35.032,57.318,18.447,36.894,0.000,361.44,525.30,0.214,0.197
0.000000000,135.380,1.058,0.164,0.000,-0.651,-37.289,57.359,18.447,36.894,0.000,361.44,525.30,0.214,0.197
0.000000000,135.481,1.047,0.164,0.000,-0.667,-38.200,57.375,18.447,36.894,0.000,361.44,525.30,0.214,0.197
0.000000000,135.581,1.014,0.164,0.000,-0.715,-40.945,57.422,18.447,36.894,0.000,361.44,525.30,0.214,0.197
0.000000000,135.681,0.992,0.164,0.000,-0.747,-42.777,57.452,18.447,36.894,0.000,361.44,525.30,0.214,0.197
0.000000000,135.780,0.952,0.164,0.000,-0.806,-46.183,57.507,18.447,36.894,0.000,361.44,525.30,0.214,0.197
0.000000000,135.881,0.930,0.164,0.000,-0.837,-47.971,57.536,18.447,36.894,0.000,361.44,525.30,0.214,0.197
0.000000000,135.989,0.907,0.164,0.000,-0.868,-49.736,57.563,18.657,37.314,0.000,365.56,531.65,0.210,0.198
0.000000000,136.082,0.873,0.165,0.000,-0.913,-52.329,57.604,18.657,37.314,0.000,365.56,531.65,0.210,0.198
0.000000000,136.183,0.849,0.165,0.000,-0.943,-54.020,57.629,18.657,37.314,0.000,365.56,531.65,0.210,0.198
0.000000000,136.280,0.819,0.165,0.000,-0.979,-56.085,57.660,18.657,37.314,0.000,365.56,531.65,0.210,0.198
0.000000000,136.381,0.784,0.165,0.000,-1.021,-58.483,57.696,18.657,37.314,0.000,365.56,531.65,0.210,0.198
0.000000000,136.481,0.754,0.165,0.000,-1.054,-60.404,57.724,18.657,37.314,0.000,365.56,531.65,0.210,0.198
0.000000000,136.581,0.724,0.165,0.000,-1.086,-62.248,57.751,18.657,37.314,0.000,365.56,531.65,0.210,0.198
0.000000000,136.680,0.690,0.165,0.000,-1.123,-64.363,57.781,18.657,37.314,0.000,365.56,531.65,0.210,0.198
0.000000000,136.780,0.663,0.165,0.000,-1.153,-66.056,57.806,18.657,37.314,0.000,365.56,531.65,0.210,0.198
0.000000000,136.880,0.638,0.165,0.000,-1.182,-67.698,57.829,18.657,37.314,0.000,365.56,531.65,0.210,0.198
0.000000000,136.994,0.616,0.165,0.000,-1.210,-69.301,57.852,19.257,38.515,0.000,377.32,541.87,0.600,0.238
0.000000000,137.080,0.587,0.165,0.000,-1.253,-71.800,57.887,19.257,38.515,0.000,377.32,541.87,0.600,0.238
0.000000000,137.180,0.576,0.165,0.000,-1.274,-73.019,57.903,19.257,38.515,0.000,377.32,541.87,0.600,0.238
0.000000000,137.282,0.566,0.165,0.000,-1.295,-74.218,57.920,19.257,38.515,0.000,377.32,541.87,0.600,0.238
0.000000000,137.381,0.554,0.165,0.000,-1.331,-76.250,57.948,19.257,38.515,0.000,377.32,541.87,0.600,0.238
0.000000000,137.480,0.548,0.165,0.000,-1.355,-77.639,57.968,19.257,38.515,0.000,377.32,541.87,0.600,0.238
0.000000000,137.581,0.545,0.165,0.000,-1.374,-78.705,57.984,19.257,38.515,0.000,377.32,541.87,0.600,0.238
0.000000000,137.681,0.542,0.165,0.000,-1.408,-80.700,58.016,19.257,38.515,0.000,377.32,541.87,0.600,0.238
0.000000000,137.789,0.542,0.165,0.000,-1.424,-81.613,58.032,19.257,38.515,0.000,377.32,541.87,0.600,0.238
0.000000000,137.881,0.542,0.165,0.000,-1.439,-82.468,58.048,19.257,38.515,0.000,377.32,541.87,0.600,0.238
0.000000000,137.985,0.545,0.165,0.000,-1.463,-83.816,58.077,19.635,39.270,0.000,384.72,563.06,0.378,0.252
0.000000000,138.081,0.548,0.165,0.000,-1.480,-84.813,58.102,19.635,39.270,0.000,384.72,563.06,0.378,0.252
0.000000000,138.183,0.552,0.165,0.000,-1.493,-85.525,58.123,19.635,39.270,0.000,384.72,563.06,0.378,0.252
0.000000000,138.283,0.560,0.165,0.000,-1.507,-86.334,58.153,19.635,39.270,0.000,384.72,563.06,0.378,0.252
0.000000000,138.381,0.571,0.165,0.000,-1.518,-86.983,58.189,19.635,39.270,0.000,384.72,563.06,0.378,0.252
0.000000000,138.481,0.578,0.165,0.000,-1.523,-87.240,58.212,19.635,39.270,0.000,384.72,563.06,0.378,0.252
0.000000000,138.580,0.592,0.165,0.000,-1.526,-87.408,58.249,19.635,39.270,0.000,384.72,563.06,0.378,0.252
0.000000000,138.681,0.600,0.165,0.000,-1.525,-87.381,58.268,19.635,39.270,0.000,384.72,563.06,0.378,0.252
0.000000000,138.781,0.611,0.165,0.000,-1.523,-87.245,58.292,19.635,39.270,0.000,384.72,563.06,0.378,0.252
0.000000000,138.896,0.628,0.165,0.000,-1.516,-86.859,58.328,19.635,39.270,0.000,384.72,563.06,0.378,0.252
0.000000000,138.997,0.641,0.165,0.000,-1.509,-86.444,58.354,19.760,39.519,0.000,387.16,561.48,0.125,0.239
0.000000000,139.080,0.657,0.165,0.000,-1.497,-85.789,58.386,19.760,39.519,0.000,387.16,561.48,0.125,0.239
0.000000000,139.181,0.675,0.165,0.000,-1.483,-84.959,58.419,19.760,39.519,0.000,387.16,561.48,0.125,0.239
0.000000000,139.281,0.690,0.165,0.000,-1.468,-84.131,58.447,19.760,39.519,0.000,387.16,561.48,0.125,0.239
0.000000000,139.381,0.710,0.165,0.000,-1.445,-82.766,58.488,19.760,39.519,0.000,387.16,561.48,0.125,0.239
0.000000000,139.481,0.722,0.166,0.000,-1.429,-81.878,58.513,19.760,39.519,0.000,387.16,561.48,0.125,0.239
0.000000000,139.581,0.733,0.166,0.000,-1.412,-80.910,58.538,19.760,39.519,0.000,387.16,561.48,0.125,0.239
0.000000000,139.681,0.750,0.166,0.000,-1.379,-79.028,58.582,19.760,39.519,0.000,387.16,561.48,0.125,0.239
0.000000000,139.782,0.763,0.166,0.000,-1.348,-77.219,58.621,19.760,39.519,0.000,387.16,561.48,0.125,0.239
0.000000000,139.881,0.771,0.166,0.000,-1.319,-75.576,58.654,19.760,39.519,0.000,387.16,561.48,0.125,0.239
0.000000000,139.993,0.777,0.166,0.000,-1.288,-73.809,58.688,19.821,39.642,0.000,388.36,556.63,0.061,0.222
0.000000000,140.081,0.781,0.166,0.000,-1.255,-71.917,58.721,19.821,39.642,0.000,388.36,556.63,0.061,0.222
0.000000000,140.180,0.782,0.166,0.000,-1.220,-69.902,58.755,19.821,39.642,0.000,388.36,556.63,0.061,0.222
0.000000000,140.281,0.781,0.166,0.000,-1.183,-67.760,58.788,19.821,39.642,0.000,388.36,556.63,0.061,0.222
0.000000000,140.380,0.779,0.166,0.000,-1.151,-65.955,58.815,19.821,39.642,0.000,388.36,556.63,0.061,0.222
0.000000000,140.481,0.773,0.166,0.000,-1.101,-63.091,58.855,19.821,39.642,0.000,388.36,556.63,0.061,0.222
0.000000000,140.581,0.770,0.166,0.000,-1.084,-62.095,58.868,19.821,39.642,0.000,388.36,556.63,0.061,0.222
0.000000000,140.680,0.760,0.166,0.000,-1.029,-58.980,58.907,19.821,39.642,0.000,388.36,556.63,0.061,0.222
0.000000000,140.780,0.747,0.166,0.000,-0.972,-55.684,58.945,19.821,39.642,0.000,388.36,556.63,0.061,0.222
0.000000000,140.881,0.740,0.166,0.000,-0.942,-53.972,58.964,19.821,39.642,0.000,388.36,556.63,0.061,0.222
0.000000000,140.997,0.726,0.166,0.000,-0.891,-51.033,58.995,19.900,39.801,0.000,389.92,559.79,0.080,0.207
0.000000000,141.081,0.711,0.166,0.000,-0.838,-47.996,59.025,19.900,39.801,0.000,389.92,559.79,0.080,0.207
0.000000000,141.181,0.697,0.166,0.000,-0.794,-45.502,59.049,19.900,39.801,0.000,389.92,559.79,0.080,0.207
0.000000000,141.280,0.682,0.166,0.000,-0.750,-42.962,59.072,19.900,39.801,0.000,389.92,559.79,0.080,0.207
0.000000000,141.381,0.658,0.166,0.000,-0.682,-39.072,59.106,19.900,39.801,0.000,389.92,559.79,0.080,0.207
0.000000000,141.481,0.631,0.166,0.000,-0.613,-35.103,59.138,19.900,39.801,0.000,389.92,559.79,0.080,0.207
0.000000000,141.581,0.612,0.166,0.000,-0.566,-32.422,59.158,19.900,39.801,0.000,389.92,559.79,0.080,0.207
0.000000000,141.691,0.587,0.166,0.000,-0.507,-29.036,59.182,19.900,39.801,0.000,389.92,559.79,0.080,0.207
0.000000000,141.781,0.582,0.166,0.000,-0.495,-28.355,59.187,19.900,39.801,0.000,389.92,559.79,0.080,0.207
0.000000000,141.881,0.545,0.166,0.000,-0.411,-23.561,59.219,19.900,39.801,0.000,389.92,559.79,0.080,0.207
0.000000000,141.982,0.523,0.166,0.000,-0.363,-20.802,59.236,19.990,39.980,0.000,391.68,560.86,0.090,0.196
0.000000000,142.080,0.500,0.166,0.000,-0.315,-18.034,59.252,19.990,39.980,0.000,391.68,560.86,0.090,0.196
0.000000000,142.181,0.477,0.166,0.000,-0.266,-15.263,59.267,19.990,39.980,0.000,391.68,560.86,0.090,0.196
0.000000000,142.281,0.441,0.166,0.000,-0.194,-11.110,59.289,19.990,39.980,0.000,391.68,560.86,0.090,0.196
0.000000000,142.380,0.412,0.166,0.000,-0.134,-7.665,59.305,19.990,39.980,0.000,391.68,560.86,0.090,0.196
0.000000000,142.480,0.371,0.166,0.000,-0.050,-2.877,59.326,19.990,39.980,0.000,391.68,560.86,0.090,0.196
0.000000000,142.580,0.337,0.166,0.000,0.021,1.183,59.341,19.990,39.980,0.000,391.68,560.86,0.090,0.196
0.000000000,142.682,0.315,0.166,0.000,0.067,3.859,59.350,19.990,39.980,0.000,391.68,560.86,0.090,0.196
0.000000000,142.781,0.285,0.166,0.000,0.136,7.821,59.363,19.990,39.980,0.000,391.68,560.86,0.090,0.196
0.000000000,142.881,0.256,0.166,0.000,0.204,11.699,59.374,19.990,39.980,0.000,391.68,560.86,0.090,0.196
0.000000000,142.990,0.233,0.166,0.000,0.259,14.856,59.382,20.178,40.356,0.000,395.36,565.82,0.188,0.195
0.000000000,143.081,0.213,0.166,0.000,0.313,17.937,59.390,20.178,40.356,0.000,395.36,565.82,0.188,0.195
0.000000000,143.181,0.193,0.166,0.000,0.365,20.933,59.397,20.178,40.356,0.000,395.36,565.82,0.188,0.195
0.000000000,143.283,0.172,0.166,0.000,0.426,24.405,59.404,20.178,40.356,0.000,395.36,565.82,0.188,0.195
0.000000000,143.383,0.156,0.166,0.000,0.475,27.190,59.410,20.178,40.356,0.000,395.36,565.82,0.188,0.195
0.000000000,143.481,0.137,0.166,0.000,0.539,30.910,59.418,20.178,40.356,0.000,395.36,565.82,0.188,0.195
0.000000000,143.583,0.127,0.166,0.000,0.575,32.938,59.422,20.178,40.356,0.000,395.36,565.82,0.188,0.195
0.000000000,143.681,0.114,0.166,0.000,0.626,35.857,59.429,20.178,40.356,0.000,395.36,565.82,0.188,0.195
0.000000000,143.791,0.107,0.166,0.000,0.658,37.724,59.433,20.178,40.356,0.000,395.36,565.82,0.188,0.195
0.000000000,143.883,0.100,0.166,0.000,0.698,39.979,59.438,20.178,40.356,0.000,395.36,565.82,0.188,0.195
0.000000000,143.999,0.094,0.166,0.000,0.743,42.574,59.443,20.672,41.344,0.000,405.04,579.22,0.494,0.225
0.000000000,144.081,0.092,0.166,0.000,0.786,45.059,59.449,20.672,41.344,0.000,405.04,579.22,0.494,0.225
0.000000000,144.182,0.092,0.166,0.000,0.821,47.059,59.454,20.672,41.344,0.000,405.04,579.22,0.494,0.225
0.000000000,144.281,0.096,0.166,0.000,0.862,49.380,59.461,20.672,41.344,0.000,405.04,579.22,0.494,0.225
0.000000000,144.381,0.103,0.166,0.000,0.894,51.248,59.467,20.672,41.344,0.000,405.04,579.22,0.494,0.225
0.000000000,144.481,0.114,0.166,0.000,0.932,53.410,59.474,20.672,41.344,0.000,405.04,579.22,0.494,0.225
0.000000000,144.582,0.124,0.166,0.000,0.957,54.804,59.480,20.672,41.344,0.000,405.04,579.22,0.494,0.225
0.000000000,144.682,0.138,0.166,0.000,0.986,56.491,59.487,20.672,41.344,0.000,405.04,579.22,0.494,0.225
0.000000000,144.781,0.159,0.166,0.000,1.020,58.431,59.496,20.672,41.344,0.000,405.04,579.22,0.494,0.225
0.000000000,144.880,0.178,0.166,0.000,1.047,59.970,59.505,20.672,41.344,0.000,405.04,579.22,0.494,0.225
0.000000000,144.990,0.197,0.166,0.000,1.072,61.431,59.515,20.774,41.548,0.000,407.04,581.98,0.102,0.212
0.000000000,145.080,0.222,0.166,0.000,1.101,63.075,59.529,20.774,41.548,0.000,407.04,581.98,0.102,0.212
0.000000000,145.181,0.248,0.166,0.000,1.127,64.588,59.543,20.774,41.548,0.000,407.04,581.98,0.102,0.212
0.000000000,145.285,0.270,0.166,0.000,1.147,65.745,59.556,20.774,41.548,0.000,407.04,581.98,0.102,0.212
0.000000000,145.382,0.293,0.166,0.000,1.166,66.811,59.570,20.774,41.548,0.000,407.04,581.98,0.102,0.212
0.000000000,145.480,0.312,0.166,0.000,1.180,67.607,59.582,20.774,41.548,0.000,407.04,581.98,0.102,0.212
0.000000000,145.580,0.346,0.166,0.000,1.203,68.906,59.604,20.774,41.548,0.000,407.04,581.98,0.102,0.212
0.000000000,145.681,0.370,0.166,0.000,1.218,69.780,59.621,20.774,41.548,0.000,407.04,581.98,0.102,0.212
0.000000000,145.780,0.395,0.166,0.000,1.232,70.616,59.638,20.774,41.548,0.000,407.04,581.98,0.102,0.212
0.000000000,145.880,0.429,0.166,0.000,1.252,71.722,59.664,20.774,41.548,0.000,407.04,581.98,0.102,0.212
0.000000000,145.994,0.448,0.166,0.000,1.262,72.310,59.680,20.807,41.614,0.000,407.68,590.22,0.033,0.195
0.000000000,146.080,0.472,0.166,0.000,1.274,72.998,59.701,20.807,41.614,0.000,407.68,590.22,0.033,0.195
0.000000000,146.181,0.500,0.166,0.000,1.287,73.735,59.727,20.807,41.614,0.000,407.68,590.22,0.033,0.195
0.000000000,146.281,0.519,0.166,0.000,1.294,74.164,59.746,20.807,41.614,0.000,407.68,590.22,0.033,0.195
0.000000000,146.381,0.549,0.166,0.000,1.304,74.702,59.775,20.807,41.614,0.000,407.68,590.22,0.033,0.195
0.000000000,146.481,0.575,0.166,0.000,1.310,75.046,59.800,20.807,41.614,0.000,407.68,590.22,0.033,0.195
0.000000000,146.580,0.602,0.166,0.000,1.314,75.286,59.826,20.807,41.614,0.000,407.68,590.22,0.033,0.195
0.000000000,146.680,0.643,0.166,0.000,1.317,75.442,59.864,20.807,41.614,0.000,407.68,590.22,0.033,0.195
0.000000000,146.781,0.661,0.166,0.000,1.317,75.441,59.881,20.807,41.614,0.000,407.68,590.22,0.033,0.195
0.000000000,146.890,0.699,0.166,0.000,1.314,75.314,59.917,20.807,41.614,0.000,407.68,590.22,0.033,0.195
0.000000000,146.996,0.725,0.166,0.000,1.311,75.135,59.941,20.862,41.724,0.000,408.76,594.94,0.055,0.181
0.000000000,147.081,0.766,0.166,0.000,1.304,74.722,59.980,20.862,41.724,0.000,408.76,594.94,0.055,0.181
0.000000000,147.184,0.808,0.166,0.000,1.294,74.138,60.021,20.862,41.724,0.000,408.76,594.94,0.055,0.181
0.000000000,147.281,0.837,0.166,0.000,1.286,73.664,60.049,20.862,41.724,0.000,408.76,594.94,0.055,0.181
0.000000000,147.390,0.895,0.166,0.000,1.266,72.538,60.108,20.862,41.724,0.000,408.76,594.94,0.055,0.181
0.000000000,147.481,0.917,0.166,0.000,1.258,72.065,60.131,20.862,41.724,0.000,408.76,594.94,0.055,0.181
0.000000000,147.583,0.953,0.166,0.000,1.243,71.229,60.170,20.862,41.724,0.000,408.76,594.94,0.055,0.181
0.000000000,147.681,0.988,0.166,0.000,1.228,70.349,60.211,20.862,41.724,0.000,408.76,594.94,0.055,0.181
0.000000000,147.781,1.030,0.167,0.000,1.209,69.262,60.262,20.862,41.724,0.000,408.76,594.94,0.055,0.181
0.000000000,147.880,1.071,0.167,0.000,1.190,68.167,60.315,20.862,41.724,0.000,408.76,594.94,0.055,0.181
0.000000000,147.995,1.104,0.167,0.000,1.174,67.274,60.360,20.960,41.920,0.000,410.68,595.05,0.097,0.172
0.000000000,148.080,1.110,0.167,0.000,1.171,67.099,60.370,20.960,41.920,0.000,410.68,595.05,0.097,0.172
0.000000000,148.180,1.153,0.167,0.000,1.150,65.914,60.436,20.960,41.920,0.000,410.68,595.05,0.097,0.172
0.000000000,148.280,1.175,0.167,0.000,1.139,65.274,60.475,20.960,41.920,0.000,410.68,595.05,0.097,0.172
0.000000000,148.380,1.196,0.167,0.000,1.129,64.664,60.514,20.960,41.920,0.000,410.68,595.05,0.097,0.172
0.000000000,148.480,1.220,0.167,0.000,1.116,63.949,60.564,20.960,41.920,0.000,410.68,595.05,0.097,0.172
0.000000000,148.581,1.250,0.167,0.000,1.100,63.038,60.636,20.960,41.920,0.000,410.68,595.05,0.097,0.172
0.000000000,148.680,1.262,0.167,0.000,1.094,62.674,60.667,20.960,41.920,0.000,410.68,595.05,0.097,0.172
0.000000000,148.781,1.279,0.167,0.000,1.084,62.096,60.719,20.960,41.920,0.000,410.68,595.05,0.097,0.172
0.000000000,148.880,1.295,0.167,0.000,1.074,61.542,60.771,20.960,41.920,0.000,410.68,595.05,0.097,0.172
0.000000000,148.995,1.306,0.168,0.000,1.066,61.105,60.814,21.070,42.140,0.000,412.84,596.78,0.111,0.166
0.000000000,149.081,1.317,0.168,0.000,1.059,60.664,60.856,21.070,42.140,0.000,412.84,596.78,0.111,0.166
0.000000000,149.181,1.327,0.168,0.000,1.051,60.212,60.899,21.070,42.140,0.000,412.84,596.78,0.111,0.166
0.000000000,149.280,1.336,0.168,0.000,1.043,59.747,60.942,21.070,42.140,0.000,412.84,596.78,0.111,0.166
0.000000000,149.381,1.345,0.168,0.000,1.032,59.147,60.996,21.070,42.140,0.000,412.84,596.78,0.111,0.166
0.000000000,149.481,1.352,0.168,0.000,1.024,58.650,61.040,21.070,42.140,0.000,412.84,596.78,0.111,0.166
0.000000000,149.580,1.364,0.168,0.000,1.005,57.606,61.127,21.070,42.140,0.000,412.84,596.78,0.111,0.166
0.000000000,149.683,1.368,0.168,0.000,0.998,57.193,61.160,21.070,42.140,0.000,412.84,596.78,0.111,0.166
0.000000000,149.780,1.375,0.168,0.000,0.986,56.476,61.215,21.070,42.140,0.000,412.84,596.78,0.111,0.166
0.000000000,149.880,1.383,0.168,0.000,0.970,55.570,61.280,21.070,42.140,0.000,412.84,596.78,0.111,0.166
0.000000000,149.985,1.387,0.168,0.000,0.962,55.097,61.314,21.313,42.626,0.000,417.60,600.94,0.243,0.174
0.000000000,150.080,1.396,0.169,0.000,0.941,53.942,61.391,21.313,42.626,0.000,417.60,600.94,0.243,0.174
0.000000000,150.181,1.401,0.169,0.000,0.929,53.245,61.435,21.313,42.626,0.000,417.60,600.94,0.243,0.174
0.000000000,150.280,1.406,0.169,0.000,0.914,52.344,61.491,21.313,42.626,0.000,417.60,600.94,0.243,0.174
0.000000000,150.380,1.411,0.169,0.000,0.901,51.603,61.535,21.313,42.626,0.000,417.60,600.94,0.243,0.174
0.000000000,150.480,1.414,0.169,0.000,0.887,50.847,61.580,21.313,42.626,0.000,417.60,600.94,0.243,0.174
0.000000000,150.582,1.419,0.169,0.000,0.871,49.880,61.636,21.313,42.626,0.000,417.60,600.94,0.243,0.174
0.000000000,150.681,1.423,0.169,0.000,0.850,48.691,61.703,21.313,42.626,0.000,417.60,600.94,0.243,0.174
0.000000000,150.780,1.425,0.169,0.000,0.832,47.679,61.760,21.313,42.626,0.000,417.60,600.94,0.243,0.174
0.000000000,150.881,1.427,0.169,0.000,0.821,47.063,61.793,21.313,42.626,0.000,417.60,600.94,0.243,0.174
0.000000000,150.992,1.428,0.169,0.000,0.800,45.811,61.861,21.597,43.194,0.000,423.16,609.17,0.284,0.185
0.000000000,151.080,1.428,0.170,0.000,0.785,44.953,61.906,21.597,43.194,0.000,423.16,609.17,0.284,0.185
0.000000000,151.182,1.429,0.170,0.000,0.777,44.516,61.928,21.597,43.194,0.000,423.16,609.17,0.284,0.185
0.000000000,151.294,1.428,0.170,0.000,0.753,43.168,61.996,21.597,43.194,0.000,423.16,609.17,0.284,0.185
0.000000000,151.380,1.428,0.170,0.000,0.737,42.236,62.041,21.597,43.194,0.000,423.16,609.17,0.284,0.185
0.000000000,151.480,1.424,0.170,0.000,0.707,40.533,62.119,21.597,43.194,0.000,423.16,609.17,0.284,0.185
0.000000000,151.580,1.421,0.170,0.000,0.694,39.776,62.153,21.597,43.194,0.000,423.16,609.17,0.284,0.185
0.000000000,151.683,1.414,0.170,0.000,0.672,38.475,62.208,21.597,43.194,0.000,423.16,609.17,0.284,0.185
0.000000000,151.781,1.404,0.170,0.000,0.643,36.843,62.275,21.597,43.194,0.000,423.16,609.17,0.284,0.185
0.000000000,151.881,1.395,0.170,0.000,0.623,35.710,62.319,21.597,43.194,0.000,423.16,609.17,0.284,0.185
0.000000000,152.002,1.382,0.170,0.000,0.598,34.236,62.373,21.934,43.867,0.000,429.76,617.15,0.337,0.200
0.000000000,152.090,1.369,0.171,0.000,0.571,32.698,62.426,21.934,43.867,0.000,429.76,617.15,0.337,0.200
0.000000000,152.181,1.357,0.171,0.000,0.548,31.423,62.469,21.934,43.867,0.000,429.76,617.15,0.337,0.200
0.000000000,152.280,1.340,0.171,0.000,0.514,29.443,62.531,21.934,43.867,0.000,429.76,617.15,0.337,0.200
0.000000000,152.386,1.327,0.171,0.000,0.484,27.749,62.582,21.934,43.867,0.000,429.76,617.15,0.337,0.200
0.000000000,152.480,1.318,0.171,0.000,0.460,26.379,62.623,21.934,43.867,0.000,429.76,617.15,0.337,0.200
0.000000000,152.581,1.310,0.171,0.000,0.436,25.004,62.663,21.934,43.867,0.000,429.76,617.15,0.337,0.200
0.000000000,152.680,1.301,0.171,0.000,0.406,23.290,62.713,21.934,43.867,0.000,429.76,617.15,0.337,0.200
0.000000000,152.781,1.294,0.171,0.000,0.377,21.587,62.762,21.934,43.867,0.000,429.76,617.15,0.337,0.200
0.000000000,152.880,1.284,0.171,0.000,0.336,19.227,62.831,21.934,43.867,0.000,429.76,617.15,0.337,0.200
0.000000000,152.997,1.278,0.171,0.000,0.312,17.894,62.870,22.260,44.521,0.000,436.16,626.68,0.327,0.213
0.000000000,153.081,1.271,0.171,0.000,0.289,16.576,62.909,22.260,44.521,0.000,436.16,626.68,0.327,0.213
0.000000000,153.181,1.264,0.171,0.000,0.267,15.276,62.947,22.260,44.521,0.000,436.16,626.68,0.327,0.213
0.000000000,153.280,1.248,0.172,0.000,0.228,13.048,63.014,22.260,44.521,0.000,436.16,626.68,0.327,0.213
0.000000000,153.381,1.238,0.172,0.000,0.206,11.804,63.052,22.260,44.521,0.000,436.16,626.68,0.327,0.213
0.000000000,153.483,1.222,0.172,0.000,0.179,10.277,63.099,22.260,44.521,0.000,436.16,626.68,0.327,0.213
0.000000000,153.580,1.205,0.172,0.000,0.153,8.786,63.146,22.260,44.521,0.000,436.16,626.68,0.327,0.213
0.000000000,153.680,1.190,0.172,0.000,0.133,7.620,63.183,22.260,44.521,0.000,436.16,626.68,0.327,0.213
0.000000000,153.788,1.162,0.172,0.000,0.099,5.648,63.247,22.260,44.521,0.000,436.16,626.68,0.327,0.213
0.000000000,153.880,1.142,0.172,0.000,0.075,4.303,63.291,22.260,44.521,0.000,436.16,626.68,0.327,0.213
0.000000000,153.991,1.119,0.172,0.000,0.048,2.774,63.343,22.467,44.933,0.000,440.20,627.88,0.206,0.212
0.000000000,154.080,1.096,0.172,0.000,0.024,1.352,63.394,22.467,44.933,0.000,440.20,627.88,0.206,0.212
0.000000000,154.180,1.082,0.172,0.000,0.008,0.469,63.427,22.467,44.933,0.000,440.20,627.88,0.206,0.212
0.000000000,154.280,1.069,0.172,0.000,-0.006,-0.358,63.460,22.467,44.933,0.000,440.20,627.88,0.206,0.212
0.000000000,154.381,1.055,0.172,0.000,-0.023,-1.307,63.501,22.467,44.933,0.000,440.20,627.88,0.206,0.212
0.000000000,154.481,1.039,0.172,0.000,-0.040,-2.311,63.549,22.467,44.933,0.000,440.20,627.88,0.206,0.212
0.000000000,154.581,1.027,0.173,0.000,-0.053,-3.030,63.589,22.467,44.933,0.000,440.20,627.88,0.206,0.212
0.000000000,154.680,1.017,0.173,0.000,-0.063,-3.637,63.628,22.467,44.933,0.000,440.20,627.88,0.206,0.212
0.000000000,154.781,1.006,0.173,0.000,-0.075,-4.291,63.682,22.467,44.933,0.000,440.20,627.88,0.206,0.212
0.000000000,154.881,1.002,0.173,0.000,-0.079,-4.498,63.705,22.467,44.933,0.000,440.20,627.88,0.206,0.212
0.000000000,155.011,0.996,0.173,0.000,-0.083,-4.778,63.751,22.607,45.215,0.000,442.96,630.58,0.139,0.205
0.000000000,155.081,0.993,0.173,0.000,-0.085,-4.864,63.782,22.607,45.215,0.000,442.96,630.58,0.139,0.205
0.000000000,155.180,0.991,0.173,0.000,-0.084,-4.837,63.828,22.607,45.215,0.000,442.96,630.58,0.139,0.205
0.000000000,155.281,0.991,0.173,0.000,-0.082,-4.670,63.866,22.607,45.215,0.000,442.96,630.58,0.139,0.205
0.000000000,155.381,0.993,0.173,0.000,-0.078,-4.441,63.897,22.607,45.215,0.000,442.96,630.58,0.139,0.205
0.000000000,155.481,0.998,0.173,0.000,-0.067,-3.830,63.951,22.607,45.215,0.000,442.96,630.58,0.139,0.205
0.000000000,155.580,1.002,0.173,0.000,-0.061,-3.485,63.975,22.607,45.215,0.000,442.96,630.58,0.139,0.205
0.000000000,155.681,1.010,0.173,0.000,-0.043,-2.489,64.031,22.607,45.215,0.000,442.96,630.58,0.139,0.205
0.000000000,155.781,1.020,0.173,0.000,-0.025,-1.423,64.079,22.607,45.215,0.000,442.96,630.58,0.139,0.205
0.000000000,155.880,1.030,0.173,0.000,-0.003,-0.158,64.129,22.607,45.215,0.000,442.96,630.58,0.139,0.205
0.000000000,156.022,1.037,0.173,0.000,0.014,0.794,64.162,22.754,45.509,0.000,445.84,646.66,0.146,0.199
0.000000000,156.081,1.048,0.173,0.000,0.042,2.385,64.214,22.754,45.509,0.000,445.84,646.66,0.146,0.199
0.000000000,156.181,1.056,0.174,0.000,0.062,3.553,64.248,22.754,45.509,0.000,445.84,646.66,0.146,0.199
0.000000000,156.280,1.065,0.174,0.000,0.090,5.133,64.292,22.754,45.509,0.000,445.84,646.66,0.146,0.199
0.000000000,156.381,1.075,0.174,0.000,0.126,7.206,64.345,22.754,45.509,0.000,445.84,646.66,0.146,0.199
0.000000000,156.499,1.085,0.174,0.000,0.165,9.468,64.399,22.754,45.509,0.000,445.84,646.66,0.146,0.199
0.000000000,156.581,1.092,0.174,0.000,0.193,11.082,64.435,22.754,45.509,0.000,445.84,646.66,0.146,0.199
0.000000000,156.682,1.098,0.174,0.000,0.223,12.781,64.471,22.754,45.509,0.000,445.84,646.66,0.146,0.199
0.000000000,156.780,1.105,0.174,0.000,0.262,15.028,64.517,22.754,45.509,0.000,445.84,646.66,0.146,0.199
0.000000000,156.881,1.112,0.174,0.000,0.304,17.409,64.564,22.754,45.509,0.000,445.84,646.66,0.146,0.199
0.000000000,156.992,1.119,0.174,0.000,0.357,20.449,64.620,22.881,45.762,0.000,448.32,650.69,0.129,0.192
0.000000000,157.081,1.126,0.174,0.000,0.404,23.126,64.667,22.881,45.762,0.000,448.32,650.69,0.129,0.192
0.000000000,157.182,1.129,0.174,0.000,0.433,24.793,64.696,22.881,45.762,0.000,448.32,650.69,0.129,0.192
0.000000000,157.280,1.135,0.174,0.000,0.483,27.664,64.744,22.881,45.762,0.000,448.32,650.69,0.129,0.192
0.000000000,157.381,1.140,0.174,0.000,0.524,30.037,64.782,22.881,45.762,0.000,448.32,650.69,0.129,0.192
0.000000000,157.480,1.143,0.174,0.000,0.556,31.856,64.811,22.881,45.762,0.000,448.32,650.69,0.129,0.192
0.000000000,157.581,1.148,0.175,0.000,0.621,35.589,64.869,22.881,45.762,0.000,448.32,650.69,0.129,0.192
0.000000000,157.680,1.152,0.175,0.000,0.666,38.135,64.908,22.881,45.762,0.000,448.32,650.69,0.129,0.192
0.000000000,157.781,1.154,0.175,0.000,0.699,40.070,64.937,22.881,45.762,0.000,448.32,650.69,0.129,0.192
0.000000000,157.892,1.157,0.175,0.000,0.756,43.338,64.986,22.881,45.762,0.000,448.32,650.69,0.129,0.192
0.000000000,157.987,1.158,0.175,0.000,0.803,45.985,65.025,23.140,46.280,0.000,453.40,659.33,0.259,0.199
0.000000000,158.080,1.159,0.175,0.000,0.838,47.986,65.054,23.140,46.280,0.000,453.40,659.33,0.259,0.199
0.000000000,158.180,1.160,0.175,0.000,0.896,51.344,65.103,23.140,46.280,0.000,453.40,659.33,0.259,0.199
0.000000000,158.281,1.159,0.175,0.000,0.955,54.725,65.151,23.140,46.280,0.000,453.40,659.33,0.259,0.199
0.000000000,158.380,1.156,0.175,0.000,1.026,58.802,65.209,23.140,46.280,0.000,453.40,659.33,0.259,0.199
0.000000000,158.482,1.152,0.175,0.000,1.086,62.200,65.257,23.140,46.280,0.000,453.40,659.33,0.259,0.199
0.000000000,158.580,1.151,0.175,0.000,1.097,62.879,65.267,23.140,46.280,0.000,453.40,659.33,0.259,0.199
0.000000000,158.681,1.143,0.175,0.000,1.168,66.941,65.323,23.140,46.280,0.000,453.40,659.33,0.259,0.199
0.000000000,158.780,1.134,0.175,0.000,1.227,70.300,65.370,23.140,46.280,0.000,453.40,659.33,0.259,0.199
0.000000000,158.881,1.128,0.175,0.000,1.262,72.298,65.397,23.140,46.280,0.000,453.40,659.33,0.259,0.199
0.000000000,159.004,1.112,0.175,0.000,1.342,76.885,65.460,23.516,47.032,0.000,460.76,668.97,0.370,0.216
0.000000000,159.081,1.101,0.176,0.000,1.387,79.453,65.496,23.516,47.032,0.000,460.76,668.97,0.370,0.216
0.000000000,159.181,1.083,0.176,0.000,1.452,83.218,65.547,23.516,47.032,0.000,460.76,668.97,0.370,0.216
0.000000000,159.280,1.063,0.176,0.000,1.516,86.869,65.598,23.516,47.032,0.000,460.76,668.97,0.370,0.216
0.000000000,159.381,1.055,0.176,0.000,1.537,88.058,65.615,23.516,47.032,0.000,460.76,668.97,0.370,0.216
0.000000000,159.480,1.032,0.176,0.000,1.598,91.536,65.664,23.516,47.032,0.000,460.76,668.97,0.370,0.216
0.000000000,159.580,1.011,0.176,0.000,1.646,94.322,65.703,23.516,47.032,0.000,460.76,668.97,0.370,0.216
0.000000000,159.681,0.980,0.176,0.000,1.711,98.051,65.757,23.516,47.032,0.000,460.76,668.97,0.370,0.216
0.000000000,159.781,0.957,0.176,0.000,1.756,100.589,65.794,23.516,47.032,0.000,460.76,668.97,0.370,0.216
0.000000000,159.880,0.951,0.176,0.000,0.926,53.033,65.823,23.516,47.032,0.000,460.76,668.97,0.370,0.216
0.000000000,160.014,0.949,0.176,0.000,0.974,55.797,65.866,24.206,48.412,0.000,474.28,694.94,0.694,0.264
0.000000000,160.081,0.945,0.176,0.000,1.041,59.670,65.902,24.206,48.412,0.000,474.28,694.94,0.694,0.264
0.000000000,160.180,0.940,0.176,0.000,1.095,62.747,65.930,24.206,48.412,0.000,474.28,694.94,0.694,0.264
0.000000000,160.280,0.926,0.176,0.000,1.177,67.455,65.971,24.206,48.412,0.000,474.28,694.94,0.694,0.264
0.000000000,160.380,0.906,0.176,0.000,1.246,71.405,66.005,24.206,48.412,0.000,474.28,694.94,0.694,0.264
0.000000000,160.481,0.870,0.176,0.000,1.340,76.780,66.050,24.206,48.412,0.000,474.28,694.94,0.694,0.264
0.000000000,160.580,0.847,0.176,0.000,1.392,79.761,66.075,24.206,48.412,0.000,474.28,694.94,0.694,0.264
0.000000000,160.694,0.841,0.176,0.000,1.405,80.481,66.081,24.206,48.412,0.000,474.28,694.94,0.694,0.264
0.000000000,160.781,0.810,0.176,0.000,1.467,84.032,66.110,24.206,48.412,0.000,474.28,694.94,0.694,0.264
0.000000000,160.882,0.779,0.176,0.000,1.527,87.491,66.137,24.206,48.412,0.000,474.28,694.94,0.694,0.264
0.000000000,161.007,0.751,0.176,0.000,1.587,90.909,66.163,24.888,49.775,0.000,487.64,727.43,0.679,0.305
0.000000000,161.081,0.725,0.176,0.000,1.644,94.192,66.189,24.888,49.775,0.000,487.64,727.43,0.679,0.305
0.000000000,161.180,0.707,0.176,0.000,1.690,96.850,66.208,24.888,49.775,0.000,487.64,727.43,0.679,0.305
0.000000000,161.280,0.693,0.176,0.000,1.735,99.418,66.227,24.888,49.775,0.000,487.64,727.43,0.679,0.305
0.000000000,161.380,0.680,0.176,0.000,1.780,101.980,66.246,24.888,49.775,0.000,487.64,727.43,0.679,0.305
0.000000000,161.482,0.671,0.176,0.000,1.813,103.857,66.261,24.888,49.775,0.000,487.64,727.43,0.679,0.305
0.000000000,161.600,0.659,0.176,0.000,1.866,106.936,66.285,24.888,49.775,0.000,487.64,727.43,0.679,0.305
0.000000000,161.680,0.648,0.176,0.000,1.919,109.956,66.309,24.888,49.775,0.000,487.64,727.43,0.679,0.305
0.000000000,161.780,0.635,0.177,0.000,1.990,114.046,66.343,24.888,49.775,0.000,487.64,727.43,0.679,0.305
0.000000000,161.881,0.625,0.177,0.000,2.039,116.839,66.367,24.888,49.775,0.000,487.64,727.43,0.679,0.305
0.000000000,162.003,0.618,0.177,0.000,2.077,118.995,66.387,25.165,50.331,0.000,493.08,744.64,0.281,0.303
0.000000000,162.080,0.610,0.177,0.000,2.113,121.069,66.407,25.165,50.331,0.000,493.08,744.64,0.281,0.303
0.000000000,162.180,0.600,0.177,0.000,2.156,123.536,66.431,25.165,50.331,0.000,493.08,744.64,0.281,0.303
0.000000000,162.280,0.592,0.177,0.000,2.189,125.421,66.451,25.165,50.331,0.000,493.08,744.64,0.281,0.303
0.000000000,162.380,0.584,0.177,0.000,2.220,127.210,66.470,25.165,50.331,0.000,493.08,744.64,0.281,0.303
0.000000000,162.481,0.572,0.177,0.000,2.264,129.713,66.498,25.165,50.331,0.000,493.08,744.64,0.281,0.303
0.000000000,162.580,0.564,0.177,0.000,2.297,131.633,66.522,25.165,50.331,0.000,493.08,744.64,0.281,0.303
0.000000000,162.681,0.558,0.177,0.000,2.328,133.376,66.544,25.165,50.331,0.000,493.08,744.64,0.281,0.303
0.000000000,162.780,0.554,0.177,0.000,2.350,134.666,66.562,25.165,50.331,0.000,493.08,744.64,0.281,0.303
0.000000000,162.880,0.551,0.177,0.000,2.381,136.398,66.588,25.165,50.331,0.000,493.08,744.64,0.281,0.303
0.000000000,163.009,0.551,0.177,0.000,2.390,136.936,66.597,25.490,50.980,0.000,499.44,747.67,0.325,0.305
0.000000000,163.081,0.552,0.177,0.000,2.416,138.416,66.622,25.490,50.980,0.000,499.44,747.67,0.325,0.305
0.000000000,163.195,0.554,0.177,0.000,2.436,139.550,66.643,25.490,50.980,0.000,499.44,747.67,0.325,0.305
0.000000000,163.280,0.557,0.177,0.000,2.454,140.614,66.664,25.490,50.980,0.000,499.44,747.67,0.325,0.305
0.000000000,163.380,0.559,0.177,0.000,2.465,141.244,66.676,25.490,50.980,0.000,499.44,747.67,0.325,0.305
0.000000000,163.480,0.564,0.177,0.000,2.487,142.488,66.701,25.490,50.980,0.000,499.44,747.67,0.325,0.305
0.000000000,163.580,0.568,0.177,0.000,2.502,143.338,66.717,25.490,50.980,0.000,499.44,747.67,0.325,0.305
0.000000000,163.680,0.576,0.177,0.000,2.529,144.897,66.745,25.490,50.980,0.000,499.44,747.67,0.325,0.305
0.000000000,163.780,0.584,0.177,0.000,2.550,146.086,66.765,25.490,50.980,0.000,499.44,747.67,0.325,0.305
0.000000000,163.881,0.589,0.177,0.000,2.563,146.833,66.777,25.490,50.980,0.000,499.44,747.67,0.325,0.305
0.000000000,164.032,0.601,0.177,0.000,2.590,148.396,66.801,25.545,51.090,0.000,500.52,749.65,0.055,0.280
0.000000000,164.082,0.610,0.177,0.000,2.609,149.479,66.817,25.545,51.090,0.000,500.52,749.65,0.055,0.280
0.000000000,164.181,0.623,0.177,0.000,2.633,150.876,66.837,25.545,51.090,0.000,500.52,749.65,0.055,0.280
0.000000000,164.281,0.645,0.177,0.000,2.669,152.903,66.866,25.545,51.090,0.000,500.52,749.65,0.055,0.280
0.000000000,164.381,0.659,0.177,0.000,2.689,154.088,66.883,25.545,51.090,0.000,500.52,749.65,0.055,0.280
0.000000000,164.481,0.674,0.177,0.000,2.710,155.285,66.900,25.545,51.090,0.000,500.52,749.65,0.055,0.280
0.000000000,164.580,0.695,0.177,0.000,2.736,156.781,66.922,25.545,51.090,0.000,500.52,749.65,0.055,0.280
0.000000000,164.681,0.716,0.177,0.000,2.762,158.272,66.944,25.545,51.090,0.000,500.52,749.65,0.055,0.280
0.000000000,164.780,0.749,0.177,0.000,2.798,160.307,66.978,25.545,51.090,0.000,500.52,749.65,0.055,0.280
0.000000000,164.883,0.769,0.177,0.000,2.817,161.414,66.998,25.545,51.090,0.000,500.52,749.65,0.055,0.280
0.000000000,165.011,0.789,0.177,0.000,2.836,162.476,67.019,25.610,51.221,0.000,501.80,748.27,0.065,0.258
0.000000000,165.080,0.824,0.177,0.000,2.866,164.210,67.057,25.610,51.221,0.000,501.80,748.27,0.065,0.258
0.000000000,165.181,0.849,0.177,0.000,2.886,165.347,67.086,25.610,51.221,0.000,501.80,748.27,0.065,0.258
0.000000000,165.281,0.863,0.177,0.000,2.897,165.983,67.104,25.610,51.221,0.000,501.80,748.27,0.065,0.258
0.000000000,165.381,0.892,0.177,0.000,2.918,167.169,67.141,25.610,51.221,0.000,501.80,748.27,0.065,0.258
0.000000000,165.480,0.909,0.177,0.000,2.930,167.885,67.166,25.610,51.221,0.000,501.80,748.27,0.065,0.258
0.000000000,165.581,0.930,0.177,0.000,2.944,168.691,67.199,25.610,51.221,0.000,501.80,748.27,0.065,0.258
0.000000000,165.689,0.957,0.177,0.000,2.961,169.630,67.246,25.610,51.221,0.000,501.80,748.27,0.065,0.258
0.000000000,165.781,0.977,0.177,0.000,2.971,170.222,67.287,25.610,51.221,0.000,501.80,748.27,0.065,0.258
0.000000000,165.880,0.995,0.177,0.000,2.978,170.605,67.330,25.610,51.221,0.000,501.80,748.27,0.065,0.258
0.000000000,165.994,1.011,0.177,0.000,2.980,170.750,67.374,25.731,51.462,0.000,504.16,754.09,0.120,0.245
0.000000000,166.080,1.023,0.177,0.000,2.979,170.687,67.412,25.731,51.462,0.000,504.16,754.09,0.120,0.245
0.000000000,166.180,1.034,0.177,0.000,2.975,170.479,67.450,25.731,51.462,0.000,504.16,754.09,0.120,0.245
0.000000000,166.281,1.044,0.177,0.000,2.969,170.127,67.489,25.731,51.462,0.000,504.16,754.09,0.120,0.245
0.000000000,166.381,1.053,0.177,0.000,2.963,169.775,67.520,25.731,51.462,0.000,504.16,754.09,0.120,0.245
0.000000000,166.481,1.066,0.178,0.000,2.952,169.150,67.569,25.731,51.462,0.000,504.16,754.09,0.120,0.245
0.000000000,166.581,1.078,0.178,0.000,2.942,168.579,67.610,25.731,51.462,0.000,504.16,754.09,0.120,0.245
0.000000000,166.682,1.089,0.178,0.000,2.934,168.116,67.643,25.731,51.462,0.000,504.16,754.09,0.120,0.245
0.000000000,166.780,1.106,0.178,0.000,2.922,167.422,67.694,25.731,51.462,0.000,504.16,754.09,0.120,0.245
0.000000000,166.880,1.123,0.178,0.000,2.911,166.790,67.746,25.731,51.462,0.000,504.16,754.09,0.120,0.245
0.000000000,167.014,1.138,0.178,0.000,2.903,166.320,67.790,25.862,51.723,0.000,506.72,763.16,0.131,0.233
0.000000000,167.080,1.154,0.178,0.000,2.895,165.852,67.844,25.862,51.723,0.000,506.72,763.16,0.131,0.233
0.000000000,167.181,1.165,0.178,0.000,2.891,165.616,67.880,25.862,51.723,0.000,506.72,763.16,0.131,0.233
0.000000000,167.281,1.175,0.178,0.000,2.887,165.439,67.917,25.862,51.723,0.000,506.72,763.16,0.131,0.233
0.000000000,167.381,1.190,0.178,0.000,2.885,165.300,67.983,25.862,51.723,0.000,506.72,763.16,0.131,0.233
0.000000000,167.480,1.196,0.178,0.000,2.885,165.305,68.011,25.862,51.723,0.000,506.72,763.16,0.131,0.233
0.000000000,167.580,1.207,0.178,0.000,2.888,165.453,68.068,25.862,51.723,0.000,506.72,763.16,0.131,0.233
0.000000000,167.699,1.218,0.179,0.000,2.896,165.933,68.146,25.862,51.723,0.000,506.72,763.16,0.131,0.233
0.000000000,167.780,1.221,0.179,0.000,2.901,166.196,68.175,25.862,51.723,0.000,506.72,763.16,0.131,0.233
0.000000000,167.880,1.227,0.179,0.000,2.912,166.860,68.234,25.862,51.723,0.000,506.72,763.16,0.131,0.233
0.000000000,168.036,1.232,0.179,0.000,2.927,167.703,68.293,25.937,51.874,0.000,508.20,763.03,0.075,0.217
0.000000000,168.081,1.233,0.179,0.000,2.939,168.367,68.333,25.937,51.874,0.000,508.20,763.03,0.075,0.217
0.000000000,168.180,1.234,0.179,0.000,2.955,169.300,68.382,25.937,51.874,0.000,508.20,763.03,0.075,0.217
0.000000000,168.281,1.233,0.179,0.000,2.973,170.325,68.432,25.937,51.874,0.000,508.20,763.03,0.075,0.217
0.000000000,168.380,1.229,0.179,0.000,3.000,171.875,68.500,25.937,51.874,0.000,508.20,763.03,0.075,0.217
0.000000000,168.481,1.225,0.179,0.000,3.020,173.036,68.549,25.937,51.874,0.000,508.20,763.03,0.075,0.217
0.000000000,168.580,1.220,0.179,0.000,3.041,174.217,68.597,25.937,51.874,0.000,508.20,763.03,0.075,0.217
0.000000000,168.687,1.214,0.179,0.000,3.061,175.390,68.645,25.937,51.874,0.000,508.20,763.03,0.075,0.217
0.000000000,168.781,1.208,0.179,0.000,3.081,176.546,68.692,25.937,51.874,0.000,508.20,763.03,0.075,0.217
0.000000000,168.881,1.200,0.180,0.000,3.105,177.881,68.749,25.937,51.874,0.000,508.20,763.03,0.075,0.217
0.000000000,169.001,1.190,0.180,0.000,3.130,179.331,68.813,25.953,51.907,0.000,508.52,765.46,0.016,0.197
0.000000000,169.080,1.183,0.180,0.000,-3.137,-179.717,68.859,25.953,51.907,0.000,508.52,765.46,0.016,0.197
0.000000000,169.181,1.178,0.180,0.000,-3.124,-179.005,68.895,25.953,51.907,0.000,508.52,765.46,0.016,0.197
0.000000000,169.280,1.169,0.180,0.000,-3.107,-178.014,68.950,25.953,51.907,0.000,508.52,765.46,0.016,0.197
0.000000000,169.381,1.159,0.180,0.000,-3.091,-177.092,69.004,25.953,51.907,0.000,508.52,765.46,0.016,0.197
0.000000000,169.480,1.148,0.180,0.000,-3.075,-176.203,69.058,25.953,51.907,0.000,508.52,765.46,0.016,0.197
0.000000000,169.581,1.137,0.180,0.000,-3.063,-175.471,69.102,25.953,51.907,0.000,508.52,765.46,0.016,0.197
0.000000000,169.680,1.124,0.180,0.000,-3.050,-174.729,69.146,25.953,51.907,0.000,508.52,765.46,0.016,0.197
0.000000000,169.784,1.099,0.180,0.000,-3.034,-173.827,69.199,25.953,51.907,0.000,508.52,765.46,0.016,0.197
0.000000000,169.881,1.076,0.180,0.000,-3.023,-173.205,69.233,25.953,51.907,0.000,508.52,765.46,0.016,0.197
0.000000000,170.014,1.032,0.180,0.000,-3.006,-172.206,69.282,25.964,51.927,0.000,508.72,761.13,0.010,0.179
0.000000000,170.082,0.978,0.180,0.000,-2.987,-171.116,69.329,25.964,51.927,0.000,508.72,761.13,0.010,0.179
0.000000000,170.180,0.938,0.181,0.000,-2.973,-170.332,69.359,25.964,51.927,0.000,508.72,761.13,0.010,0.179
0.000000000,170.281,0.873,0.181,0.000,-2.951,-169.076,69.400,25.964,51.927,0.000,508.72,761.13,0.010,0.179
0.000000000,170.383,0.816,0.181,0.000,-2.932,-167.977,69.432,25.964,51.927,0.000,508.72,761.13,0.010,0.179
0.000000000,170.481,0.760,0.181,0.000,-2.912,-166.836,69.462,25.964,51.927,0.000,508.72,761.13,0.010,0.179
0.000000000,170.581,0.693,0.181,0.000,-2.888,-165.448,69.494,25.964,51.927,0.000,508.72,761.13,0.010,0.179
0.000000000,170.684,0.651,0.181,0.000,-2.871,-164.522,69.513,25.964,51.927,0.000,508.72,761.13,0.010,0.179
0.000000000,170.780,0.581,0.181,0.000,-2.844,-162.936,69.544,25.964,51.927,0.000,508.72,761.13,0.010,0.179
0.000000000,170.880,0.546,0.181,0.000,-2.829,-162.068,69.560,25.964,51.927,0.000,508.72,761.13,0.010,0.179
0.000000000,171.008,0.498,0.181,0.000,-2.807,-160.812,69.581,25.982,51.964,0.000,509.08,762.98,0.018,0.163
0.000000000,171.081,0.465,0.181,0.000,-2.790,-159.843,69.597,25.982,51.964,0.000,509.08,762.98,0.018,0.163
0.000000000,171.200,0.435,0.181,0.000,-2.771,-158.766,69.616,25.982,51.964,0.000,509.08,762.98,0.018,0.163
0.000000000,171.281,0.418,0.181,0.000,-2.757,-157.956,69.631,25.982,51.964,0.000,509.08,762.98,0.018,0.163
0.000000000,171.382,0.408,0.181,0.000,-2.742,-157.122,69.648,25.982,51.964,0.000,509.08,762.98,0.018,0.163
0.000000000,171.481,0.408,0.181,0.000,-2.732,-156.530,69.663,25.982,51.964,0.000,509.08,762.98,0.018,0.163
0.000000000,171.597,0.415,0.181,0.000,-2.724,-156.055,69.679,25.982,51.964,0.000,509.08,762.98,0.018,0.163
0.000000000,171.680,0.431,0.181,0.000,-2.717,-155.646,69.699,25.982,51.964,0.000,509.08,762.98,0.018,0.163
0.000000000,171.780,0.453,0.181,0.000,-2.712,-155.413,69.722,25.982,51.964,0.000,509.08,762.98,0.018,0.163
0.000000000,171.880,0.479,0.181,0.000,-2.712,-155.374,69.746,25.982,51.964,0.000,509.08,762.98,0.018,0.163
0.000000000,172.025,0.501,0.181,0.000,-2.714,-155.493,69.767,25.986,51.972,0.000,509.16,762.63,0.004,0.147
0.000000000,172.081,0.524,0.181,0.000,-2.718,-155.747,69.790,25.986,51.972,0.000,509.16,762.63,0.004,0.147
0.000000000,172.180,0.538,0.181,0.000,-2.722,-155.969,69.804,25.986,51.972,0.000,509.16,762.63,0.004,0.147
0.000000000,172.280,0.562,0.181,0.000,-2.730,-156.446,69.829,25.986,51.972,0.000,509.16,762.63,0.004,0.147
0.000000000,172.381,0.585,0.181,0.000,-2.741,-157.067,69.855,25.986,51.972,0.000,509.16,762.63,0.004,0.147
0.000000000,172.480,0.607,0.181,0.000,-2.755,-157.822,69.882,25.986,51.972,0.000,509.16,762.63,0.004,0.147
0.000000000,172.581,0.630,0.181,0.000,-2.770,-158.721,69.910,25.986,51.972,0.000,509.16,762.63,0.004,0.147
0.000000000,172.681,0.657,0.181,0.000,-2.792,-159.974,69.944,25.986,51.972,0.000,509.16,762.63,0.004,0.147
0.000000000,172.781,0.693,0.181,0.000,-2.827,-161.951,69.993,25.986,51.972,0.000,509.16,762.63,0.004,0.147
0.000000000,172.880,0.717,0.181,0.000,-2.851,-163.367,70.024,25.986,51.972,0.000,509.16,762.63,0.004,0.147
0.000000000,173.017,0.732,0.181,0.000,-2.867,-164.285,70.043,25.988,51.976,0.000,509.20,762.27,0.002,0.132
0.000000000,173.080,0.751,0.181,0.000,-2.890,-165.591,70.069,25.988,51.976,0.000,509.20,762.27,0.002,0.132
0.000000000,173.180,0.777,0.181,0.000,-2.921,-167.345,70.103,25.988,51.976,0.000,509.20,762.27,0.002,0.132
0.000000000,173.280,0.798,0.181,0.000,-2.947,-168.854,70.130,25.988,51.976,0.000,509.20,762.27,0.002,0.132
0.000000000,173.381,0.825,0.181,0.000,-2.982,-170.871,70.165,25.988,51.976,0.000,509.20,762.27,0.002,0.132
0.000000000,173.481,0.853,0.181,0.000,-3.020,-173.039,70.202,25.988,51.976,0.000,509.20,762.27,0.002,0.132
0.000000000,173.581,0.881,0.181,0.000,-3.061,-175.357,70.239,25.988,51.976,0.000,509.20,762.27,0.002,0.132
0.000000000,173.680,0.910,0.181,0.000,-3.104,-177.823,70.278,25.988,51.976,0.000,509.20,762.27,0.002,0.132
0.000000000,173.781,0.950,0.181,0.000,3.115,178.489,70.333,25.988,51.976,0.000,509.20,762.27,0.002,0.132
0.000000000,173.880,0.984,0.181,0.000,3.057,175.126,70.382,25.988,51.976,0.000,509.20,762.27,0.002,0.132
0.000000000,174.004,1.011,0.181,0.000,3.005,172.196,70.424,25.988,51.976,0.000,509.20,762.07,0.000,0.119
0.000000000,174.080,1.037,0.182,0.000,2.952,169.162,70.467,25.988,51.976,0.000,509.20,762.07,0.000,0.119
0.000000000,174.181,1.067,0.182,0.000,2.887,165.408,70.520,25.988,51.976,0.000,509.20,762.07,0.000,0.119
0.000000000,174.281,1.090,0.182,0.000,2.831,162.198,70.565,25.988,51.976,0.000,509.20,762.07,0.000,0.119
0.000000000,174.381,1.108,0.182,0.000,2.785,159.585,70.601,25.988,51.976,0.000,509.20,762.07,0.000,0.119
0.000000000,174.482,1.124,0.182,0.000,2.739,156.936,70.638,25.988,51.976,0.000,509.20,762.07,0.000,0.119
0.000000000,174.581,1.139,0.182,0.000,2.692,154.258,70.675,25.988,51.976,0.000,509.20,762.07,0.000,0.119
0.000000000,174.680,1.163,0.182,0.000,2.609,149.510,70.741,25.988,51.976,0.000,509.20,762.07,0.000,0.119
0.000000000,174.781,1.178,0.182,0.000,2.550,146.079,70.788,25.988,51.976,0.000,509.20,762.07,0.000,0.119
0.000000000,174.881,1.186,0.182,0.000,2.513,144.009,70.817,25.988,51.976,0.000,509.20,762.07,0.000,0.119
0.000000000,175.002,1.199,0.182,0.000,2.453,140.546,70.865,25.988,51.976,0.000,509.20,767.00,0.000,0.107
0.000000000,175.080,1.210,0.182,0.000,2.392,137.072,70.914,25.988,51.976,0.000,509.20,767.00,0.000,0.107
0.000000000,175.181,1.222,0.182,0.000,2.320,132.899,70.972,25.988,51.976,0.000,509.20,767.00,0.000,0.107
0.000000000,175.281,1.232,0.182,0.000,2.247,128.732,71.031,25.988,51.976,0.000,509.20,767.00,0.000,0.107
0.000000000,175.381,1.236,0.182,0.000,2.223,127.346,71.051,25.988,51.976,0.000,509.20,767.00,0.000,0.107
0.000000000,175.480,1.244,0.183,0.000,2.150,123.209,71.109,25.988,51.976,0.000,509.20,767.00,0.000,0.107
0.000000000,175.581,1.250,0.183,0.000,2.103,120.472,71.149,25.988,51.976,0.000,509.20,767.00,0.000,0.107
0.000000000,175.680,1.256,0.183,0.000,2.044,117.087,71.198,25.988,51.976,0.000,509.20,767.00,0.000,0.107
0.000000000,175.781,1.262,0.183,0.000,1.985,113.748,71.247,25.988,51.976,0.000,509.20,767.00,0.000,0.107
0.000000000,175.881,1.267,0.183,0.000,1.928,110.468,71.296,25.988,51.976,0.000,509.20,767.00,0.000,0.107
0.000000000,176.032,1.271,0.183,0.000,1.872,107.253,71.345,26.127,52.254,0.000,511.92,773.01,0.141,0.111
0.000000000,176.080,1.277,0.183,0.000,1.806,103.494,71.403,26.127,52.254,0.000,511.92,773.01,0.141,0.111
0.000000000,176.180,1.281,0.183,0.000,1.743,99.852,71.462,26.127,52.254,0.000,511.92,773.01,0.141,0.111
0.000000000,176.280,1.283,0.183,0.000,1.681,96.331,71.521,26.127,52.254,0.000,511.92,773.01,0.141,0.111
0.000000000,176.381,1.284,0.183,0.000,1.642,94.053,71.560,26.127,52.254,0.000,511.92,773.01,0.141,0.111
0.000000000,176.484,1.284,0.183,0.000,1.603,91.829,71.599,26.127,52.254,0.000,511.92,773.01,0.141,0.111
0.000000000,176.580,1.281,0.183,0.000,1.556,89.132,71.647,26.127,52.254,0.000,511.92,773.01,0.141,0.111
0.000000000,176.680,1.278,0.183,0.000,1.519,87.041,71.686,26.127,52.254,0.000,511.92,773.01,0.141,0.111
0.000000000,176.782,1.269,0.184,0.000,1.458,83.524,71.753,26.127,52.254,0.000,511.92,773.01,0.141,0.111
0.000000000,176.896,1.260,0.184,0.000,1.416,81.129,71.800,26.127,52.254,0.000,511.92,773.01,0.141,0.111
0.000000000,176.996,1.255,0.184,0.000,1.392,79.738,71.829,26.578,53.156,0.000,520.76,779.23,0.451,0.145
0.000000000,177.081,1.242,0.184,0.000,1.345,77.064,71.885,26.578,53.156,0.000,520.76,779.23,0.451,0.145
0.000000000,177.185,1.232,0.184,0.000,1.315,75.357,71.922,26.578,53.156,0.000,520.76,779.23,0.451,0.145
0.000000000,177.281,1.218,0.184,0.000,1.280,73.314,71.968,26.578,53.156,0.000,520.76,779.23,0.451,0.145
0.000000000,177.406,1.200,0.184,0.000,1.239,70.995,72.021,26.578,53.156,0.000,520.76,779.23,0.451,0.145
0.000000000,177.481,1.181,0.184,0.000,1.201,68.832,72.074,26.578,53.156,0.000,520.76,779.23,0.451,0.145
0.000000000,177.580,1.160,0.184,0.000,1.166,66.833,72.126,26.578,53.156,0.000,520.76,779.23,0.451,0.145
0.000000000,177.680,1.142,0.184,0.000,1.140,65.291,72.169,26.578,53.156,0.000,520.76,779.23,0.451,0.145
0.000000000,177.781,1.130,0.184,0.000,1.124,64.420,72.194,26.578,53.156,0.000,520.76,779.23,0.451,0.145
0.000000000,177.880,1.115,0.184,0.000,1.105,63.323,72.226,26.578,53.156,0.000,520.76,779.23,0.451,0.145
0.000000000,178.006,1.098,0.184,0.000,1.087,62.299,72.258,26.582,53.164,0.000,520.84,781.88,0.004,0.131
0.000000000,178.081,1.081,0.184,0.000,1.071,61.352,72.290,26.582,53.164,0.000,520.84,781.88,0.004,0.131
0.000000000,178.180,1.055,0.184,0.000,1.049,60.075,72.336,26.582,53.164,0.000,520.84,781.88,0.004,0.131
0.000000000,178.281,1.028,0.184,0.000,1.029,58.976,72.380,26.582,53.164,0.000,520.84,781.88,0.004,0.131
0.000000000,178.380,1.000,0.185,0.000,1.013,58.058,72.424,26.582,53.164,0.000,520.84,781.88,0.004,0.131
0.000000000,178.480,0.981,0.185,0.000,1.004,57.547,72.452,26.582,53.164,0.000,520.84,781.88,0.004,0.131
0.000000000,178.581,0.958,0.185,0.000,0.995,57.018,72.486,26.582,53.164,0.000,520.84,781.88,0.004,0.131
0.000000000,178.680,0.934,0.185,0.000,0.988,56.612,72.519,26.582,53.164,0.000,520.84,781.88,0.004,0.131
0.000000000,178.780,0.905,0.185,0.000,0.982,56.280,72.557,26.582,53.164,0.000,520.84,781.88,0.004,0.131
0.000000000,178.883,0.886,0.185,0.000,0.980,56.148,72.582,26.582,53.164,0.000,520.84,781.88,0.004,0.131
0.000000000,179.003,0.863,0.185,0.000,0.979,56.076,72.613,26.584,53.168,0.000,520.88,786.82,0.002,0.118
0.000000000,179.080,0.841,0.185,0.000,0.979,56.095,72.642,26.584,53.168,0.000,520.88,786.82,0.002,0.118
0.000000000,179.181,0.810,0.185,0.000,0.982,56.253,72.682,26.584,53.168,0.000,520.88,786.82,0.002,0.118
0.000000000,179.280,0.798,0.185,0.000,0.984,56.362,72.698,26.584,53.168,0.000,520.88,786.82,0.002,0.118
0.000000000,179.381,0.779,0.185,0.000,0.988,56.587,72.726,26.584,53.168,0.000,520.88,786.82,0.002,0.118
0.000000000,179.481,0.761,0.185,0.000,0.992,56.860,72.752,26.584,53.168,0.000,520.88,786.82,0.002,0.118
0.000000000,179.581,0.745,0.185,0.000,0.998,57.169,72.779,26.584,53.168,0.000,520.88,786.82,0.002,0.118
0.000000000,179.680,0.727,0.185,0.000,1.006,57.655,72.815,26.584,53.168,0.000,520.88,786.82,0.002,0.118
0.000000000,179.780,0.719,0.185,0.000,1.012,57.956,72.836,26.584,53.168,0.000,520.88,786.82,0.002,0.118
0.000000000,179.881,0.712,0.185,0.000,1.017,58.268,72.857,26.584,53.168,0.000,520.88,786.82,0.002,0.118
0.000000000,180.010,0.707,0.185,0.000,1.024,58.672,72.884,26.584,53.168,0.000,520.88,787.81,0.000,0.106
0.000000000,180.080,0.704,0.185,0.000,1.031,59.089,72.910,26.584,53.168,0.000,520.88,787.81,0.000,0.106
0.000000000,180.181,0.705,0.185,0.000,1.039,59.516,72.937,26.584,53.168,0.000,520.88,787.81,0.000,0.106
0.000000000,180.281,0.708,0.185,0.000,1.046,59.947,72.965,26.584,53.168,0.000,520.88,787.81,0.000,0.106
0.000000000,180.381,0.715,0.185,0.000,1.054,60.379,72.993,26.584,53.168,0.000,520.88,787.81,0.000,0.106
0.000000000,180.480,0.726,0.185,0.000,1.061,60.801,73.022,26.584,53.168,0.000,520.88,787.81,0.000,0.106
0.000000000,180.581,0.740,0.185,0.000,1.068,61.211,73.052,26.584,53.168,0.000,520.88,787.81,0.000,0.106
0.000000000,180.681,0.761,0.185,0.000,1.077,61.685,73.089,26.584,53.168,0.000,520.88,787.81,0.000,0.106
0.000000000,180.780,0.782,0.185,0.000,1.083,62.062,73.121,26.584,53.168,0.000,520.88,787.81,0.000,0.106
0.000000000,180.882,0.801,0.185,0.000,1.088,62.354,73.147,26.584,53.168,0.000,520.88,787.81,0.000,0.106
0.000000000,181.007,0.837,0.185,0.000,1.097,62.842,73.195,26.607,53.213,0.000,521.32,788.94,0.022,0.098
0.000000000,181.114,0.860,0.185,0.000,1.101,63.107,73.224,26.607,53.213,0.000,521.32,788.94,0.022,0.098
0.000000000,181.181,0.889,0.185,0.000,1.107,63.419,73.261,26.607,53.213,0.000,521.32,788.94,0.022,0.098
0.000000000,181.281,0.933,0.185,0.000,1.113,63.798,73.315,26.607,53.213,0.000,521.32,788.94,0.022,0.098
0.000000000,181.387,0.959,0.185,0.000,1.117,63.977,73.348,26.607,53.213,0.000,521.32,788.94,0.022,0.098
0.000000000,181.480,0.996,0.186,0.000,1.120,64.182,73.398,26.607,53.213,0.000,521.32,788.94,0.022,0.098
0.000000000,181.580,1.026,0.186,0.000,1.122,64.287,73.441,26.607,53.213,0.000,521.32,788.94,0.022,0.098
0.000000000,181.681,1.059,0.186,0.000,1.123,64.325,73.494,26.607,53.213,0.000,521.32,788.94,0.022,0.098
0.000000000,181.781,1.078,0.186,0.000,1.122,64.295,73.531,26.607,53.213,0.000,521.32,788.94,0.022,0.098
0.000000000,181.880,1.104,0.186,0.000,1.120,64.164,73.586,26.607,53.213,0.000,521.32,788.94,0.022,0.098
0.000000000,182.007,1.122,0.186,0.000,1.116,63.968,73.633,26.607,53.213,0.000,521.32,788.50,0.000,0.088
0.000000000,182.082,1.159,0.186,0.000,0.547,31.349,73.680,26.607,53.213,0.000,521.32,788.50,0.000,0.088
0.000000000,182.181,1.130,0.186,0.000,-0.493,-28.259,73.737,26.607,53.213,0.000,521.32,788.50,0.000,0.088
0.000000000,182.280,1.077,0.186,0.000,-1.518,-86.991,73.791,26.607,53.213,0.000,521.32,788.50,0.000,0.088
0.000000000,182.381,0.978,0.186,0.000,-2.511,-143.892,73.840,26.607,53.213,0.000,521.32,788.50,0.000,0.088
0.000000000,182.481,0.912,0.186,0.000,2.978,170.627,73.877,26.607,53.213,0.000,521.32,788.50,0.000,0.088
0.000000000,182.583,0.906,0.186,0.000,2.185,125.216,73.912,26.607,53.213,0.000,521.32,788.50,0.000,0.088
0.000000000,182.680,0.943,0.186,0.000,1.238,70.922,73.954,26.607,53.213,0.000,521.32,788.50,0.000,0.088
0.000000000,182.780,0.958,0.186,0.000,0.203,11.605,74.005,26.607,53.213,0.000,521.32,788.50,0.000,0.088
0.000000000,182.881,0.935,0.187,0.000,-0.373,-21.358,74.034,26.607,53.213,0.000,521.32,788.50,0.000,0.088
0.000000000,182.997,0.868,0.187,0.000,-1.101,-63.078,74.068,26.607,53.213,0.000,521.32,804.43,0.000,0.079
0.000000000,183.080,0.731,0.187,0.000,-2.082,-119.279,74.114,26.607,53.213,0.000,521.32,804.43,0.000,0.079
0.000000000,183.180,0.644,0.187,0.000,-2.869,-164.406,74.154,26.607,53.213,0.000,521.32,804.43,0.000,0.079
0.000000000,183.280,0.624,0.187,0.000,2.744,157.237,74.193,26.607,53.213,0.000,521.32,804.43,0.000,0.079
0.000000000,183.380,0.629,0.187,0.000,2.066,118.390,74.236,26.607,53.213,0.000,521.32,804.43,0.000,0.079
0.000000000,183.481,16.261,0.187,0.000,1.832,104.964,74.463,26.607,53.213,0.000,521.32,804.43,0.000,0.079
0.000000000,183.580,16.459,0.190,0.000,2.894,165.787,75.389,26.607,53.213,0.000,521.32,804.43,0.000,0.079
0.000000000,183.681,16.700,0.192,0.000,-2.406,-137.839,76.198,26.607,53.213,0.000,521.32,804.43,0.000,0.079
0.000000000,183.780,16.925,0.193,0.000,-1.891,-108.369,76.884,26.607,53.213,0.000,521.32,804.43,0.000,0.079
0.000000000,183.880,17.115,0.195,0.000,-1.421,-81.404,77.581,26.607,53.213,0.000,521.32,804.43,0.000,0.079
0.000000000,184.004,17.213,0.196,0.000,-1.059,-60.681,78.002,26.607,53.213,0.000,521.32,824.06,0.000,0.071
0.000000000,184.080,17.339,0.197,0.000,-0.448,-25.672,78.565,26.607,53.213,0.000,521.32,824.06,0.000,0.071
0.000000000,184.180,17.486,0.199,0.000,0.248,14.190,79.273,26.607,53.213,0.000,521.32,824.06,0.000,0.071
0.000000000,184.283,17.611,0.201,0.000,0.719,41.220,79.983,26.607,53.213,0.000,521.32,824.06,0.000,0.071
0.000000000,184.380,17.701,0.203,0.000,1.151,65.952,80.692,26.607,53.213,0.000,521.32,824.06,0.000,0.071
0.000000000,184.481,17.749,0.204,0.000,1.730,99.108,81.401,26.607,53.213,0.000,521.32,824.06,0.000,0.071
0.000000000,184.580,17.807,0.206,0.000,2.238,128.230,82.110,26.607,53.213,0.000,521.32,824.06,0.000,0.071
0.000000000,184.681,18.046,0.208,0.000,1.711,98.027,82.972,26.607,53.213,0.000,521.32,824.06,0.000,0.071
0.000000000,184.780,18.363,0.210,0.000,1.645,94.253,83.855,26.607,53.213,0.000,521.32,824.06,0.000,0.071
0.000000000,184.909,18.597,0.212,0.000,1.639,93.884,84.459,26.607,53.213,0.000,521.32,824.06,0.000,0.071
0.000000000,185.027,18.811,0.213,0.000,1.646,94.292,85.077,26.639,53.279,0.000,521.96,878.87,0.033,0.067
0.000000000,185.081,18.960,0.215,0.000,1.602,91.788,85.705,26.639,53.279,0.000,521.96,878.87,0.033,0.067
0.000000000,185.181,19.085,0.216,0.000,0.515,29.483,86.342,26.639,53.279,0.000,521.96,878.87,0.033,0.067
0.000000000,185.281,19.254,0.218,0.000,1.734,99.378,87.144,26.639,53.279,0.000,521.96,878.87,0.033,0.067
0.000000000,185.380,19.407,0.220,0.000,1.352,77.478,87.952,26.639,53.279,0.000,521.96,878.87,0.033,0.067
0.000000000,185.480,19.648,0.223,0.000,1.334,76.448,88.928,26.639,53.279,0.000,521.96,878.87,0.033,0.067
0.000000000,185.580,19.796,0.224,0.000,1.361,78.008,89.582,26.639,53.279,0.000,521.96,878.87,0.033,0.067
0.000000000,185.681,19.862,0.225,0.000,1.381,79.110,89.910,26.639,53.279,0.000,521.96,878.87,0.033,0.067
0.000000000,185.780,20.016,0.227,0.000,1.429,81.855,90.732,26.639,53.279,0.000,521.96,878.87,0.033,0.067
0.000000000,185.881,20.154,0.229,0.000,1.469,84.190,91.559,26.639,53.279,0.000,521.96,878.87,0.033,0.067
0.000000000,186.017,3.623,0.230,0.000,1.942,111.270,92.068,26.639,53.279,0.000,521.96,935.79,0.000,0.061
0.000000000,186.081,3.494,0.230,0.000,1.972,112.995,92.176,26.639,53.279,0.000,521.96,935.79,0.000,0.061
0.000000000,186.181,3.381,0.231,0.000,1.991,114.100,92.334,26.639,53.279,0.000,521.96,935.79,0.000,0.061
0.000000000,186.280,3.240,0.231,0.000,2.009,115.124,92.616,26.639,53.279,0.000,521.96,935.79,0.000,0.061
0.000000000,186.380,3.069,0.232,0.000,2.029,116.238,93.050,26.639,53.279,0.000,521.96,935.79,0.000,0.061
0.000000000,186.482,2.981,0.233,0.000,2.038,116.796,93.255,26.639,53.279,0.000,521.96,935.79,0.000,0.061
0.000000000,186.581,2.828,0.234,0.000,2.054,117.675,93.562,26.639,53.279,0.000,521.96,935.79,0.000,0.061
0.000000000,186.681,2.703,0.234,0.000,2.063,118.228,93.780,26.639,53.279,0.000,521.96,935.79,0.000,0.061
0.000000000,186.781,2.545,0.235,0.000,2.074,118.821,94.023,26.639,53.279,0.000,521.96,935.79,0.000,0.061
0.000000000,186.881,2.385,0.235,0.000,2.082,119.283,94.237,26.639,53.279,0.000,521.96,935.79,0.000,0.061
0.000000000,187.035,2.227,0.235,0.000,2.087,119.589,94.427,26.639,53.279,0.000,521.96,991.97,0.000,0.055
0.000000000,187.083,2.037,0.236,0.000,2.090,119.758,94.637,26.639,53.279,0.000,521.96,991.97,0.000,0.055
0.000000000,187.180,1.894,0.236,0.000,2.090,119.744,94.785,26.639,53.279,0.000,521.96,991.97,0.000,0.055
0.000000000,187.281,1.840,0.236,0.000,2.089,119.700,94.840,26.639,53.279,0.000,521.96,991.97,0.000,0.055
0.000000000,187.381,1.686,0.237,0.000,2.084,119.428,94.988,26.639,53.279,0.000,521.96,991.97,0.000,0.055
0.000000000,187.481,1.589,0.237,0.000,2.079,119.133,95.076,26.639,53.279,0.000,521.96,991.97,0.000,0.055
0.000000000,187.581,1.475,0.237,0.000,2.071,118.638,95.177,26.639,53.279,0.000,521.96,991.97,0.000,0.055
0.000000000,187.680,1.329,0.237,0.000,2.055,117.724,95.302,26.639,53.279,0.000,521.96,991.97,0.000,0.055
0.000000000,187.780,1.236,0.237,0.000,2.041,116.931,95.381,26.639,53.279,0.000,521.96,991.97,0.000,0.055
0.000000000,187.880,1.201,0.237,0.000,2.035,116.585,95.411,26.639,53.279,0.000,521.96,991.97,0.000,0.055
0.000000000,188.013,1.111,0.238,0.000,1.892,108.408,95.494,26.639,53.279,0.000,521.96,1025.06,0.000,0.049
0.000000000,188.081,1.038,0.238,0.000,1.790,102.551,95.543,26.639,53.279,0.000,521.96,1025.06,0.000,0.049
0.000000000,188.180,0.920,0.238,0.000,1.670,95.710,95.595,26.639,53.279,0.000,521.96,1025.06,0.000,0.049
0.000000000,188.281,0.762,0.238,0.000,1.542,88.332,95.645,26.639,53.279,0.000,521.96,1025.06,0.000,0.049
0.000000000,188.381,0.635,0.238,0.000,1.447,82.890,95.678,26.639,53.279,0.000,521.96,1025.06,0.000,0.049
0.000000000,188.481,0.553,0.238,0.000,1.379,78.992,95.700,26.639,53.279,0.000,521.96,1025.06,0.000,0.049
0.000000000,188.580,0.479,0.238,0.000,1.340,76.800,95.727,26.639,53.279,0.000,521.96,1025.06,0.000,0.049
0.000000000,188.680,0.394,0.238,0.000,1.402,80.308,95.766,26.639,53.279,0.000,521.96,1025.06,0.000,0.049
0.000000000,188.780,0.402,0.238,0.000,1.433,82.090,95.785,26.639,53.279,0.000,521.96,1025.06,0.000,0.049
0.000000000,188.881,0.454,0.238,0.000,1.474,84.483,95.814,26.639,53.279,0.000,521.96,1025.06,0.000,0.049
0.000000000,189.020,0.538,0.238,0.000,1.524,87.323,95.854,26.639,53.279,0.000,521.96,1038.17,0.000,0.044
0.000000000,189.081,0.620,0.238,0.000,1.577,90.366,95.906,26.639,53.279,0.000,521.96,1038.17,0.000,0.044
0.000000000,189.180,0.656,0.238,0.000,1.608,92.122,95.942,26.639,53.279,0.000,521.96,1038.17,0.000,0.044
0.000000000,189.281,0.669,0.238,0.000,1.635,93.683,95.977,26.639,53.279,0.000,521.96,1038.17,0.000,0.044
0.000000000,189.380,0.667,0.238,0.000,1.661,95.142,96.013,26.639,53.279,0.000,521.96,1038.17,0.000,0.044
0.000000000,189.481,0.658,0.238,0.000,1.684,96.465,96.048,26.639,53.279,0.000,521.96,1038.17,0.000,0.044
0.000000000,189.604,0.641,0.238,0.000,1.704,97.618,96.083,26.639,53.279,0.000,521.96,1038.17,0.000,0.044
0.000000000,189.681,0.610,0.238,0.000,1.724,98.803,96.125,26.639,53.279,0.000,521.96,1038.17,0.000,0.044
0.000000000,189.781,0.568,0.238,0.000,1.740,99.695,96.167,26.639,53.279,0.000,521.96,1038.17,0.000,0.044
0.000000000,189.882,0.518,0.238,0.000,1.751,100.326,96.207,26.639,53.279,0.000,521.96,1038.17,0.000,0.044
0.000000000,190.026,0.463,0.238,0.000,1.758,100.733,96.246,26.639,53.279,0.000,521.96,1035.22,0.000,0.040
0.000000000,190.088,0.409,0.238,0.000,1.762,100.958,96.285,26.639,53.279,0.000,521.96,1035.22,0.000,0.040
0.000000000,190.181,0.352,0.238,0.000,1.763,101.028,96.332,26.639,53.279,0.000,521.96,1035.22,0.000,0.040
0.000000000,190.280,0.323,0.238,0.000,1.762,100.971,96.365,26.639,53.279,0.000,521.96,1035.22,0.000,0.040
0.000000000,190.381,0.301,0.238,0.000,1.759,100.805,96.406,26.639,53.279,0.000,521.96,1035.22,0.000,0.040
0.000000000,190.481,0.298,0.238,0.000,1.756,100.606,96.441,26.639,53.279,0.000,521.96,1035.22,0.000,0.040
0.000000000,190.600,0.315,0.238,0.000,1.749,100.212,96.496,26.639,53.279,0.000,521.96,1035.22,0.000,0.040
0.000000000,190.680,0.344,0.239,0.000,1.742,99.809,96.545,26.639,53.279,0.000,521.96,1035.22,0.000,0.040
0.000000000,190.781,0.383,0.239,0.000,1.734,99.353,96.595,26.639,53.279,0.000,521.96,1035.22,0.000,0.040
0.000000000,190.898,0.437,0.239,0.000,1.724,98.751,96.659,26.639,53.279,0.000,521.96,1035.22,0.000,0.040
0.000000000,191.030,0.494,0.239,0.000,1.712,98.104,96.725,26.654,53.307,0.000,522.24,1036.79,0.014,0.037
0.000000000,191.080,0.564,0.239,0.000,1.698,97.312,96.807,26.654,53.307,0.000,522.24,1036.79,0.014,0.037
0.000000000,191.185,0.612,0.239,0.000,1.688,96.730,96.868,26.654,53.307,0.000,522.24,1036.79,0.014,0.037
0.000000000,191.281,0.671,0.239,0.000,1.676,96.023,96.943,26.654,53.307,0.000,522.24,1036.79,0.014,0.037
0.000000000,191.381,0.721,0.239,0.000,1.666,95.432,97.008,26.654,53.307,0.000,522.24,1036.79,0.014,0.037
0.000000000,191.481,0.771,0.239,0.000,1.655,94.841,97.076,26.654,53.307,0.000,522.24,1036.79,0.014,0.037
0.000000000,191.581,0.844,0.240,0.000,1.641,94.022,97.173,26.654,53.307,0.000,522.24,1036.79,0.014,0.037
0.000000000,191.681,0.905,0.240,0.000,1.629,93.331,97.260,26.654,53.307,0.000,522.24,1036.79,0.014,0.037
0.000000000,191.781,0.953,0.240,0.000,1.619,92.765,97.334,26.654,53.307,0.000,522.24,1036.79,0.014,0.037
0.000000000,191.882,1.012,0.240,0.000,1.607,92.095,97.426,26.654,53.307,0.000,522.24,1036.79,0.014,0.037
0.000000000,192.054,1.070,0.240,0.000,1.596,91.439,97.519,26.654,53.307,0.000,522.24,1035.02,0.000,0.033
0.000000000,192.080,1.118,0.240,0.000,1.587,90.902,97.599,26.654,53.307,0.000,522.24,1035.02,0.000,0.033
0.000000000,192.180,1.185,0.241,0.000,1.574,90.168,97.714,26.654,53.307,0.000,522.24,1035.02,0.000,0.033
0.000000000,192.280,1.251,0.241,0.000,1.561,89.453,97.831,26.654,53.307,0.000,522.24,1035.02,0.000,0.033
0.000000000,192.380,1.288,0.241,0.000,1.554,89.055,97.899,26.654,53.307,0.000,522.24,1035.02,0.000,0.033
0.000000000,192.480,1.353,0.241,0.000,1.542,88.371,98.021,26.654,53.307,0.000,522.24,1035.02,0.000,0.033
0.000000000,192.609,1.401,0.241,0.000,1.534,87.895,98.111,26.654,53.307,0.000,522.24,1035.02,0.000,0.033
0.000000000,192.680,1.468,0.242,0.000,1.523,87.246,98.239,26.654,53.307,0.000,522.24,1035.02,0.000,0.033
0.000000000,192.781,1.525,0.242,0.000,1.513,86.705,98.352,26.654,53.307,0.000,522.24,1035.02,0.000,0.033
0.000000000,192.889,1.580,0.242,0.000,1.504,86.176,98.466,26.654,53.307,0.000,522.24,1035.02,0.000,0.033
0.000000000,193.026,1.627,0.242,0.000,1.497,85.746,98.564,26.670,53.340,0.000,522.56,1036.23,0.016,0.032
0.000000000,193.081,1.683,0.242,0.000,1.488,85.242,98.683,26.670,53.340,0.000,522.56,1036.23,0.016,0.032
0.000000000,193.181,1.730,0.243,0.000,1.481,84.831,98.785,26.670,53.340,0.000,522.56,1036.23,0.016,0.032
0.000000000,193.281,1.788,0.243,0.000,1.472,84.350,98.909,26.670,53.340,0.000,522.56,1036.23,0.016,0.032
0.000000000,193.381,1.853,0.243,0.000,1.463,83.804,99.057,26.670,53.340,0.000,522.56,1036.23,0.016,0.032
0.000000000,193.481,1.900,0.243,0.000,1.456,83.423,99.164,26.670,53.340,0.000,522.56,1036.23,0.016,0.032
0.000000000,193.581,1.957,0.244,0.000,1.448,82.976,99.295,26.670,53.340,0.000,522.56,1036.23,0.016,0.032
0.000000000,193.681,2.015,0.244,0.000,1.441,82.541,99.429,26.670,53.340,0.000,522.56,1036.23,0.016,0.032
0.000000000,193.780,2.063,0.244,0.000,1.434,82.185,99.543,26.670,53.340,0.000,522.56,1036.23,0.016,0.032
0.000000000,193.881,2.118,0.244,0.000,1.427,81.771,99.681,26.670,53.340,0.000,522.56,1036.23,0.016,0.032
0.000000000,194.060,2.183,0.245,0.000,1.419,81.300,99.845,26.692,53.385,0.000,523.00,1040.46,0.022,0.031
0.000000000,194.082,2.227,0.245,0.000,1.413,80.971,99.964,26.692,53.385,0.000,523.00,1040.46,0.022,0.031
0.000000000,194.181,2.277,0.245,0.000,1.407,80.587,100.109,26.692,53.385,0.000,523.00,1040.46,0.022,0.031
0.000000000,194.281,2.323,0.246,0.000,1.400,80.214,100.256,26.692,53.385,0.000,523.00,1040.46,0.022,0.031
0.000000000,194.380,2.359,0.246,0.000,1.395,79.909,100.379,26.692,53.385,0.000,523.00,1040.46,0.022,0.031
0.000000000,194.481,0.854,0.246,0.000,1.399,80.163,100.472,26.692,53.385,0.000,523.00,1040.46,0.022,0.031
0.000000000,194.606,0.793,0.246,0.000,1.424,81.565,100.508,26.692,53.385,0.000,523.00,1040.46,0.022,0.031
0.000000000,194.681,0.757,0.246,0.000,1.441,82.576,100.536,26.692,53.385,0.000,523.00,1040.46,0.022,0.031
0.000000000,194.781,0.705,0.246,0.000,1.456,83.447,100.571,26.692,53.385,0.000,523.00,1040.46,0.022,0.031
0.000000000,194.882,0.622,0.246,0.000,1.375,78.764,100.598,26.692,53.385,0.000,523.00,1040.46,0.022,0.031
0.000000000,195.032,0.509,0.246,0.000,1.119,64.111,100.623,26.711,53.422,0.000,523.36,1038.03,0.018,0.030
0.000000000,195.080,0.323,0.246,0.000,-0.183,-10.501,100.660,26.711,53.422,0.000,523.36,1038.03,0.018,0.030
0.000000000,195.180,0.302,0.246,0.000,-1.090,-62.468,100.680,26.711,53.422,0.000,523.36,1038.03,0.018,0.030
0.000000000,195.281,0.422,0.246,0.000,-2.057,-117.879,100.729,26.711,53.422,0.000,523.36,1038.03,0.018,0.030
0.000000000,195.382,0.564,0.246,0.000,-2.879,-164.932,100.782,26.711,53.422,0.000,523.36,1038.03,0.018,0.030
0.000000000,195.481,0.847,0.246,0.000,2.119,121.434,100.863,26.711,53.422,0.000,523.36,1038.03,0.018,0.030
0.000000000,195.592,1.168,0.246,0.000,1.518,86.954,100.948,26.711,53.422,0.000,523.36,1038.03,0.018,0.030
0.000000000,195.681,1.627,0.247,0.000,0.444,25.447,101.096,26.711,53.422,0.000,523.36,1038.03,0.018,0.030
0.000000000,195.780,1.841,0.247,0.000,-0.486,-27.842,101.194,26.711,53.422,0.000,523.36,1038.03,0.018,0.030
0.000000000,195.880,2.135,0.247,0.000,-1.477,-84.611,101.378,26.711,53.422,0.000,523.36,1038.03,0.018,0.030
0.000000000,196.021,2.287,0.248,0.000,-2.112,-121.008,101.486,26.719,53.438,0.000,523.52,1045.90,0.008,0.027
0.000000000,196.084,1.031,0.248,0.000,3.026,173.387,101.601,26.719,53.438,0.000,523.52,1045.90,0.008,0.027
0.000000000,196.180,0.720,0.248,0.000,1.943,111.314,101.644,26.719,53.438,0.000,523.52,1045.90,0.008,0.027
0.000000000,196.282,0.680,0.248,0.000,1.513,86.665,101.662,26.719,53.438,0.000,523.52,1045.90,0.008,0.027
0.000000000,196.405,0.564,0.248,0.000,-0.350,-20.037,101.696,26.719,53.438,0.000,523.52,1045.90,0.008,0.027
0.000000000,196.481,0.667,0.248,0.000,-1.285,-73.648,101.733,26.719,53.438,0.000,523.52,1045.90,0.008,0.027
0.000000000,196.581,0.772,0.248,0.000,-2.008,-115.044,101.771,26.719,53.438,0.000,523.52,1045.90,0.008,0.027
0.000000000,196.681,0.730,0.248,0.000,2.644,151.518,101.816,26.719,53.438,0.000,523.52,1045.90,0.008,0.027
0.000000000,196.781,0.673,0.248,0.000,1.798,102.998,101.853,26.719,53.438,0.000,523.52,1045.90,0.008,0.027
0.000000000,196.881,0.764,0.248,0.000,0.868,49.733,101.903,26.719,53.438,0.000,523.52,1045.90,0.008,0.027
0.000000000,197.065,0.812,0.248,0.000,-0.664,-38.062,101.965,26.723,53.446,0.000,523.60,1069.40,0.004,0.025
0.000000000,197.081,0.850,0.248,0.000,-1.519,-87.005,102.010,26.723,53.446,0.000,523.60,1069.40,0.004,0.025
0.000000000,197.181,0.871,0.248,0.000,-2.617,-149.933,102.063,26.723,53.446,0.000,523.60,1069.40,0.004,0.025
0.000000000,197.317,0.761,0.248,0.000,2.583,147.999,102.109,26.723,53.446,0.000,523.60,1069.40,0.004,0.025
0.000000000,197.380,0.715,0.248,0.000,1.734,99.343,102.144,26.723,53.446,0.000,523.60,1069.40,0.004,0.025
0.000000000,197.523,0.817,0.248,0.000,0.476,27.284,102.190,26.723,53.446,0.000,523.60,1069.40,0.004,0.025
0.000000000,197.580,0.877,0.248,0.000,-0.192,-10.974,102.223,26.723,53.446,0.000,523.60,1069.40,0.004,0.025
0.000000000,197.681,0.826,0.248,0.000,-1.191,-68.260,102.280,26.723,53.446,0.000,523.60,1069.40,0.004,0.025
0.000000000,197.781,0.789,0.248,0.000,-2.361,-135.289,102.322,26.723,53.446,0.000,523.60,1069.40,0.004,0.025
0.000000000,197.880,0.740,0.249,0.000,2.719,155.766,102.383,26.723,53.446,0.000,523.60,1069.40,0.004,0.025
0.000000000,198.019,0.754,0.249,0.000,2.038,116.784,102.433,26.723,53.446,0.000,523.60,1109.94,0.000,0.023
0.000000000,198.080,0.822,0.249,0.000,1.652,94.676,102.497,26.723,53.446,0.000,523.60,1109.94,0.000,0.023
0.000000000,198.181,0.880,0.249,0.000,1.274,72.990,102.569,26.723,53.446,0.000,523.60,1109.94,0.000,0.023
0.000000000,198.280,0.890,0.249,0.000,0.766,43.879,102.656,26.723,53.446,0.000,523.60,1109.94,0.000,0.023
0.000000000,198.401,0.872,0.249,0.000,0.380,21.749,102.723,26.723,53.446,0.000,523.60,1109.94,0.000,0.023
0.000000000,198.481,0.781,0.249,0.000,0.056,3.188,102.804,26.723,53.446,0.000,523.60,1109.94,0.000,0.023
0.000000000,198.580,0.637,0.249,0.000,-0.249,-14.248,102.891,26.723,53.446,0.000,523.60,1109.94,0.000,0.023
0.000000000,198.680,0.545,0.249,0.000,-0.503,-28.814,102.974,26.723,53.446,0.000,523.60,1109.94,0.000,0.023
0.000000000,198.780,0.500,0.250,0.000,-0.844,-48.344,103.101,26.723,53.446,0.000,523.60,1109.94,0.000,0.023
0.000000000,198.883,0.417,0.250,0.000,-1.021,-58.521,103.176,26.723,53.446,0.000,523.60,1109.94,0.000,0.023
0.000000000,199.060,0.350,0.250,0.000,-1.231,-70.505,103.271,26.723,53.446,0.000,523.60,1128.96,0.000,0.020
0.000000000,199.081,0.200,0.250,0.000,-1.379,-78.983,103.399,26.723,53.446,0.000,523.60,1128.96,0.000,0.020
0.000000000,199.181,0.122,0.250,0.000,-1.483,-84.967,103.503,26.723,53.446,0.000,523.60,1128.96,0.000,0.020
